solid ASCII
  facet normal 5.451998e-01 6.344252e-16 8.383061e-01
    outer loop
      vertex   -5.376121e+00 -1.870000e+01 8.000000e+01
      vertex   -2.300896e+00 1.200000e+01 7.800000e+01
      vertex   -5.376121e+00 1.870000e+01 8.000000e+01
    endloop
  endfacet
  facet normal 5.451998e-01 0.000000e+00 8.383061e-01
    outer loop
      vertex   -5.376121e+00 1.870000e+01 8.000000e+01
      vertex   -2.300896e+00 1.200000e+01 7.800000e+01
      vertex   -2.300896e+00 1.900000e+01 7.800000e+01
    endloop
  endfacet
  facet normal 5.451998e-01 -6.377435e-09 8.383061e-01
    outer loop
      vertex   -5.376121e+00 1.870000e+01 8.000000e+01
      vertex   -2.300896e+00 1.900000e+01 7.800000e+01
      vertex   -4.242574e+00 5.277084e+01 7.926279e+01
    endloop
  endfacet
  facet normal 5.451999e-01 1.394391e-11 8.383061e-01
    outer loop
      vertex   -4.242574e+00 5.277084e+01 7.926279e+01
      vertex   -2.300896e+00 1.900000e+01 7.800000e+01
      vertex   -4.152687e+00 5.286787e+01 7.920433e+01
    endloop
  endfacet
  facet normal 5.451999e-01 -3.089377e-11 8.383061e-01
    outer loop
      vertex   -4.152687e+00 5.286787e+01 7.920433e+01
      vertex   -2.300896e+00 1.900000e+01 7.800000e+01
      vertex   -3.927783e+00 5.308038e+01 7.905806e+01
    endloop
  endfacet
  facet normal 5.451999e-01 -3.188836e-14 8.383061e-01
    outer loop
      vertex   -3.927783e+00 5.308038e+01 7.905806e+01
      vertex   -2.300896e+00 1.900000e+01 7.800000e+01
      vertex   -3.871417e+00 5.312739e+01 7.902140e+01
    endloop
  endfacet
  facet normal 5.451999e-01 8.348797e-14 8.383061e-01
    outer loop
      vertex   -3.871417e+00 5.312739e+01 7.902140e+01
      vertex   -2.300896e+00 1.900000e+01 7.800000e+01
      vertex   -3.856480e+00 5.313950e+01 7.901169e+01
    endloop
  endfacet
  facet normal 5.469096e-01 1.109251e-04 8.371917e-01
    outer loop
      vertex   -3.856480e+00 5.313950e+01 7.901169e+01
      vertex   -2.300896e+00 1.900000e+01 7.800000e+01
      vertex   -3.847359e+00 5.314672e+01 7.900573e+01
    endloop
  endfacet
  facet normal 4.792848e-01 -4.143334e-03 8.776496e-01
    outer loop
      vertex   -3.847359e+00 5.314672e+01 7.900573e+01
      vertex   -2.300896e+00 1.900000e+01 7.800000e+01
      vertex   -3.847342e+00 5.314673e+01 7.900572e+01
    endloop
  endfacet
  facet normal 5.451998e-01 1.114654e-08 8.383061e-01
    outer loop
      vertex   -5.376122e+00 -4.944961e+01 8.000000e+01
      vertex   -2.300896e+00 -1.900000e+01 7.800000e+01
      vertex   -5.376121e+00 -1.870000e+01 8.000000e+01
    endloop
  endfacet
  facet normal 5.451998e-01 0.000000e+00 8.383061e-01
    outer loop
      vertex   -5.376121e+00 -1.870000e+01 8.000000e+01
      vertex   -2.300896e+00 -1.900000e+01 7.800000e+01
      vertex   -2.300896e+00 -1.200000e+01 7.800000e+01
    endloop
  endfacet
  facet normal 5.451998e-01 0.000000e+00 8.383061e-01
    outer loop
      vertex   -5.376121e+00 -1.870000e+01 8.000000e+01
      vertex   -2.300896e+00 -1.200000e+01 7.800000e+01
      vertex   -2.300896e+00 1.200000e+01 7.800000e+01
    endloop
  endfacet
  facet normal 5.451999e-01 0.000000e+00 8.383061e-01
    outer loop
      vertex   -2.300896e+00 1.200000e+01 7.800000e+01
      vertex   -2.300896e+00 -1.200000e+01 7.800000e+01
      vertex   6.924777e+00 1.200000e+01 7.200000e+01
    endloop
  endfacet
  facet normal 5.451999e-01 0.000000e+00 8.383061e-01
    outer loop
      vertex   6.924777e+00 1.200000e+01 7.200000e+01
      vertex   -2.300896e+00 -1.200000e+01 7.800000e+01
      vertex   6.924777e+00 -1.200000e+01 7.200000e+01
    endloop
  endfacet
  facet normal 5.451999e-01 0.000000e+00 8.383061e-01
    outer loop
      vertex   6.924777e+00 1.200000e+01 7.200000e+01
      vertex   6.924777e+00 -1.200000e+01 7.200000e+01
      vertex   7.983052e+00 1.206834e+01 7.131174e+01
    endloop
  endfacet
  facet normal 5.451999e-01 -1.480698e-15 8.383061e-01
    outer loop
      vertex   7.983052e+00 1.206834e+01 7.131174e+01
      vertex   6.924777e+00 -1.200000e+01 7.200000e+01
      vertex   7.983052e+00 -1.206834e+01 7.131174e+01
    endloop
  endfacet
  facet normal 5.451999e-01 -1.480698e-15 8.383061e-01
    outer loop
      vertex   7.983052e+00 1.206834e+01 7.131174e+01
      vertex   7.983052e+00 -1.206834e+01 7.131174e+01
      vertex   8.499230e+00 1.215313e+01 7.097604e+01
    endloop
  endfacet
  facet normal 5.451999e-01 -2.131856e-15 8.383061e-01
    outer loop
      vertex   8.499230e+00 1.215313e+01 7.097604e+01
      vertex   7.983052e+00 -1.206834e+01 7.131174e+01
      vertex   8.499230e+00 -1.215313e+01 7.097604e+01
    endloop
  endfacet
  facet normal 5.451999e-01 -2.131856e-15 8.383061e-01
    outer loop
      vertex   8.499230e+00 1.215313e+01 7.097604e+01
      vertex   8.499230e+00 -1.215313e+01 7.097604e+01
      vertex   9.000000e+00 1.227069e+01 7.065036e+01
    endloop
  endfacet
  facet normal 5.451999e-01 0.000000e+00 8.383061e-01
    outer loop
      vertex   9.000000e+00 1.227069e+01 7.065036e+01
      vertex   8.499230e+00 -1.215313e+01 7.097604e+01
      vertex   9.000000e+00 -1.227069e+01 7.065036e+01
    endloop
  endfacet
  facet normal 5.451999e-01 9.284241e-10 8.383061e-01
    outer loop
      vertex   -5.326617e+00 -5.021711e+01 7.996781e+01
      vertex   -5.179735e+00 -5.095928e+01 7.987228e+01
      vertex   -5.376122e+00 -4.944961e+01 8.000000e+01
    endloop
  endfacet
  facet normal 5.451999e-01 5.100271e-10 8.383061e-01
    outer loop
      vertex   -5.376122e+00 -4.944961e+01 8.000000e+01
      vertex   -5.179735e+00 -5.095928e+01 7.987228e+01
      vertex   -4.940324e+00 -5.165163e+01 7.971658e+01
    endloop
  endfacet
  facet normal 5.451999e-01 -4.618829e-10 8.383061e-01
    outer loop
      vertex   -5.376122e+00 -4.944961e+01 8.000000e+01
      vertex   -4.940324e+00 -5.165163e+01 7.971658e+01
      vertex   -4.616285e+00 -5.227131e+01 7.950583e+01
    endloop
  endfacet
  facet normal 5.451999e-01 2.252793e-09 8.383061e-01
    outer loop
      vertex   -4.616285e+00 -5.227131e+01 7.950583e+01
      vertex   -4.353140e+00 -5.264040e+01 7.933470e+01
      vertex   -5.376122e+00 -4.944961e+01 8.000000e+01
    endloop
  endfacet
  facet normal 5.451999e-01 1.730717e-11 8.383061e-01
    outer loop
      vertex   -5.376122e+00 -4.944961e+01 8.000000e+01
      vertex   -4.353140e+00 -5.264040e+01 7.933470e+01
      vertex   -2.300896e+00 -1.900000e+01 7.800000e+01
    endloop
  endfacet
  facet normal 5.451999e-01 -2.573539e-11 8.383061e-01
    outer loop
      vertex   -4.353140e+00 -5.264040e+01 7.933470e+01
      vertex   -4.242574e+00 -5.277084e+01 7.926279e+01
      vertex   -2.300896e+00 -1.900000e+01 7.800000e+01
    endloop
  endfacet
  facet normal 5.451999e-01 -1.398552e-11 8.383061e-01
    outer loop
      vertex   -2.300896e+00 -1.900000e+01 7.800000e+01
      vertex   -4.242574e+00 -5.277084e+01 7.926279e+01
      vertex   -4.152687e+00 -5.286787e+01 7.920433e+01
    endloop
  endfacet
  facet normal 5.451999e-01 3.088824e-11 8.383061e-01
    outer loop
      vertex   -2.300896e+00 -1.900000e+01 7.800000e+01
      vertex   -4.152687e+00 -5.286787e+01 7.920433e+01
      vertex   -3.927783e+00 -5.308038e+01 7.905806e+01
    endloop
  endfacet
  facet normal 5.451999e-01 4.685697e-15 8.383061e-01
    outer loop
      vertex   -3.927783e+00 -5.308038e+01 7.905806e+01
      vertex   -3.871417e+00 -5.312739e+01 7.902140e+01
      vertex   -2.300896e+00 -1.900000e+01 7.800000e+01
    endloop
  endfacet
  facet normal 5.451999e-01 5.174445e-14 8.383061e-01
    outer loop
      vertex   -2.300896e+00 -1.900000e+01 7.800000e+01
      vertex   -3.871417e+00 -5.312739e+01 7.902140e+01
      vertex   -3.856480e+00 -5.313950e+01 7.901169e+01
    endloop
  endfacet
  facet normal 5.469010e-01 -1.103670e-04 8.371973e-01
    outer loop
      vertex   -2.300896e+00 -1.900000e+01 7.800000e+01
      vertex   -3.856480e+00 -5.313950e+01 7.901169e+01
      vertex   -3.847363e+00 -5.314671e+01 7.900573e+01
    endloop
  endfacet
  facet normal 4.162497e-01 7.927867e-03 9.092158e-01
    outer loop
      vertex   -3.847363e+00 -5.314671e+01 7.900573e+01
      vertex   -3.847341e+00 -5.314673e+01 7.900572e+01
      vertex   -2.300896e+00 -1.900000e+01 7.800000e+01
    endloop
  endfacet
  facet normal 5.451947e-01 -2.288813e-07 8.383094e-01
    outer loop
      vertex   -2.300896e+00 -1.900000e+01 7.800000e+01
      vertex   -3.847341e+00 -5.314673e+01 7.900572e+01
      vertex   -1.881668e+00 -5.313646e+01 7.772735e+01
    endloop
  endfacet
  facet normal -5.412743e-01 1.265770e-01 -8.312643e-01
    outer loop
      vertex   -1.881668e+00 -5.313646e+01 7.772735e+01
      vertex   -3.847341e+00 -5.314673e+01 7.900572e+01
      vertex   -3.847385e+00 -5.314670e+01 7.900576e+01
    endloop
  endfacet
  facet normal -5.446343e-01 5.259006e-02 -8.370232e-01
    outer loop
      vertex   -1.881668e+00 -5.313646e+01 7.772735e+01
      vertex   -3.847385e+00 -5.314670e+01 7.900576e+01
      vertex   -3.847719e+00 -5.314643e+01 7.900599e+01
    endloop
  endfacet
  facet normal 5.452333e-01 8.095874e-05 8.382844e-01
    outer loop
      vertex   -3.796082e+00 -5.318554e+01 7.897241e+01
      vertex   -3.571624e+00 -5.331711e+01 7.882643e+01
      vertex   -3.847719e+00 -5.314643e+01 7.900599e+01
    endloop
  endfacet
  facet normal 5.452026e-01 1.037619e-05 8.383043e-01
    outer loop
      vertex   -3.847719e+00 -5.314643e+01 7.900599e+01
      vertex   -3.571624e+00 -5.331711e+01 7.882643e+01
      vertex   -3.332720e+00 -5.340512e+01 7.867106e+01
    endloop
  endfacet
  facet normal 5.452005e-01 4.465139e-06 8.383057e-01
    outer loop
      vertex   -3.847719e+00 -5.314643e+01 7.900599e+01
      vertex   -3.332720e+00 -5.340512e+01 7.867106e+01
      vertex   -3.085792e+00 -5.345231e+01 7.851046e+01
    endloop
  endfacet
  facet normal 5.452000e-01 2.532349e-06 8.383060e-01
    outer loop
      vertex   -3.085792e+00 -5.345231e+01 7.851046e+01
      vertex   -2.835092e+00 -5.345998e+01 7.834742e+01
      vertex   -3.847719e+00 -5.314643e+01 7.900599e+01
    endloop
  endfacet
  facet normal 5.451997e-01 1.396246e-06 8.383062e-01
    outer loop
      vertex   -3.847719e+00 -5.314643e+01 7.900599e+01
      vertex   -2.835092e+00 -5.345998e+01 7.834742e+01
      vertex   -2.342472e+00 -5.336319e+01 7.802704e+01
    endloop
  endfacet
  facet normal 5.452013e-01 1.681584e-05 8.383052e-01
    outer loop
      vertex   -3.847719e+00 -5.314643e+01 7.900599e+01
      vertex   -2.342472e+00 -5.336319e+01 7.802704e+01
      vertex   -1.881668e+00 -5.313646e+01 7.772735e+01
    endloop
  endfacet
  facet normal 5.451999e-01 -1.379580e-07 8.383061e-01
    outer loop
      vertex   -2.300896e+00 -1.900000e+01 7.800000e+01
      vertex   -1.881668e+00 -5.313646e+01 7.772735e+01
      vertex   6.924777e+00 -1.900000e+01 7.200000e+01
    endloop
  endfacet
  facet normal 5.451996e-01 -3.161274e-08 8.383062e-01
    outer loop
      vertex   6.924777e+00 -1.900000e+01 7.200000e+01
      vertex   -1.881668e+00 -5.313646e+01 7.772735e+01
      vertex   9.000000e+00 -4.606068e+01 7.065036e+01
    endloop
  endfacet
  facet normal 5.451999e-01 -1.338847e-15 8.383061e-01
    outer loop
      vertex   6.924777e+00 -1.900000e+01 7.200000e+01
      vertex   9.000000e+00 -4.606068e+01 7.065036e+01
      vertex   7.983052e+00 -1.893166e+01 7.131174e+01
    endloop
  endfacet
  facet normal 5.451999e-01 -2.212879e-16 8.383061e-01
    outer loop
      vertex   7.983052e+00 -1.893166e+01 7.131174e+01
      vertex   9.000000e+00 -4.606068e+01 7.065036e+01
      vertex   8.499230e+00 -1.884687e+01 7.097604e+01
    endloop
  endfacet
  facet normal 5.451999e-01 0.000000e+00 8.383061e-01
    outer loop
      vertex   8.499230e+00 -1.884687e+01 7.097604e+01
      vertex   9.000000e+00 -4.606068e+01 7.065036e+01
      vertex   9.000000e+00 -1.872931e+01 7.065036e+01
    endloop
  endfacet
  facet normal 5.451940e-01 2.423014e-07 8.383099e-01
    outer loop
      vertex   -3.847342e+00 5.314673e+01 7.900572e+01
      vertex   -2.300896e+00 1.900000e+01 7.800000e+01
      vertex   -1.881668e+00 5.313646e+01 7.772735e+01
    endloop
  endfacet
  facet normal 5.451999e-01 1.379580e-07 8.383061e-01
    outer loop
      vertex   -1.881668e+00 5.313646e+01 7.772735e+01
      vertex   -2.300896e+00 1.900000e+01 7.800000e+01
      vertex   6.924777e+00 1.900000e+01 7.200000e+01
    endloop
  endfacet
  facet normal 5.451996e-01 3.161274e-08 8.383062e-01
    outer loop
      vertex   -1.881668e+00 5.313646e+01 7.772735e+01
      vertex   6.924777e+00 1.900000e+01 7.200000e+01
      vertex   9.000000e+00 4.606068e+01 7.065036e+01
    endloop
  endfacet
  facet normal 5.451999e-01 2.250815e-15 8.383061e-01
    outer loop
      vertex   9.000000e+00 4.606068e+01 7.065036e+01
      vertex   6.924777e+00 1.900000e+01 7.200000e+01
      vertex   7.983052e+00 1.893166e+01 7.131174e+01
    endloop
  endfacet
  facet normal 5.451999e-01 1.819845e-15 8.383061e-01
    outer loop
      vertex   9.000000e+00 4.606068e+01 7.065036e+01
      vertex   7.983052e+00 1.893166e+01 7.131174e+01
      vertex   8.499230e+00 1.884687e+01 7.097604e+01
    endloop
  endfacet
  facet normal 5.451999e-01 0.000000e+00 8.383061e-01
    outer loop
      vertex   8.499230e+00 1.884687e+01 7.097604e+01
      vertex   9.000000e+00 1.872931e+01 7.065036e+01
      vertex   9.000000e+00 4.606068e+01 7.065036e+01
    endloop
  endfacet
  facet normal 5.452014e-01 -1.653238e-05 8.383051e-01
    outer loop
      vertex   -2.342472e+00 5.336319e+01 7.802704e+01
      vertex   -3.847709e+00 5.314644e+01 7.900598e+01
      vertex   -1.881668e+00 5.313646e+01 7.772735e+01
    endloop
  endfacet
  facet normal -5.445483e-01 -5.590237e-02 -8.368645e-01
    outer loop
      vertex   -1.881668e+00 5.313646e+01 7.772735e+01
      vertex   -3.847709e+00 5.314644e+01 7.900598e+01
      vertex   -3.847374e+00 5.314670e+01 7.900575e+01
    endloop
  endfacet
  facet normal -5.425125e-01 -1.060042e-01 -8.333327e-01
    outer loop
      vertex   -1.881668e+00 5.313646e+01 7.772735e+01
      vertex   -3.847374e+00 5.314670e+01 7.900575e+01
      vertex   -3.847348e+00 5.314672e+01 7.900573e+01
    endloop
  endfacet
  facet normal 5.451998e-01 -8.665428e-07 8.383061e-01
    outer loop
      vertex   -2.342472e+00 5.336319e+01 7.802704e+01
      vertex   -2.835092e+00 5.345998e+01 7.834742e+01
      vertex   -3.847709e+00 5.314644e+01 7.900598e+01
    endloop
  endfacet
  facet normal 5.452000e-01 -1.571656e-06 8.383060e-01
    outer loop
      vertex   -3.847709e+00 5.314644e+01 7.900598e+01
      vertex   -2.835092e+00 5.345998e+01 7.834742e+01
      vertex   -3.085792e+00 5.345231e+01 7.851046e+01
    endloop
  endfacet
  facet normal 5.452003e-01 -2.771239e-06 8.383058e-01
    outer loop
      vertex   -3.847709e+00 5.314644e+01 7.900598e+01
      vertex   -3.085792e+00 5.345231e+01 7.851046e+01
      vertex   -3.332720e+00 5.340512e+01 7.867106e+01
    endloop
  endfacet
  facet normal 5.452016e-01 -6.440006e-06 8.383050e-01
    outer loop
      vertex   -3.332720e+00 5.340512e+01 7.867106e+01
      vertex   -3.571624e+00 5.331711e+01 7.882643e+01
      vertex   -3.847709e+00 5.314644e+01 7.900598e+01
    endloop
  endfacet
  facet normal 5.452206e-01 -5.025557e-05 8.382926e-01
    outer loop
      vertex   -3.847709e+00 5.314644e+01 7.900598e+01
      vertex   -3.571624e+00 5.331711e+01 7.882643e+01
      vertex   -3.796082e+00 5.318554e+01 7.897241e+01
    endloop
  endfacet
  facet normal -4.544231e-01 -5.581326e-01 -6.942533e-01
    outer loop
      vertex   -3.847348e+00 5.314672e+01 7.900573e+01
      vertex   -3.847342e+00 5.314673e+01 7.900572e+01
      vertex   -1.881668e+00 5.313646e+01 7.772735e+01
    endloop
  endfacet
  facet normal 5.451999e-01 -1.049562e-08 8.383060e-01
    outer loop
      vertex   -4.242574e+00 5.277084e+01 7.926279e+01
      vertex   -4.353140e+00 5.264040e+01 7.933470e+01
      vertex   -5.376121e+00 1.870000e+01 8.000000e+01
    endloop
  endfacet
  facet normal 5.451999e-01 -1.114654e-08 8.383060e-01
    outer loop
      vertex   -5.376121e+00 1.870000e+01 8.000000e+01
      vertex   -4.353140e+00 5.264040e+01 7.933470e+01
      vertex   -5.376122e+00 4.944961e+01 8.000000e+01
    endloop
  endfacet
  facet normal 5.451999e-01 -2.253166e-09 8.383061e-01
    outer loop
      vertex   -5.376122e+00 4.944961e+01 8.000000e+01
      vertex   -4.353140e+00 5.264040e+01 7.933470e+01
      vertex   -4.616285e+00 5.227131e+01 7.950583e+01
    endloop
  endfacet
  facet normal 5.451999e-01 4.618152e-10 8.383061e-01
    outer loop
      vertex   -5.376122e+00 4.944961e+01 8.000000e+01
      vertex   -4.616285e+00 5.227131e+01 7.950583e+01
      vertex   -4.940324e+00 5.165163e+01 7.971658e+01
    endloop
  endfacet
  facet normal 5.451999e-01 -5.100868e-10 8.383061e-01
    outer loop
      vertex   -4.940324e+00 5.165163e+01 7.971658e+01
      vertex   -5.179735e+00 5.095928e+01 7.987228e+01
      vertex   -5.376122e+00 4.944961e+01 8.000000e+01
    endloop
  endfacet
  facet normal 5.451999e-01 -9.284836e-10 8.383061e-01
    outer loop
      vertex   -5.376122e+00 4.944961e+01 8.000000e+01
      vertex   -5.179735e+00 5.095928e+01 7.987228e+01
      vertex   -5.326617e+00 5.021711e+01 7.996781e+01
    endloop
  endfacet
  facet normal -1.000000e+00 1.444336e-15 -6.106227e-15
    outer loop
      vertex   -7.376122e+00 -1.200000e+01 6.880000e+01
      vertex   -7.376122e+00 -1.376795e+01 7.100000e+01
      vertex   -7.376122e+00 -1.200000e+01 7.040000e+01
    endloop
  endfacet
  facet normal -1.000000e+00 -7.519343e-16 -1.257772e-14
    outer loop
      vertex   -7.376122e+00 -1.200000e+01 7.040000e+01
      vertex   -7.376122e+00 -1.376795e+01 7.100000e+01
      vertex   -7.376122e+00 -1.356815e+01 7.148236e+01
    endloop
  endfacet
  facet normal -1.000000e+00 -2.501884e-15 -1.511308e-14
    outer loop
      vertex   -7.376122e+00 -1.200000e+01 7.040000e+01
      vertex   -7.376122e+00 -1.356815e+01 7.148236e+01
      vertex   -7.376122e+00 -1.350000e+01 7.200000e+01
    endloop
  endfacet
  facet normal -1.000000e+00 -8.628019e-15 -2.074447e-14
    outer loop
      vertex   -7.376122e+00 -1.550000e+01 6.880000e+01
      vertex   -7.376122e+00 -1.450000e+01 7.026795e+01
      vertex   -7.376122e+00 -1.200000e+01 6.880000e+01
    endloop
  endfacet
  facet normal -1.000000e+00 -2.635066e-15 -1.053814e-14
    outer loop
      vertex   -7.376122e+00 -1.200000e+01 6.880000e+01
      vertex   -7.376122e+00 -1.450000e+01 7.026795e+01
      vertex   -7.376122e+00 -1.408579e+01 7.058579e+01
    endloop
  endfacet
  facet normal -1.000000e+00 5.309923e-16 -6.840202e-15
    outer loop
      vertex   -7.376122e+00 -1.200000e+01 6.880000e+01
      vertex   -7.376122e+00 -1.408579e+01 7.058579e+01
      vertex   -7.376122e+00 -1.376795e+01 7.100000e+01
    endloop
  endfacet
  facet normal -1.000000e+00 2.337494e-15 -3.404684e-14
    outer loop
      vertex   -7.376122e+00 -1.612429e+01 6.886149e+01
      vertex   -7.376122e+00 -1.550000e+01 7.000000e+01
      vertex   -7.376122e+00 -1.550000e+01 6.880000e+01
    endloop
  endfacet
  facet normal -1.000000e+00 6.198180e-15 -3.404684e-14
    outer loop
      vertex   -7.376122e+00 -1.550000e+01 6.880000e+01
      vertex   -7.376122e+00 -1.550000e+01 7.000000e+01
      vertex   -7.376122e+00 -1.498236e+01 7.006815e+01
    endloop
  endfacet
  facet normal -1.000000e+00 1.792703e-14 -3.883437e-14
    outer loop
      vertex   -7.376122e+00 -1.550000e+01 6.880000e+01
      vertex   -7.376122e+00 -1.498236e+01 7.006815e+01
      vertex   -7.376122e+00 -1.450000e+01 7.026795e+01
    endloop
  endfacet
  facet normal -1.000000e+00 2.378038e-15 -3.406907e-14
    outer loop
      vertex   -7.376122e+00 -1.550000e+01 7.000000e+01
      vertex   -7.376122e+00 -1.612429e+01 6.886149e+01
      vertex   -7.376122e+00 -1.601764e+01 7.006815e+01
    endloop
  endfacet
  facet normal -1.000000e+00 -8.561864e-15 -3.310215e-14
    outer loop
      vertex   -7.376122e+00 -1.601764e+01 7.006815e+01
      vertex   -7.376122e+00 -1.612429e+01 6.886149e+01
      vertex   -7.376122e+00 -1.672459e+01 6.904359e+01
    endloop
  endfacet
  facet normal -1.000000e+00 -5.406600e-15 -3.527928e-14
    outer loop
      vertex   -7.376122e+00 -1.601764e+01 7.006815e+01
      vertex   -7.376122e+00 -1.672459e+01 6.904359e+01
      vertex   -7.376122e+00 -1.650000e+01 7.026795e+01
    endloop
  endfacet
  facet normal -1.000000e+00 -1.180787e-14 -3.410508e-14
    outer loop
      vertex   -7.376122e+00 -1.650000e+01 7.026795e+01
      vertex   -7.376122e+00 -1.672459e+01 6.904359e+01
      vertex   -7.376122e+00 -1.727782e+01 6.933930e+01
    endloop
  endfacet
  facet normal -1.000000e+00 -8.802826e-15 -3.662206e-14
    outer loop
      vertex   -7.376122e+00 -1.650000e+01 7.026795e+01
      vertex   -7.376122e+00 -1.727782e+01 6.933930e+01
      vertex   -7.376122e+00 -1.691421e+01 7.058579e+01
    endloop
  endfacet
  facet normal -1.000000e+00 -1.856085e-14 -3.377557e-14
    outer loop
      vertex   -7.376122e+00 -1.691421e+01 7.058579e+01
      vertex   -7.376122e+00 -1.727782e+01 6.933930e+01
      vertex   -7.376122e+00 -1.776274e+01 6.973726e+01
    endloop
  endfacet
  facet normal -1.000000e+00 -1.990712e-14 -3.242929e-14
    outer loop
      vertex   -7.376122e+00 -1.691421e+01 7.058579e+01
      vertex   -7.376122e+00 -1.776274e+01 6.973726e+01
      vertex   -7.376122e+00 -1.723205e+01 7.100000e+01
    endloop
  endfacet
  facet normal -1.000000e+00 -2.254275e-14 -3.132162e-14
    outer loop
      vertex   -7.376122e+00 -1.723205e+01 7.100000e+01
      vertex   -7.376122e+00 -1.776274e+01 6.973726e+01
      vertex   -7.376122e+00 -1.816070e+01 7.022218e+01
    endloop
  endfacet
  facet normal -1.000000e+00 -2.590835e-14 -2.730339e-14
    outer loop
      vertex   -7.376122e+00 -1.723205e+01 7.100000e+01
      vertex   -7.376122e+00 -1.816070e+01 7.022218e+01
      vertex   -7.376122e+00 -1.743185e+01 7.148236e+01
    endloop
  endfacet
  facet normal -1.000000e+00 -2.645804e-14 -2.698547e-14
    outer loop
      vertex   -7.376122e+00 -1.743185e+01 7.148236e+01
      vertex   -7.376122e+00 -1.816070e+01 7.022218e+01
      vertex   -7.376122e+00 -1.845641e+01 7.077541e+01
    endloop
  endfacet
  facet normal -1.000000e+00 -2.883385e-14 -2.354228e-14
    outer loop
      vertex   -7.376122e+00 -1.743185e+01 7.148236e+01
      vertex   -7.376122e+00 -1.845641e+01 7.077541e+01
      vertex   -7.376122e+00 -1.863851e+01 7.137571e+01
    endloop
  endfacet
  facet normal -1.000000e+00 -3.595579e-14 5.703617e-14
    outer loop
      vertex   -7.376122e+00 -1.743185e+01 7.148236e+01
      vertex   -7.376122e+00 -1.863851e+01 7.137571e+01
      vertex   -7.376122e+00 -1.750000e+01 7.200000e+01
    endloop
  endfacet
  facet normal -1.000000e+00 -0.000000e+00 -8.536223e-15
    outer loop
      vertex   -7.376122e+00 -1.750000e+01 7.200000e+01
      vertex   -7.376122e+00 -1.863851e+01 7.137571e+01
      vertex   -7.376122e+00 -1.870000e+01 7.200000e+01
    endloop
  endfacet
  facet normal -1.000000e+00 -0.000000e+00 -9.265476e-14
    outer loop
      vertex   -7.376122e+00 -1.750000e+01 7.200000e+01
      vertex   -7.376122e+00 -1.870000e+01 7.200000e+01
      vertex   -7.376122e+00 -1.743185e+01 7.251764e+01
    endloop
  endfacet
  facet normal -1.000000e+00 -4.008865e-14 5.557394e-15
    outer loop
      vertex   -7.376122e+00 -1.743185e+01 7.251764e+01
      vertex   -7.376122e+00 -1.870000e+01 7.200000e+01
      vertex   -7.376122e+00 -1.723205e+01 7.300000e+01
    endloop
  endfacet
  facet normal -1.000000e+00 -2.866411e-14 -1.121325e-14
    outer loop
      vertex   -7.376122e+00 -1.723205e+01 7.300000e+01
      vertex   -7.376122e+00 -1.870000e+01 7.200000e+01
      vertex   -7.376122e+00 -1.870000e+01 8.000000e+01
    endloop
  endfacet
  facet normal -1.000000e+00 -3.454150e-15 -5.926547e-15
    outer loop
      vertex   -7.376122e+00 -1.723205e+01 7.300000e+01
      vertex   -7.376122e+00 -1.870000e+01 8.000000e+01
      vertex   -7.376122e+00 -1.691421e+01 7.341421e+01
    endloop
  endfacet
  facet normal -1.000000e+00 -5.705278e-15 -6.536958e-15
    outer loop
      vertex   -7.376122e+00 -1.691421e+01 7.341421e+01
      vertex   -7.376122e+00 -1.870000e+01 8.000000e+01
      vertex   -7.376122e+00 -1.650000e+01 7.373205e+01
    endloop
  endfacet
  facet normal -1.000000e+00 4.855006e-15 -2.830383e-15
    outer loop
      vertex   -7.376122e+00 -1.650000e+01 7.373205e+01
      vertex   -7.376122e+00 -1.870000e+01 8.000000e+01
      vertex   -7.376122e+00 -1.601764e+01 7.393185e+01
    endloop
  endfacet
  facet normal -1.000000e+00 2.240603e-15 -3.986053e-15
    outer loop
      vertex   -7.376122e+00 -1.601764e+01 7.393185e+01
      vertex   -7.376122e+00 -1.870000e+01 8.000000e+01
      vertex   -7.376122e+00 -1.550000e+01 7.400000e+01
    endloop
  endfacet
  facet normal -1.000000e+00 -2.918301e-15 -6.737468e-15
    outer loop
      vertex   -7.376122e+00 -1.550000e+01 7.400000e+01
      vertex   -7.376122e+00 -1.870000e+01 8.000000e+01
      vertex   -7.376122e+00 -1.170000e+01 8.000000e+01
    endloop
  endfacet
  facet normal -1.000000e+00 3.707983e-15 -1.093411e-14
    outer loop
      vertex   -7.376122e+00 -1.550000e+01 7.400000e+01
      vertex   -7.376122e+00 -1.170000e+01 8.000000e+01
      vertex   -7.376122e+00 -1.498236e+01 7.393185e+01
    endloop
  endfacet
  facet normal -1.000000e+00 6.004307e-15 -1.217623e-14
    outer loop
      vertex   -7.376122e+00 -1.498236e+01 7.393185e+01
      vertex   -7.376122e+00 -1.170000e+01 8.000000e+01
      vertex   -7.376122e+00 -1.450000e+01 7.373205e+01
    endloop
  endfacet
  facet normal -1.000000e+00 7.349696e-15 -1.277724e-14
    outer loop
      vertex   -7.376122e+00 -1.450000e+01 7.373205e+01
      vertex   -7.376122e+00 -1.170000e+01 8.000000e+01
      vertex   -7.376122e+00 -1.408579e+01 7.341421e+01
    endloop
  endfacet
  facet normal -1.000000e+00 8.129988e-15 -1.305991e-14
    outer loop
      vertex   -7.376122e+00 -1.408579e+01 7.341421e+01
      vertex   -7.376122e+00 -1.170000e+01 8.000000e+01
      vertex   -7.376122e+00 -1.376795e+01 7.300000e+01
    endloop
  endfacet
  facet normal -1.000000e+00 8.333385e-15 -1.312000e-14
    outer loop
      vertex   -7.376122e+00 -1.376795e+01 7.300000e+01
      vertex   -7.376122e+00 -1.170000e+01 8.000000e+01
      vertex   -7.376122e+00 -1.356815e+01 7.251764e+01
    endloop
  endfacet
  facet normal -1.000000e+00 1.733985e-15 -1.147230e-14
    outer loop
      vertex   -7.376122e+00 -1.356815e+01 7.251764e+01
      vertex   -7.376122e+00 -1.170000e+01 8.000000e+01
      vertex   -7.376122e+00 -1.170000e+01 7.040000e+01
    endloop
  endfacet
  facet normal -1.000000e+00 0.000000e+00 -1.300200e-14
    outer loop
      vertex   -7.376122e+00 -1.356815e+01 7.251764e+01
      vertex   -7.376122e+00 -1.170000e+01 7.040000e+01
      vertex   -7.376122e+00 -1.200000e+01 7.040000e+01
    endloop
  endfacet
  facet normal -1.000000e+00 -1.190134e-15 -1.388332e-14
    outer loop
      vertex   -7.376122e+00 -1.350000e+01 7.200000e+01
      vertex   -7.376122e+00 -1.356815e+01 7.251764e+01
      vertex   -7.376122e+00 -1.200000e+01 7.040000e+01
    endloop
  endfacet
  facet normal -0.000000e+00 -1.000000e+00 0.000000e+00
    outer loop
      vertex   -7.376122e+00 -1.170000e+01 7.040000e+01
      vertex   -7.376122e+00 -1.170000e+01 8.000000e+01
      vertex   -1.037612e+01 -1.170000e+01 7.040000e+01
    endloop
  endfacet
  facet normal 0.000000e+00 -1.000000e+00 0.000000e+00
    outer loop
      vertex   -1.037612e+01 -1.170000e+01 7.040000e+01
      vertex   -7.376122e+00 -1.170000e+01 8.000000e+01
      vertex   -1.037612e+01 -1.170000e+01 8.000000e+01
    endloop
  endfacet
  facet normal 0.000000e+00 1.000000e+00 -0.000000e+00
    outer loop
      vertex   -7.376122e+00 -1.200000e+01 6.880000e+01
      vertex   -7.376122e+00 -1.200000e+01 7.040000e+01
      vertex   -5.376122e+00 -1.200000e+01 6.880000e+01
    endloop
  endfacet
  facet normal 0.000000e+00 1.000000e+00 0.000000e+00
    outer loop
      vertex   -5.376122e+00 -1.200000e+01 6.880000e+01
      vertex   -7.376122e+00 -1.200000e+01 7.040000e+01
      vertex   -5.376122e+00 -1.200000e+01 7.040000e+01
    endloop
  endfacet
  facet normal 0.000000e+00 0.000000e+00 -1.000000e+00
    outer loop
      vertex   -7.376122e+00 -1.200000e+01 6.880000e+01
      vertex   -5.376122e+00 -1.200000e+01 6.880000e+01
      vertex   -7.376122e+00 -1.550000e+01 6.880000e+01
    endloop
  endfacet
  facet normal 0.000000e+00 0.000000e+00 -1.000000e+00
    outer loop
      vertex   -7.376122e+00 -1.550000e+01 6.880000e+01
      vertex   -5.376122e+00 -1.200000e+01 6.880000e+01
      vertex   -5.376122e+00 -1.550000e+01 6.880000e+01
    endloop
  endfacet
  facet normal 0.000000e+00 -1.000000e+00 0.000000e+00
    outer loop
      vertex   -7.376122e+00 -1.870000e+01 7.200000e+01
      vertex   -5.376122e+00 -1.870000e+01 7.200000e+01
      vertex   -7.376122e+00 -1.870000e+01 8.000000e+01
    endloop
  endfacet
  facet normal 0.000000e+00 -1.000000e+00 0.000000e+00
    outer loop
      vertex   -7.376122e+00 -1.870000e+01 8.000000e+01
      vertex   -5.376122e+00 -1.870000e+01 7.200000e+01
      vertex   -5.376121e+00 -1.870000e+01 8.000000e+01
    endloop
  endfacet
  facet normal -0.000000e+00 -9.951847e-01 -9.801714e-02
    outer loop
      vertex   -5.376122e+00 -1.870000e+01 7.200000e+01
      vertex   -7.376122e+00 -1.870000e+01 7.200000e+01
      vertex   -5.376122e+00 -1.863851e+01 7.137571e+01
    endloop
  endfacet
  facet normal 2.367790e-14 -9.951847e-01 -9.801714e-02
    outer loop
      vertex   -5.376122e+00 -1.863851e+01 7.137571e+01
      vertex   -7.376122e+00 -1.870000e+01 7.200000e+01
      vertex   -7.376122e+00 -1.863851e+01 7.137571e+01
    endloop
  endfacet
  facet normal 2.416087e-14 -9.569403e-01 -2.902847e-01
    outer loop
      vertex   -5.376122e+00 -1.863851e+01 7.137571e+01
      vertex   -7.376122e+00 -1.863851e+01 7.137571e+01
      vertex   -5.376122e+00 -1.845641e+01 7.077541e+01
    endloop
  endfacet
  facet normal 2.962321e-14 -9.569403e-01 -2.902847e-01
    outer loop
      vertex   -5.376122e+00 -1.845641e+01 7.077541e+01
      vertex   -7.376122e+00 -1.863851e+01 7.137571e+01
      vertex   -7.376122e+00 -1.845641e+01 7.077541e+01
    endloop
  endfacet
  facet normal 3.019805e-14 -8.819213e-01 -4.713967e-01
    outer loop
      vertex   -5.376122e+00 -1.845641e+01 7.077541e+01
      vertex   -7.376122e+00 -1.845641e+01 7.077541e+01
      vertex   -5.376122e+00 -1.816070e+01 7.022218e+01
    endloop
  endfacet
  facet normal 3.511414e-14 -8.819213e-01 -4.713967e-01
    outer loop
      vertex   -5.376122e+00 -1.816070e+01 7.022218e+01
      vertex   -7.376122e+00 -1.845641e+01 7.077541e+01
      vertex   -7.376122e+00 -1.816070e+01 7.022218e+01
    endloop
  endfacet
  facet normal 3.549318e-14 -7.730105e-01 -6.343933e-01
    outer loop
      vertex   -5.376122e+00 -1.816070e+01 7.022218e+01
      vertex   -7.376122e+00 -1.816070e+01 7.022218e+01
      vertex   -5.376122e+00 -1.776274e+01 6.973726e+01
    endloop
  endfacet
  facet normal 3.725454e-14 -7.730105e-01 -6.343933e-01
    outer loop
      vertex   -5.376122e+00 -1.776274e+01 6.973726e+01
      vertex   -7.376122e+00 -1.816070e+01 7.022218e+01
      vertex   -7.376122e+00 -1.776274e+01 6.973726e+01
    endloop
  endfacet
  facet normal 3.774700e-14 -6.343933e-01 -7.730105e-01
    outer loop
      vertex   -5.376122e+00 -1.776274e+01 6.973726e+01
      vertex   -7.376122e+00 -1.776274e+01 6.973726e+01
      vertex   -5.376122e+00 -1.727782e+01 6.933930e+01
    endloop
  endfacet
  facet normal 3.436628e-14 -6.343933e-01 -7.730105e-01
    outer loop
      vertex   -5.376122e+00 -1.727782e+01 6.933930e+01
      vertex   -7.376122e+00 -1.776274e+01 6.973726e+01
      vertex   -7.376122e+00 -1.727782e+01 6.933930e+01
    endloop
  endfacet
  facet normal 3.427677e-14 -4.713967e-01 -8.819213e-01
    outer loop
      vertex   -5.376122e+00 -1.727782e+01 6.933930e+01
      vertex   -7.376122e+00 -1.727782e+01 6.933930e+01
      vertex   -5.376122e+00 -1.672459e+01 6.904359e+01
    endloop
  endfacet
  facet normal 3.092729e-14 -4.713967e-01 -8.819213e-01
    outer loop
      vertex   -5.376122e+00 -1.672459e+01 6.904359e+01
      vertex   -7.376122e+00 -1.727782e+01 6.933930e+01
      vertex   -7.376122e+00 -1.672459e+01 6.904359e+01
    endloop
  endfacet
  facet normal 3.080742e-14 -2.902847e-01 -9.569403e-01
    outer loop
      vertex   -5.376122e+00 -1.672459e+01 6.904359e+01
      vertex   -7.376122e+00 -1.672459e+01 6.904359e+01
      vertex   -5.376122e+00 -1.612429e+01 6.886149e+01
    endloop
  endfacet
  facet normal 1.514589e-14 -2.902847e-01 -9.569403e-01
    outer loop
      vertex   -5.376122e+00 -1.612429e+01 6.886149e+01
      vertex   -7.376122e+00 -1.672459e+01 6.904359e+01
      vertex   -7.376122e+00 -1.612429e+01 6.886149e+01
    endloop
  endfacet
  facet normal 1.466477e-14 -9.801714e-02 -9.951847e-01
    outer loop
      vertex   -5.376122e+00 -1.612429e+01 6.886149e+01
      vertex   -7.376122e+00 -1.612429e+01 6.886149e+01
      vertex   -5.376122e+00 -1.550000e+01 6.880000e+01
    endloop
  endfacet
  facet normal -0.000000e+00 -9.801714e-02 -9.951847e-01
    outer loop
      vertex   -5.376122e+00 -1.550000e+01 6.880000e+01
      vertex   -7.376122e+00 -1.612429e+01 6.886149e+01
      vertex   -7.376122e+00 -1.550000e+01 6.880000e+01
    endloop
  endfacet
  facet normal 3.315866e-14 0.000000e+00 -1.000000e+00
    outer loop
      vertex   -1.037612e+01 1.170000e+01 7.040000e+01
      vertex   -7.376122e+00 1.170000e+01 7.040000e+01
      vertex   -1.037612e+01 -1.170000e+01 7.040000e+01
    endloop
  endfacet
  facet normal 3.315866e-14 0.000000e+00 -1.000000e+00
    outer loop
      vertex   -1.037612e+01 -1.170000e+01 7.040000e+01
      vertex   -7.376122e+00 1.170000e+01 7.040000e+01
      vertex   -7.376122e+00 -1.170000e+01 7.040000e+01
    endloop
  endfacet
  facet normal 0.000000e+00 0.000000e+00 -1.000000e+00
    outer loop
      vertex   -7.376122e+00 -1.170000e+01 7.040000e+01
      vertex   -7.376122e+00 1.170000e+01 7.040000e+01
      vertex   -5.376122e+00 -1.200000e+01 7.040000e+01
    endloop
  endfacet
  facet normal 0.000000e+00 0.000000e+00 -1.000000e+00
    outer loop
      vertex   -7.376122e+00 -1.170000e+01 7.040000e+01
      vertex   -5.376122e+00 -1.200000e+01 7.040000e+01
      vertex   -7.376122e+00 -1.200000e+01 7.040000e+01
    endloop
  endfacet
  facet normal 0.000000e+00 0.000000e+00 -1.000000e+00
    outer loop
      vertex   -7.376122e+00 1.200000e+01 7.040000e+01
      vertex   -5.376122e+00 1.200000e+01 7.040000e+01
      vertex   -7.376122e+00 1.170000e+01 7.040000e+01
    endloop
  endfacet
  facet normal 0.000000e+00 0.000000e+00 -1.000000e+00
    outer loop
      vertex   -7.376122e+00 1.170000e+01 7.040000e+01
      vertex   -5.376122e+00 1.200000e+01 7.040000e+01
      vertex   -5.376122e+00 -1.200000e+01 7.040000e+01
    endloop
  endfacet
  facet normal -1.000000e+00 -1.444336e-15 -6.106227e-15
    outer loop
      vertex   -7.376122e+00 1.200000e+01 7.040000e+01
      vertex   -7.376122e+00 1.376795e+01 7.100000e+01
      vertex   -7.376122e+00 1.200000e+01 6.880000e+01
    endloop
  endfacet
  facet normal -1.000000e+00 -5.309923e-16 -6.840202e-15
    outer loop
      vertex   -7.376122e+00 1.200000e+01 6.880000e+01
      vertex   -7.376122e+00 1.376795e+01 7.100000e+01
      vertex   -7.376122e+00 1.408579e+01 7.058579e+01
    endloop
  endfacet
  facet normal -1.000000e+00 2.635066e-15 -1.053814e-14
    outer loop
      vertex   -7.376122e+00 1.200000e+01 6.880000e+01
      vertex   -7.376122e+00 1.408579e+01 7.058579e+01
      vertex   -7.376122e+00 1.450000e+01 7.026795e+01
    endloop
  endfacet
  facet normal -1.000000e+00 0.000000e+00 -1.300200e-14
    outer loop
      vertex   -7.376122e+00 1.170000e+01 7.040000e+01
      vertex   -7.376122e+00 1.356815e+01 7.251764e+01
      vertex   -7.376122e+00 1.200000e+01 7.040000e+01
    endloop
  endfacet
  facet normal -1.000000e+00 1.190134e-15 -1.388332e-14
    outer loop
      vertex   -7.376122e+00 1.200000e+01 7.040000e+01
      vertex   -7.376122e+00 1.356815e+01 7.251764e+01
      vertex   -7.376122e+00 1.350000e+01 7.200000e+01
    endloop
  endfacet
  facet normal -1.000000e+00 2.501884e-15 -1.511308e-14
    outer loop
      vertex   -7.376122e+00 1.200000e+01 7.040000e+01
      vertex   -7.376122e+00 1.350000e+01 7.200000e+01
      vertex   -7.376122e+00 1.356815e+01 7.148236e+01
    endloop
  endfacet
  facet normal -1.000000e+00 -1.733985e-15 -1.147230e-14
    outer loop
      vertex   -7.376122e+00 1.170000e+01 7.040000e+01
      vertex   -7.376122e+00 1.170000e+01 8.000000e+01
      vertex   -7.376122e+00 1.356815e+01 7.251764e+01
    endloop
  endfacet
  facet normal -1.000000e+00 -8.333385e-15 -1.312000e-14
    outer loop
      vertex   -7.376122e+00 1.356815e+01 7.251764e+01
      vertex   -7.376122e+00 1.170000e+01 8.000000e+01
      vertex   -7.376122e+00 1.376795e+01 7.300000e+01
    endloop
  endfacet
  facet normal -1.000000e+00 -8.129988e-15 -1.305991e-14
    outer loop
      vertex   -7.376122e+00 1.376795e+01 7.300000e+01
      vertex   -7.376122e+00 1.170000e+01 8.000000e+01
      vertex   -7.376122e+00 1.408579e+01 7.341421e+01
    endloop
  endfacet
  facet normal -1.000000e+00 -7.349696e-15 -1.277724e-14
    outer loop
      vertex   -7.376122e+00 1.408579e+01 7.341421e+01
      vertex   -7.376122e+00 1.170000e+01 8.000000e+01
      vertex   -7.376122e+00 1.450000e+01 7.373205e+01
    endloop
  endfacet
  facet normal -1.000000e+00 -6.004307e-15 -1.217623e-14
    outer loop
      vertex   -7.376122e+00 1.450000e+01 7.373205e+01
      vertex   -7.376122e+00 1.170000e+01 8.000000e+01
      vertex   -7.376122e+00 1.498236e+01 7.393185e+01
    endloop
  endfacet
  facet normal -1.000000e+00 -3.707983e-15 -1.093411e-14
    outer loop
      vertex   -7.376122e+00 1.498236e+01 7.393185e+01
      vertex   -7.376122e+00 1.170000e+01 8.000000e+01
      vertex   -7.376122e+00 1.550000e+01 7.400000e+01
    endloop
  endfacet
  facet normal -1.000000e+00 2.918301e-15 -6.737468e-15
    outer loop
      vertex   -7.376122e+00 1.550000e+01 7.400000e+01
      vertex   -7.376122e+00 1.170000e+01 8.000000e+01
      vertex   -7.376122e+00 1.870000e+01 8.000000e+01
    endloop
  endfacet
  facet normal -1.000000e+00 -2.240603e-15 -3.986053e-15
    outer loop
      vertex   -7.376122e+00 1.550000e+01 7.400000e+01
      vertex   -7.376122e+00 1.870000e+01 8.000000e+01
      vertex   -7.376122e+00 1.601764e+01 7.393185e+01
    endloop
  endfacet
  facet normal -1.000000e+00 -4.855006e-15 -2.830383e-15
    outer loop
      vertex   -7.376122e+00 1.601764e+01 7.393185e+01
      vertex   -7.376122e+00 1.870000e+01 8.000000e+01
      vertex   -7.376122e+00 1.650000e+01 7.373205e+01
    endloop
  endfacet
  facet normal -1.000000e+00 5.705278e-15 -6.536958e-15
    outer loop
      vertex   -7.376122e+00 1.650000e+01 7.373205e+01
      vertex   -7.376122e+00 1.870000e+01 8.000000e+01
      vertex   -7.376122e+00 1.691421e+01 7.341421e+01
    endloop
  endfacet
  facet normal -1.000000e+00 3.454150e-15 -5.926547e-15
    outer loop
      vertex   -7.376122e+00 1.691421e+01 7.341421e+01
      vertex   -7.376122e+00 1.870000e+01 8.000000e+01
      vertex   -7.376122e+00 1.723205e+01 7.300000e+01
    endloop
  endfacet
  facet normal -1.000000e+00 2.866411e-14 -1.121325e-14
    outer loop
      vertex   -7.376122e+00 1.723205e+01 7.300000e+01
      vertex   -7.376122e+00 1.870000e+01 8.000000e+01
      vertex   -7.376122e+00 1.870000e+01 7.200000e+01
    endloop
  endfacet
  facet normal -1.000000e+00 4.008865e-14 5.557394e-15
    outer loop
      vertex   -7.376122e+00 1.723205e+01 7.300000e+01
      vertex   -7.376122e+00 1.870000e+01 7.200000e+01
      vertex   -7.376122e+00 1.743185e+01 7.251764e+01
    endloop
  endfacet
  facet normal -1.000000e+00 0.000000e+00 -9.265476e-14
    outer loop
      vertex   -7.376122e+00 1.743185e+01 7.251764e+01
      vertex   -7.376122e+00 1.870000e+01 7.200000e+01
      vertex   -7.376122e+00 1.750000e+01 7.200000e+01
    endloop
  endfacet
  facet normal -1.000000e+00 0.000000e+00 -8.536223e-15
    outer loop
      vertex   -7.376122e+00 1.750000e+01 7.200000e+01
      vertex   -7.376122e+00 1.870000e+01 7.200000e+01
      vertex   -7.376122e+00 1.863851e+01 7.137571e+01
    endloop
  endfacet
  facet normal -1.000000e+00 3.595579e-14 5.703617e-14
    outer loop
      vertex   -7.376122e+00 1.750000e+01 7.200000e+01
      vertex   -7.376122e+00 1.863851e+01 7.137571e+01
      vertex   -7.376122e+00 1.743185e+01 7.148236e+01
    endloop
  endfacet
  facet normal -1.000000e+00 2.883385e-14 -2.354228e-14
    outer loop
      vertex   -7.376122e+00 1.743185e+01 7.148236e+01
      vertex   -7.376122e+00 1.863851e+01 7.137571e+01
      vertex   -7.376122e+00 1.845641e+01 7.077541e+01
    endloop
  endfacet
  facet normal -1.000000e+00 2.645804e-14 -2.698547e-14
    outer loop
      vertex   -7.376122e+00 1.743185e+01 7.148236e+01
      vertex   -7.376122e+00 1.845641e+01 7.077541e+01
      vertex   -7.376122e+00 1.816070e+01 7.022218e+01
    endloop
  endfacet
  facet normal -1.000000e+00 2.590835e-14 -2.730339e-14
    outer loop
      vertex   -7.376122e+00 1.743185e+01 7.148236e+01
      vertex   -7.376122e+00 1.816070e+01 7.022218e+01
      vertex   -7.376122e+00 1.723205e+01 7.100000e+01
    endloop
  endfacet
  facet normal -1.000000e+00 2.254275e-14 -3.132162e-14
    outer loop
      vertex   -7.376122e+00 1.723205e+01 7.100000e+01
      vertex   -7.376122e+00 1.816070e+01 7.022218e+01
      vertex   -7.376122e+00 1.776274e+01 6.973726e+01
    endloop
  endfacet
  facet normal -1.000000e+00 1.990712e-14 -3.242929e-14
    outer loop
      vertex   -7.376122e+00 1.723205e+01 7.100000e+01
      vertex   -7.376122e+00 1.776274e+01 6.973726e+01
      vertex   -7.376122e+00 1.691421e+01 7.058579e+01
    endloop
  endfacet
  facet normal -1.000000e+00 1.856085e-14 -3.377557e-14
    outer loop
      vertex   -7.376122e+00 1.691421e+01 7.058579e+01
      vertex   -7.376122e+00 1.776274e+01 6.973726e+01
      vertex   -7.376122e+00 1.727782e+01 6.933930e+01
    endloop
  endfacet
  facet normal -1.000000e+00 8.802826e-15 -3.662206e-14
    outer loop
      vertex   -7.376122e+00 1.691421e+01 7.058579e+01
      vertex   -7.376122e+00 1.727782e+01 6.933930e+01
      vertex   -7.376122e+00 1.650000e+01 7.026795e+01
    endloop
  endfacet
  facet normal -1.000000e+00 1.180787e-14 -3.410508e-14
    outer loop
      vertex   -7.376122e+00 1.650000e+01 7.026795e+01
      vertex   -7.376122e+00 1.727782e+01 6.933930e+01
      vertex   -7.376122e+00 1.672459e+01 6.904359e+01
    endloop
  endfacet
  facet normal -1.000000e+00 5.406600e-15 -3.527928e-14
    outer loop
      vertex   -7.376122e+00 1.650000e+01 7.026795e+01
      vertex   -7.376122e+00 1.672459e+01 6.904359e+01
      vertex   -7.376122e+00 1.601764e+01 7.006815e+01
    endloop
  endfacet
  facet normal -1.000000e+00 8.561864e-15 -3.310215e-14
    outer loop
      vertex   -7.376122e+00 1.601764e+01 7.006815e+01
      vertex   -7.376122e+00 1.672459e+01 6.904359e+01
      vertex   -7.376122e+00 1.612429e+01 6.886149e+01
    endloop
  endfacet
  facet normal -1.000000e+00 -2.378038e-15 -3.406907e-14
    outer loop
      vertex   -7.376122e+00 1.601764e+01 7.006815e+01
      vertex   -7.376122e+00 1.612429e+01 6.886149e+01
      vertex   -7.376122e+00 1.550000e+01 7.000000e+01
    endloop
  endfacet
  facet normal -1.000000e+00 -2.337494e-15 -3.404684e-14
    outer loop
      vertex   -7.376122e+00 1.550000e+01 7.000000e+01
      vertex   -7.376122e+00 1.612429e+01 6.886149e+01
      vertex   -7.376122e+00 1.550000e+01 6.880000e+01
    endloop
  endfacet
  facet normal -1.000000e+00 -6.198180e-15 -3.404684e-14
    outer loop
      vertex   -7.376122e+00 1.550000e+01 7.000000e+01
      vertex   -7.376122e+00 1.550000e+01 6.880000e+01
      vertex   -7.376122e+00 1.498236e+01 7.006815e+01
    endloop
  endfacet
  facet normal -1.000000e+00 -1.792703e-14 -3.883437e-14
    outer loop
      vertex   -7.376122e+00 1.498236e+01 7.006815e+01
      vertex   -7.376122e+00 1.550000e+01 6.880000e+01
      vertex   -7.376122e+00 1.450000e+01 7.026795e+01
    endloop
  endfacet
  facet normal -1.000000e+00 8.628019e-15 -2.074447e-14
    outer loop
      vertex   -7.376122e+00 1.450000e+01 7.026795e+01
      vertex   -7.376122e+00 1.550000e+01 6.880000e+01
      vertex   -7.376122e+00 1.200000e+01 6.880000e+01
    endloop
  endfacet
  facet normal -1.000000e+00 7.519343e-16 -1.257772e-14
    outer loop
      vertex   -7.376122e+00 1.356815e+01 7.148236e+01
      vertex   -7.376122e+00 1.376795e+01 7.100000e+01
      vertex   -7.376122e+00 1.200000e+01 7.040000e+01
    endloop
  endfacet
  facet normal 0.000000e+00 1.000000e+00 -0.000000e+00
    outer loop
      vertex   -1.037612e+01 1.170000e+01 7.040000e+01
      vertex   -1.037612e+01 1.170000e+01 8.000000e+01
      vertex   -7.376122e+00 1.170000e+01 7.040000e+01
    endloop
  endfacet
  facet normal 0.000000e+00 1.000000e+00 0.000000e+00
    outer loop
      vertex   -7.376122e+00 1.170000e+01 7.040000e+01
      vertex   -1.037612e+01 1.170000e+01 8.000000e+01
      vertex   -7.376122e+00 1.170000e+01 8.000000e+01
    endloop
  endfacet
  facet normal -1.000000e+00 0.000000e+00 -1.054712e-14
    outer loop
      vertex   -1.037612e+01 -1.170000e+01 7.040000e+01
      vertex   -1.037612e+01 -1.170000e+01 8.000000e+01
      vertex   -1.037612e+01 1.170000e+01 7.040000e+01
    endloop
  endfacet
  facet normal -1.000000e+00 0.000000e+00 -1.054712e-14
    outer loop
      vertex   -1.037612e+01 1.170000e+01 7.040000e+01
      vertex   -1.037612e+01 -1.170000e+01 8.000000e+01
      vertex   -1.037612e+01 1.170000e+01 8.000000e+01
    endloop
  endfacet
  facet normal 0.000000e+00 -1.000000e+00 0.000000e+00
    outer loop
      vertex   -7.376122e+00 1.200000e+01 7.040000e+01
      vertex   -7.376122e+00 1.200000e+01 6.880000e+01
      vertex   -5.376122e+00 1.200000e+01 7.040000e+01
    endloop
  endfacet
  facet normal 0.000000e+00 -1.000000e+00 -0.000000e+00
    outer loop
      vertex   -5.376122e+00 1.200000e+01 7.040000e+01
      vertex   -7.376122e+00 1.200000e+01 6.880000e+01
      vertex   -5.376122e+00 1.200000e+01 6.880000e+01
    endloop
  endfacet
  facet normal 0.000000e+00 -0.000000e+00 -1.000000e+00
    outer loop
      vertex   -7.376122e+00 1.550000e+01 6.880000e+01
      vertex   -5.376122e+00 1.550000e+01 6.880000e+01
      vertex   -7.376122e+00 1.200000e+01 6.880000e+01
    endloop
  endfacet
  facet normal 0.000000e+00 0.000000e+00 -1.000000e+00
    outer loop
      vertex   -7.376122e+00 1.200000e+01 6.880000e+01
      vertex   -5.376122e+00 1.550000e+01 6.880000e+01
      vertex   -5.376122e+00 1.200000e+01 6.880000e+01
    endloop
  endfacet
  facet normal -2.046254e-07 -2.381136e-22 1.000000e+00
    outer loop
      vertex   -5.376121e+00 1.870000e+01 8.000000e+01
      vertex   -7.376122e+00 1.170000e+01 8.000000e+01
      vertex   -5.376121e+00 -1.870000e+01 8.000000e+01
    endloop
  endfacet
  facet normal -2.046254e-07 0.000000e+00 1.000000e+00
    outer loop
      vertex   -5.376121e+00 -1.870000e+01 8.000000e+01
      vertex   -7.376122e+00 1.170000e+01 8.000000e+01
      vertex   -7.376122e+00 -1.170000e+01 8.000000e+01
    endloop
  endfacet
  facet normal -2.046254e-07 -5.974606e-22 1.000000e+00
    outer loop
      vertex   -5.376121e+00 -1.870000e+01 8.000000e+01
      vertex   -7.376122e+00 -1.170000e+01 8.000000e+01
      vertex   -7.376122e+00 -1.870000e+01 8.000000e+01
    endloop
  endfacet
  facet normal -2.046254e-07 5.974606e-22 1.000000e+00
    outer loop
      vertex   -5.376121e+00 1.870000e+01 8.000000e+01
      vertex   -7.376122e+00 1.870000e+01 8.000000e+01
      vertex   -7.376122e+00 1.170000e+01 8.000000e+01
    endloop
  endfacet
  facet normal -3.315866e-14 0.000000e+00 1.000000e+00
    outer loop
      vertex   -7.376122e+00 1.170000e+01 8.000000e+01
      vertex   -1.037612e+01 1.170000e+01 8.000000e+01
      vertex   -7.376122e+00 -1.170000e+01 8.000000e+01
    endloop
  endfacet
  facet normal -3.315866e-14 0.000000e+00 1.000000e+00
    outer loop
      vertex   -7.376122e+00 -1.170000e+01 8.000000e+01
      vertex   -1.037612e+01 1.170000e+01 8.000000e+01
      vertex   -1.037612e+01 -1.170000e+01 8.000000e+01
    endloop
  endfacet
  facet normal 5.151435e-14 1.000000e+00 1.287859e-14
    outer loop
      vertex   -7.376122e+00 1.870000e+01 7.200000e+01
      vertex   -7.376122e+00 1.870000e+01 8.000000e+01
      vertex   -5.376122e+00 1.870000e+01 7.200000e+01
    endloop
  endfacet
  facet normal 0.000000e+00 1.000000e+00 -0.000000e+00
    outer loop
      vertex   -5.376122e+00 1.870000e+01 7.200000e+01
      vertex   -7.376122e+00 1.870000e+01 8.000000e+01
      vertex   -5.376121e+00 1.870000e+01 8.000000e+01
    endloop
  endfacet
  facet normal 0.000000e+00 9.801714e-02 -9.951847e-01
    outer loop
      vertex   -5.376122e+00 1.550000e+01 6.880000e+01
      vertex   -7.376122e+00 1.550000e+01 6.880000e+01
      vertex   -5.376122e+00 1.612429e+01 6.886149e+01
    endloop
  endfacet
  facet normal -1.414243e-14 9.801714e-02 -9.951847e-01
    outer loop
      vertex   -5.376122e+00 1.612429e+01 6.886149e+01
      vertex   -7.376122e+00 1.550000e+01 6.880000e+01
      vertex   -7.376122e+00 1.612429e+01 6.886149e+01
    endloop
  endfacet
  facet normal -1.359894e-14 2.902847e-01 -9.569403e-01
    outer loop
      vertex   -5.376122e+00 1.612429e+01 6.886149e+01
      vertex   -7.376122e+00 1.612429e+01 6.886149e+01
      vertex   -5.376122e+00 1.672459e+01 6.904359e+01
    endloop
  endfacet
  facet normal -2.142971e-14 2.902847e-01 -9.569403e-01
    outer loop
      vertex   -5.376122e+00 1.672459e+01 6.904359e+01
      vertex   -7.376122e+00 1.612429e+01 6.886149e+01
      vertex   -7.376122e+00 1.672459e+01 6.904359e+01
    endloop
  endfacet
  facet normal -2.047402e-14 4.713967e-01 -8.819213e-01
    outer loop
      vertex   -5.376122e+00 1.672459e+01 6.904359e+01
      vertex   -7.376122e+00 1.672459e+01 6.904359e+01
      vertex   -5.376122e+00 1.727782e+01 6.933930e+01
    endloop
  endfacet
  facet normal -2.590308e-14 4.713967e-01 -8.819213e-01
    outer loop
      vertex   -5.376122e+00 1.727782e+01 6.933930e+01
      vertex   -7.376122e+00 1.672459e+01 6.904359e+01
      vertex   -7.376122e+00 1.727782e+01 6.933930e+01
    endloop
  endfacet
  facet normal -2.309719e-14 6.343933e-01 -7.730105e-01
    outer loop
      vertex   -5.376122e+00 1.727782e+01 6.933930e+01
      vertex   -7.376122e+00 1.727782e+01 6.933930e+01
      vertex   -5.376122e+00 1.776274e+01 6.973726e+01
    endloop
  endfacet
  facet normal -5.492570e-15 6.343933e-01 -7.730105e-01
    outer loop
      vertex   -5.376122e+00 1.776274e+01 6.973726e+01
      vertex   -7.376122e+00 1.727782e+01 6.933930e+01
      vertex   -7.376122e+00 1.776274e+01 6.973726e+01
    endloop
  endfacet
  facet normal -4.507635e-15 7.730105e-01 -6.343933e-01
    outer loop
      vertex   -5.376122e+00 1.776274e+01 6.973726e+01
      vertex   -7.376122e+00 1.776274e+01 6.973726e+01
      vertex   -5.376122e+00 1.816070e+01 7.022218e+01
    endloop
  endfacet
  facet normal -1.761351e-15 7.730105e-01 -6.343933e-01
    outer loop
      vertex   -5.376122e+00 1.816070e+01 7.022218e+01
      vertex   -7.376122e+00 1.776274e+01 6.973726e+01
      vertex   -7.376122e+00 1.816070e+01 7.022218e+01
    endloop
  endfacet
  facet normal -2.162615e-16 8.819213e-01 -4.713967e-01
    outer loop
      vertex   -5.376122e+00 1.816070e+01 7.022218e+01
      vertex   -7.376122e+00 1.816070e+01 7.022218e+01
      vertex   -5.376122e+00 1.845641e+01 7.077541e+01
    endloop
  endfacet
  facet normal 4.483559e-15 8.819213e-01 -4.713967e-01
    outer loop
      vertex   -5.376122e+00 1.845641e+01 7.077541e+01
      vertex   -7.376122e+00 1.816070e+01 7.022218e+01
      vertex   -7.376122e+00 1.845641e+01 7.077541e+01
    endloop
  endfacet
  facet normal 6.436741e-15 9.569403e-01 -2.902847e-01
    outer loop
      vertex   -5.376122e+00 1.845641e+01 7.077541e+01
      vertex   -7.376122e+00 1.845641e+01 7.077541e+01
      vertex   -5.376122e+00 1.863851e+01 7.137571e+01
    endloop
  endfacet
  facet normal 1.699868e-14 9.569403e-01 -2.902847e-01
    outer loop
      vertex   -5.376122e+00 1.863851e+01 7.137571e+01
      vertex   -7.376122e+00 1.845641e+01 7.077541e+01
      vertex   -7.376122e+00 1.863851e+01 7.137571e+01
    endloop
  endfacet
  facet normal 1.767803e-14 9.951847e-01 -9.801714e-02
    outer loop
      vertex   -5.376122e+00 1.863851e+01 7.137571e+01
      vertex   -7.376122e+00 1.863851e+01 7.137571e+01
      vertex   -5.376122e+00 1.870000e+01 7.200000e+01
    endloop
  endfacet
  facet normal 5.126629e-14 9.951847e-01 -9.801714e-02
    outer loop
      vertex   -5.376122e+00 1.870000e+01 7.200000e+01
      vertex   -7.376122e+00 1.863851e+01 7.137571e+01
      vertex   -7.376122e+00 1.870000e+01 7.200000e+01
    endloop
  endfacet
  facet normal 0.000000e+00 0.000000e+00 -1.000000e+00
    outer loop
      vertex   -2.300896e+00 1.200000e+01 7.800000e+01
      vertex   -3.376122e+00 1.200000e+01 7.800000e+01
      vertex   -2.300896e+00 1.900000e+01 7.800000e+01
    endloop
  endfacet
  facet normal -0.000000e+00 0.000000e+00 -1.000000e+00
    outer loop
      vertex   -2.300896e+00 1.900000e+01 7.800000e+01
      vertex   -3.376122e+00 1.200000e+01 7.800000e+01
      vertex   -3.376122e+00 1.900000e+01 7.800000e+01
    endloop
  endfacet
  facet normal 1.000000e+00 3.056132e-15 1.502502e-14
    outer loop
      vertex   -3.376122e+00 1.200000e+01 7.200000e+01
      vertex   -3.376122e+00 1.376795e+01 7.300000e+01
      vertex   -3.376122e+00 1.200000e+01 7.800000e+01
    endloop
  endfacet
  facet normal 1.000000e+00 -6.031381e-18 1.394227e-14
    outer loop
      vertex   -3.376122e+00 1.200000e+01 7.800000e+01
      vertex   -3.376122e+00 1.376795e+01 7.300000e+01
      vertex   -3.376122e+00 1.408579e+01 7.341421e+01
    endloop
  endfacet
  facet normal 1.000000e+00 1.547654e-17 1.395205e-14
    outer loop
      vertex   -3.376122e+00 1.200000e+01 7.800000e+01
      vertex   -3.376122e+00 1.408579e+01 7.341421e+01
      vertex   -3.376122e+00 1.450000e+01 7.373205e+01
    endloop
  endfacet
  facet normal 1.000000e+00 3.552714e-15 1.465825e-14
    outer loop
      vertex   -3.376122e+00 1.206725e+01 7.131718e+01
      vertex   -3.376122e+00 1.350000e+01 7.200000e+01
      vertex   -3.376122e+00 1.200000e+01 7.200000e+01
    endloop
  endfacet
  facet normal 1.000000e+00 3.552714e-15 1.411682e-14
    outer loop
      vertex   -3.376122e+00 1.200000e+01 7.200000e+01
      vertex   -3.376122e+00 1.350000e+01 7.200000e+01
      vertex   -3.376122e+00 1.356815e+01 7.251764e+01
    endloop
  endfacet
  facet normal 1.000000e+00 3.528723e-15 1.418950e-14
    outer loop
      vertex   -3.376122e+00 1.200000e+01 7.200000e+01
      vertex   -3.376122e+00 1.356815e+01 7.251764e+01
      vertex   -3.376122e+00 1.376795e+01 7.300000e+01
    endloop
  endfacet
  facet normal 1.000000e+00 2.221845e-15 1.745080e-14
    outer loop
      vertex   -3.376122e+00 1.350000e+01 7.200000e+01
      vertex   -3.376122e+00 1.206725e+01 7.131718e+01
      vertex   -3.376122e+00 1.356815e+01 7.148236e+01
    endloop
  endfacet
  facet normal 1.000000e+00 2.495864e-15 1.496091e-14
    outer loop
      vertex   -3.376122e+00 1.356815e+01 7.148236e+01
      vertex   -3.376122e+00 1.206725e+01 7.131718e+01
      vertex   -3.376122e+00 1.226642e+01 7.066061e+01
    endloop
  endfacet
  facet normal 1.000000e+00 9.604179e-16 1.739319e-14
    outer loop
      vertex   -3.376122e+00 1.356815e+01 7.148236e+01
      vertex   -3.376122e+00 1.226642e+01 7.066061e+01
      vertex   -3.376122e+00 1.258986e+01 7.005550e+01
    endloop
  endfacet
  facet normal 1.000000e+00 1.345536e-15 1.712914e-14
    outer loop
      vertex   -3.376122e+00 1.356815e+01 7.148236e+01
      vertex   -3.376122e+00 1.258986e+01 7.005550e+01
      vertex   -3.376122e+00 1.376795e+01 7.100000e+01
    endloop
  endfacet
  facet normal 1.000000e+00 9.967676e-16 1.756417e-14
    outer loop
      vertex   -3.376122e+00 1.376795e+01 7.100000e+01
      vertex   -3.376122e+00 1.258986e+01 7.005550e+01
      vertex   -3.376122e+00 1.302513e+01 6.952513e+01
    endloop
  endfacet
  facet normal 1.000000e+00 -1.258502e-16 1.812958e-14
    outer loop
      vertex   -3.376122e+00 1.376795e+01 7.100000e+01
      vertex   -3.376122e+00 1.302513e+01 6.952513e+01
      vertex   -3.376122e+00 1.408579e+01 7.058579e+01
    endloop
  endfacet
  facet normal 1.000000e+00 2.971725e-16 1.770655e-14
    outer loop
      vertex   -3.376122e+00 1.408579e+01 7.058579e+01
      vertex   -3.376122e+00 1.302513e+01 6.952513e+01
      vertex   -3.376122e+00 1.355550e+01 6.908986e+01
    endloop
  endfacet
  facet normal 1.000000e+00 -2.123351e-16 1.788717e-14
    outer loop
      vertex   -3.376122e+00 1.408579e+01 7.058579e+01
      vertex   -3.376122e+00 1.355550e+01 6.908986e+01
      vertex   -3.376122e+00 1.450000e+01 7.026795e+01
    endloop
  endfacet
  facet normal 1.000000e+00 -5.633661e-16 1.816859e-14
    outer loop
      vertex   -3.376122e+00 1.450000e+01 7.026795e+01
      vertex   -3.376122e+00 1.355550e+01 6.908986e+01
      vertex   -3.376122e+00 1.416061e+01 6.876642e+01
    endloop
  endfacet
  facet normal 1.000000e+00 -1.585208e-15 1.839956e-14
    outer loop
      vertex   -3.376122e+00 1.450000e+01 7.026795e+01
      vertex   -3.376122e+00 1.416061e+01 6.876642e+01
      vertex   -3.376122e+00 1.498236e+01 7.006815e+01
    endloop
  endfacet
  facet normal 1.000000e+00 -1.247029e-15 1.818608e-14
    outer loop
      vertex   -3.376122e+00 1.498236e+01 7.006815e+01
      vertex   -3.376122e+00 1.416061e+01 6.876642e+01
      vertex   -3.376122e+00 1.481718e+01 6.856725e+01
    endloop
  endfacet
  facet normal 1.000000e+00 -1.886071e-15 1.825640e-14
    outer loop
      vertex   -3.376122e+00 1.498236e+01 7.006815e+01
      vertex   -3.376122e+00 1.481718e+01 6.856725e+01
      vertex   -3.376122e+00 1.550000e+01 7.000000e+01
    endloop
  endfacet
  facet normal 1.000000e+00 -2.715616e-15 1.865175e-14
    outer loop
      vertex   -3.376122e+00 1.550000e+01 7.000000e+01
      vertex   -3.376122e+00 1.481718e+01 6.856725e+01
      vertex   -3.376122e+00 1.550000e+01 6.850000e+01
    endloop
  endfacet
  facet normal 1.000000e+00 -3.788173e-15 1.865175e-14
    outer loop
      vertex   -3.376122e+00 1.550000e+01 7.000000e+01
      vertex   -3.376122e+00 1.550000e+01 6.850000e+01
      vertex   -3.376122e+00 1.618282e+01 6.856725e+01
    endloop
  endfacet
  facet normal 1.000000e+00 -2.534225e-15 1.924935e-14
    outer loop
      vertex   -3.376122e+00 1.550000e+01 7.000000e+01
      vertex   -3.376122e+00 1.618282e+01 6.856725e+01
      vertex   -3.376122e+00 1.601764e+01 7.006815e+01
    endloop
  endfacet
  facet normal 1.000000e+00 -3.768894e-15 1.911347e-14
    outer loop
      vertex   -3.376122e+00 1.601764e+01 7.006815e+01
      vertex   -3.376122e+00 1.618282e+01 6.856725e+01
      vertex   -3.376122e+00 1.683939e+01 6.876642e+01
    endloop
  endfacet
  facet normal 1.000000e+00 -4.867757e-15 1.841978e-14
    outer loop
      vertex   -3.376122e+00 1.601764e+01 7.006815e+01
      vertex   -3.376122e+00 1.683939e+01 6.876642e+01
      vertex   -3.376122e+00 1.650000e+01 7.026795e+01
    endloop
  endfacet
  facet normal 1.000000e+00 -5.380229e-15 1.830395e-14
    outer loop
      vertex   -3.376122e+00 1.650000e+01 7.026795e+01
      vertex   -3.376122e+00 1.683939e+01 6.876642e+01
      vertex   -3.376122e+00 1.744450e+01 6.908986e+01
    endloop
  endfacet
  facet normal 1.000000e+00 -4.107070e-15 1.932466e-14
    outer loop
      vertex   -3.376122e+00 1.650000e+01 7.026795e+01
      vertex   -3.376122e+00 1.744450e+01 6.908986e+01
      vertex   -3.376122e+00 1.691421e+01 7.058579e+01
    endloop
  endfacet
  facet normal 1.000000e+00 -6.724741e-15 1.839674e-14
    outer loop
      vertex   -3.376122e+00 1.691421e+01 7.058579e+01
      vertex   -3.376122e+00 1.744450e+01 6.908986e+01
      vertex   -3.376122e+00 1.797487e+01 6.952513e+01
    endloop
  endfacet
  facet normal 1.000000e+00 -5.721472e-15 1.940001e-14
    outer loop
      vertex   -3.376122e+00 1.691421e+01 7.058579e+01
      vertex   -3.376122e+00 1.797487e+01 6.952513e+01
      vertex   -3.376122e+00 1.723205e+01 7.100000e+01
    endloop
  endfacet
  facet normal 1.000000e+00 -7.341090e-15 1.858428e-14
    outer loop
      vertex   -3.376122e+00 1.723205e+01 7.100000e+01
      vertex   -3.376122e+00 1.797487e+01 6.952513e+01
      vertex   -3.376122e+00 1.841014e+01 7.005550e+01
    endloop
  endfacet
  facet normal 1.000000e+00 -7.830404e-15 1.797395e-14
    outer loop
      vertex   -3.376122e+00 1.723205e+01 7.100000e+01
      vertex   -3.376122e+00 1.841014e+01 7.005550e+01
      vertex   -3.376122e+00 1.743185e+01 7.148236e+01
    endloop
  endfacet
  facet normal 1.000000e+00 -8.905784e-15 1.723664e-14
    outer loop
      vertex   -3.376122e+00 1.743185e+01 7.148236e+01
      vertex   -3.376122e+00 1.841014e+01 7.005550e+01
      vertex   -3.376122e+00 1.873358e+01 7.066061e+01
    endloop
  endfacet
  facet normal 1.000000e+00 -9.798025e-15 1.582326e-14
    outer loop
      vertex   -3.376122e+00 1.743185e+01 7.148236e+01
      vertex   -3.376122e+00 1.873358e+01 7.066061e+01
      vertex   -3.376122e+00 1.893275e+01 7.131718e+01
    endloop
  endfacet
  facet normal 1.000000e+00 -1.500425e-14 -3.148332e-14
    outer loop
      vertex   -3.376122e+00 1.743185e+01 7.148236e+01
      vertex   -3.376122e+00 1.893275e+01 7.131718e+01
      vertex   -3.376122e+00 1.750000e+01 7.200000e+01
    endloop
  endfacet
  facet normal 1.000000e+00 6.809368e-15 1.428805e-14
    outer loop
      vertex   -3.376122e+00 1.750000e+01 7.200000e+01
      vertex   -3.376122e+00 1.893275e+01 7.131718e+01
      vertex   -3.376122e+00 1.900000e+01 7.200000e+01
    endloop
  endfacet
  facet normal 1.000000e+00 6.809368e-15 6.609797e-14
    outer loop
      vertex   -3.376122e+00 1.750000e+01 7.200000e+01
      vertex   -3.376122e+00 1.900000e+01 7.200000e+01
      vertex   -3.376122e+00 1.743185e+01 7.251764e+01
    endloop
  endfacet
  facet normal 1.000000e+00 -1.104982e-14 1.199482e-14
    outer loop
      vertex   -3.376122e+00 1.743185e+01 7.251764e+01
      vertex   -3.376122e+00 1.900000e+01 7.200000e+01
      vertex   -3.376122e+00 1.723205e+01 7.300000e+01
    endloop
  endfacet
  facet normal 1.000000e+00 -9.377719e-15 1.495100e-14
    outer loop
      vertex   -3.376122e+00 1.723205e+01 7.300000e+01
      vertex   -3.376122e+00 1.900000e+01 7.200000e+01
      vertex   -3.376122e+00 1.900000e+01 7.800000e+01
    endloop
  endfacet
  facet normal 1.000000e+00 -5.880015e-15 1.371425e-14
    outer loop
      vertex   -3.376122e+00 1.723205e+01 7.300000e+01
      vertex   -3.376122e+00 1.900000e+01 7.800000e+01
      vertex   -3.376122e+00 1.691421e+01 7.341421e+01
    endloop
  endfacet
  facet normal 1.000000e+00 -4.052237e-15 1.288291e-14
    outer loop
      vertex   -3.376122e+00 1.691421e+01 7.341421e+01
      vertex   -3.376122e+00 1.900000e+01 7.800000e+01
      vertex   -3.376122e+00 1.650000e+01 7.373205e+01
    endloop
  endfacet
  facet normal 1.000000e+00 -3.905809e-15 1.279714e-14
    outer loop
      vertex   -3.376122e+00 1.650000e+01 7.373205e+01
      vertex   -3.376122e+00 1.900000e+01 7.800000e+01
      vertex   -3.376122e+00 1.601764e+01 7.393185e+01
    endloop
  endfacet
  facet normal 1.000000e+00 -2.719311e-15 1.192732e-14
    outer loop
      vertex   -3.376122e+00 1.601764e+01 7.393185e+01
      vertex   -3.376122e+00 1.900000e+01 7.800000e+01
      vertex   -3.376122e+00 1.550000e+01 7.400000e+01
    endloop
  endfacet
  facet normal 1.000000e+00 -2.854859e-15 1.204592e-14
    outer loop
      vertex   -3.376122e+00 1.550000e+01 7.400000e+01
      vertex   -3.376122e+00 1.900000e+01 7.800000e+01
      vertex   -3.376122e+00 1.200000e+01 7.800000e+01
    endloop
  endfacet
  facet normal 1.000000e+00 -1.716957e-15 1.304158e-14
    outer loop
      vertex   -3.376122e+00 1.550000e+01 7.400000e+01
      vertex   -3.376122e+00 1.200000e+01 7.800000e+01
      vertex   -3.376122e+00 1.498236e+01 7.393185e+01
    endloop
  endfacet
  facet normal 1.000000e+00 -2.425023e-15 1.252250e-14
    outer loop
      vertex   -3.376122e+00 1.498236e+01 7.393185e+01
      vertex   -3.376122e+00 1.200000e+01 7.800000e+01
      vertex   -3.376122e+00 1.450000e+01 7.373205e+01
    endloop
  endfacet
  facet normal -4.299669e-05 -9.406267e-01 3.394427e-01
    outer loop
      vertex   8.499230e+00 1.884687e+01 7.097604e+01
      vertex   -3.376122e+00 1.873358e+01 7.066061e+01
      vertex   9.000000e+00 1.872931e+01 7.065036e+01
    endloop
  endfacet
  facet normal 8.649123e-05 -8.819213e-01 4.713967e-01
    outer loop
      vertex   9.000000e+00 1.872931e+01 7.065036e+01
      vertex   -3.376122e+00 1.873358e+01 7.066061e+01
      vertex   -3.376122e+00 1.841014e+01 7.005550e+01
    endloop
  endfacet
  facet normal -7.207603e-05 -8.805472e-01 4.739585e-01
    outer loop
      vertex   9.000000e+00 1.872931e+01 7.065036e+01
      vertex   -3.376122e+00 1.841014e+01 7.005550e+01
      vertex   9.000000e+00 1.840499e+01 7.004782e+01
    endloop
  endfacet
  facet normal 7.227262e-05 -7.730105e-01 6.343933e-01
    outer loop
      vertex   9.000000e+00 1.840499e+01 7.004782e+01
      vertex   -3.376122e+00 1.841014e+01 7.005550e+01
      vertex   -3.376122e+00 1.797487e+01 6.952513e+01
    endloop
  endfacet
  facet normal -5.781810e-05 -7.714994e-01 6.362301e-01
    outer loop
      vertex   9.000000e+00 1.840499e+01 7.004782e+01
      vertex   -3.376122e+00 1.797487e+01 6.952513e+01
      vertex   9.000000e+00 1.796964e+01 6.951990e+01
    endloop
  endfacet
  facet normal 5.797537e-05 -6.343933e-01 7.730105e-01
    outer loop
      vertex   9.000000e+00 1.796964e+01 6.951990e+01
      vertex   -3.376122e+00 1.797487e+01 6.952513e+01
      vertex   -3.376122e+00 1.744450e+01 6.908986e+01
    endloop
  endfacet
  facet normal -4.348153e-05 -6.329622e-01 7.741827e-01
    outer loop
      vertex   9.000000e+00 1.796964e+01 6.951990e+01
      vertex   -3.376122e+00 1.744450e+01 6.908986e+01
      vertex   9.000000e+00 1.743988e+01 6.908678e+01
    endloop
  endfacet
  facet normal 4.359948e-05 -4.713967e-01 8.819213e-01
    outer loop
      vertex   9.000000e+00 1.743988e+01 6.908678e+01
      vertex   -3.376122e+00 1.744450e+01 6.908986e+01
      vertex   -3.376122e+00 1.683939e+01 6.876642e+01
    endloop
  endfacet
  facet normal -2.906632e-05 -4.702310e-01 8.825434e-01
    outer loop
      vertex   9.000000e+00 1.743988e+01 6.908678e+01
      vertex   -3.376122e+00 1.683939e+01 6.876642e+01
      vertex   9.000000e+00 1.683597e+01 6.876501e+01
    endloop
  endfacet
  facet normal 2.914495e-05 -2.902847e-01 9.569403e-01
    outer loop
      vertex   9.000000e+00 1.683597e+01 6.876501e+01
      vertex   -3.376122e+00 1.683939e+01 6.876642e+01
      vertex   -3.376122e+00 1.618282e+01 6.856725e+01
    endloop
  endfacet
  facet normal -1.457248e-05 -2.895259e-01 9.571702e-01
    outer loop
      vertex   9.000000e+00 1.683597e+01 6.876501e+01
      vertex   -3.376122e+00 1.618282e+01 6.856725e+01
      vertex   9.000000e+00 1.618100e+01 6.856689e+01
    endloop
  endfacet
  facet normal 1.461179e-05 -9.801714e-02 9.951847e-01
    outer loop
      vertex   9.000000e+00 1.618100e+01 6.856689e+01
      vertex   -3.376122e+00 1.618282e+01 6.856725e+01
      vertex   -3.376122e+00 1.550000e+01 6.850000e+01
    endloop
  endfacet
  facet normal -1.828392e-14 -9.775414e-02 9.952106e-01
    outer loop
      vertex   9.000000e+00 1.618100e+01 6.856689e+01
      vertex   -3.376122e+00 1.550000e+01 6.850000e+01
      vertex   9.000000e+00 1.550000e+01 6.850000e+01
    endloop
  endfacet
  facet normal -1.828397e-14 9.775414e-02 9.952106e-01
    outer loop
      vertex   9.000000e+00 1.550000e+01 6.850000e+01
      vertex   -3.376122e+00 1.550000e+01 6.850000e+01
      vertex   9.000000e+00 1.481900e+01 6.856689e+01
    endloop
  endfacet
  facet normal 1.461179e-05 9.801714e-02 9.951847e-01
    outer loop
      vertex   9.000000e+00 1.481900e+01 6.856689e+01
      vertex   -3.376122e+00 1.550000e+01 6.850000e+01
      vertex   -3.376122e+00 1.481718e+01 6.856725e+01
    endloop
  endfacet
  facet normal -1.457248e-05 2.895259e-01 9.571702e-01
    outer loop
      vertex   9.000000e+00 1.481900e+01 6.856689e+01
      vertex   -3.376122e+00 1.481718e+01 6.856725e+01
      vertex   9.000000e+00 1.416403e+01 6.876501e+01
    endloop
  endfacet
  facet normal 2.914495e-05 2.902847e-01 9.569403e-01
    outer loop
      vertex   9.000000e+00 1.416403e+01 6.876501e+01
      vertex   -3.376122e+00 1.481718e+01 6.856725e+01
      vertex   -3.376122e+00 1.416061e+01 6.876642e+01
    endloop
  endfacet
  facet normal -2.906632e-05 4.702310e-01 8.825434e-01
    outer loop
      vertex   9.000000e+00 1.416403e+01 6.876501e+01
      vertex   -3.376122e+00 1.416061e+01 6.876642e+01
      vertex   9.000000e+00 1.356012e+01 6.908678e+01
    endloop
  endfacet
  facet normal 4.359948e-05 4.713967e-01 8.819213e-01
    outer loop
      vertex   9.000000e+00 1.356012e+01 6.908678e+01
      vertex   -3.376122e+00 1.416061e+01 6.876642e+01
      vertex   -3.376122e+00 1.355550e+01 6.908986e+01
    endloop
  endfacet
  facet normal -4.348153e-05 6.329622e-01 7.741827e-01
    outer loop
      vertex   9.000000e+00 1.356012e+01 6.908678e+01
      vertex   -3.376122e+00 1.355550e+01 6.908986e+01
      vertex   9.000000e+00 1.303036e+01 6.951990e+01
    endloop
  endfacet
  facet normal 5.797537e-05 6.343933e-01 7.730105e-01
    outer loop
      vertex   9.000000e+00 1.303036e+01 6.951990e+01
      vertex   -3.376122e+00 1.355550e+01 6.908986e+01
      vertex   -3.376122e+00 1.302513e+01 6.952513e+01
    endloop
  endfacet
  facet normal -5.781810e-05 7.714994e-01 6.362301e-01
    outer loop
      vertex   9.000000e+00 1.303036e+01 6.951990e+01
      vertex   -3.376122e+00 1.302513e+01 6.952513e+01
      vertex   9.000000e+00 1.259501e+01 7.004782e+01
    endloop
  endfacet
  facet normal 7.227262e-05 7.730105e-01 6.343933e-01
    outer loop
      vertex   9.000000e+00 1.259501e+01 7.004782e+01
      vertex   -3.376122e+00 1.302513e+01 6.952513e+01
      vertex   -3.376122e+00 1.258986e+01 7.005550e+01
    endloop
  endfacet
  facet normal -7.207603e-05 8.805472e-01 4.739585e-01
    outer loop
      vertex   9.000000e+00 1.259501e+01 7.004782e+01
      vertex   -3.376122e+00 1.258986e+01 7.005550e+01
      vertex   9.000000e+00 1.227069e+01 7.065036e+01
    endloop
  endfacet
  facet normal 8.649123e-05 8.819213e-01 4.713967e-01
    outer loop
      vertex   9.000000e+00 1.227069e+01 7.065036e+01
      vertex   -3.376122e+00 1.258986e+01 7.005550e+01
      vertex   -3.376122e+00 1.226642e+01 7.066061e+01
    endloop
  endfacet
  facet normal -4.299669e-05 9.406267e-01 3.394427e-01
    outer loop
      vertex   9.000000e+00 1.227069e+01 7.065036e+01
      vertex   -3.376122e+00 1.226642e+01 7.066061e+01
      vertex   8.499230e+00 1.215313e+01 7.097604e+01
    endloop
  endfacet
  facet normal 1.418361e-03 9.569394e-01 2.902844e-01
    outer loop
      vertex   8.499230e+00 1.215313e+01 7.097604e+01
      vertex   -3.376122e+00 1.226642e+01 7.066061e+01
      vertex   -3.376122e+00 1.206725e+01 7.131718e+01
    endloop
  endfacet
  facet normal 2.457120e-05 9.695388e-01 2.449379e-01
    outer loop
      vertex   8.499230e+00 1.215313e+01 7.097604e+01
      vertex   -3.376122e+00 1.206725e+01 7.131718e+01
      vertex   7.983052e+00 1.206834e+01 7.131174e+01
    endloop
  endfacet
  facet normal -4.792394e-05 9.951139e-01 9.873315e-02
    outer loop
      vertex   7.983052e+00 1.206834e+01 7.131174e+01
      vertex   -3.376122e+00 1.206725e+01 7.131718e+01
      vertex   6.924777e+00 1.200000e+01 7.200000e+01
    endloop
  endfacet
  facet normal -9.465534e-16 9.951847e-01 9.801714e-02
    outer loop
      vertex   6.924777e+00 1.200000e+01 7.200000e+01
      vertex   -3.376122e+00 1.206725e+01 7.131718e+01
      vertex   -3.376122e+00 1.200000e+01 7.200000e+01
    endloop
  endfacet
  facet normal 1.418361e-03 -9.569394e-01 2.902844e-01
    outer loop
      vertex   -3.376122e+00 1.873358e+01 7.066061e+01
      vertex   8.499230e+00 1.884687e+01 7.097604e+01
      vertex   -3.376122e+00 1.893275e+01 7.131718e+01
    endloop
  endfacet
  facet normal 2.457120e-05 -9.695388e-01 2.449379e-01
    outer loop
      vertex   -3.376122e+00 1.893275e+01 7.131718e+01
      vertex   8.499230e+00 1.884687e+01 7.097604e+01
      vertex   7.983052e+00 1.893166e+01 7.131174e+01
    endloop
  endfacet
  facet normal -4.792394e-05 -9.951139e-01 9.873315e-02
    outer loop
      vertex   -3.376122e+00 1.893275e+01 7.131718e+01
      vertex   7.983052e+00 1.893166e+01 7.131174e+01
      vertex   6.924777e+00 1.900000e+01 7.200000e+01
    endloop
  endfacet
  facet normal -9.465534e-16 -9.951847e-01 9.801714e-02
    outer loop
      vertex   6.924777e+00 1.900000e+01 7.200000e+01
      vertex   -3.376122e+00 1.900000e+01 7.200000e+01
      vertex   -3.376122e+00 1.893275e+01 7.131718e+01
    endloop
  endfacet
  facet normal 0.000000e+00 1.000000e+00 0.000000e+00
    outer loop
      vertex   6.924777e+00 1.200000e+01 7.200000e+01
      vertex   -3.376122e+00 1.200000e+01 7.200000e+01
      vertex   -2.300896e+00 1.200000e+01 7.800000e+01
    endloop
  endfacet
  facet normal 0.000000e+00 1.000000e+00 0.000000e+00
    outer loop
      vertex   -2.300896e+00 1.200000e+01 7.800000e+01
      vertex   -3.376122e+00 1.200000e+01 7.200000e+01
      vertex   -3.376122e+00 1.200000e+01 7.800000e+01
    endloop
  endfacet
  facet normal 1.454123e-14 9.985334e-01 -5.413891e-02
    outer loop
      vertex   9.000000e+00 -1.250000e+01 5.740000e+01
      vertex   -5.376122e+00 -1.250000e+01 5.740000e+01
      vertex   9.000000e+00 -1.242672e+01 5.875149e+01
    endloop
  endfacet
  facet normal -1.282277e-14 9.985334e-01 -5.413891e-02
    outer loop
      vertex   9.000000e+00 -1.242672e+01 5.875149e+01
      vertex   -5.376122e+00 -1.250000e+01 5.740000e+01
      vertex   -5.376122e+00 -1.242672e+01 5.875149e+01
    endloop
  endfacet
  facet normal -1.117397e-14 9.868265e-01 -1.617820e-01
    outer loop
      vertex   9.000000e+00 -1.242672e+01 5.875149e+01
      vertex   -5.376122e+00 -1.242672e+01 5.875149e+01
      vertex   9.000000e+00 -1.220776e+01 6.008713e+01
    endloop
  endfacet
  facet normal -1.149780e-14 9.868265e-01 -1.617820e-01
    outer loop
      vertex   9.000000e+00 -1.220776e+01 6.008713e+01
      vertex   -5.376122e+00 -1.242672e+01 5.875149e+01
      vertex   -5.376122e+00 -1.220776e+01 6.008713e+01
    endloop
  endfacet
  facet normal -9.764509e-15 9.635500e-01 -2.675283e-01
    outer loop
      vertex   9.000000e+00 -1.220776e+01 6.008713e+01
      vertex   -5.376122e+00 -1.220776e+01 6.008713e+01
      vertex   9.000000e+00 -1.184566e+01 6.139127e+01
    endloop
  endfacet
  facet normal -1.000263e-14 9.635500e-01 -2.675283e-01
    outer loop
      vertex   9.000000e+00 -1.184566e+01 6.139127e+01
      vertex   -5.376122e+00 -1.220776e+01 6.008713e+01
      vertex   -5.376122e+00 -1.184566e+01 6.139127e+01
    endloop
  endfacet
  facet normal -8.146314e-15 9.289767e-01 -3.701382e-01
    outer loop
      vertex   9.000000e+00 -1.184566e+01 6.139127e+01
      vertex   -5.376122e+00 -1.184566e+01 6.139127e+01
      vertex   9.000000e+00 -1.134469e+01 6.264861e+01
    endloop
  endfacet
  facet normal -7.780431e-15 9.289767e-01 -3.701382e-01
    outer loop
      vertex   9.000000e+00 -1.134469e+01 6.264861e+01
      vertex   -5.376122e+00 -1.184566e+01 6.139127e+01
      vertex   -5.376122e+00 -1.134469e+01 6.264861e+01
    endloop
  endfacet
  facet normal -5.731469e-15 8.835120e-01 -4.684084e-01
    outer loop
      vertex   9.000000e+00 -1.134469e+01 6.264861e+01
      vertex   -5.376122e+00 -1.134469e+01 6.264861e+01
      vertex   9.000000e+00 -1.071071e+01 6.384442e+01
    endloop
  endfacet
  facet normal -5.513130e-15 8.835120e-01 -4.684084e-01
    outer loop
      vertex   9.000000e+00 -1.071071e+01 6.384442e+01
      vertex   -5.376122e+00 -1.134469e+01 6.264861e+01
      vertex   -5.376122e+00 -1.071071e+01 6.384442e+01
    endloop
  endfacet
  facet normal -3.410767e-15 8.276890e-01 -5.611871e-01
    outer loop
      vertex   9.000000e+00 -1.071071e+01 6.384442e+01
      vertex   -5.376122e+00 -1.071071e+01 6.384442e+01
      vertex   9.000000e+00 -9.951163e+00 6.496468e+01
    endloop
  endfacet
  facet normal -3.585864e-15 8.276890e-01 -5.611871e-01
    outer loop
      vertex   9.000000e+00 -9.951163e+00 6.496468e+01
      vertex   -5.376122e+00 -1.071071e+01 6.384442e+01
      vertex   -5.376122e+00 -9.951163e+00 6.496468e+01
    endloop
  endfacet
  facet normal -1.494213e-15 7.621621e-01 -6.473863e-01
    outer loop
      vertex   9.000000e+00 -9.951163e+00 6.496468e+01
      vertex   -5.376122e+00 -9.951163e+00 6.496468e+01
      vertex   9.000000e+00 -9.074944e+00 6.599624e+01
    endloop
  endfacet
  facet normal -1.494213e-15 7.621621e-01 -6.473863e-01
    outer loop
      vertex   9.000000e+00 -9.074944e+00 6.599624e+01
      vertex   -5.376122e+00 -9.951163e+00 6.496468e+01
      vertex   -5.376122e+00 -9.074944e+00 6.599624e+01
    endloop
  endfacet
  facet normal 6.149552e-16 6.876995e-01 -7.259955e-01
    outer loop
      vertex   9.000000e+00 -9.074944e+00 6.599624e+01
      vertex   -5.376122e+00 -9.074944e+00 6.599624e+01
      vertex   9.000000e+00 -8.092329e+00 6.692703e+01
    endloop
  endfacet
  facet normal 6.149552e-16 6.876995e-01 -7.259955e-01
    outer loop
      vertex   9.000000e+00 -8.092329e+00 6.692703e+01
      vertex   -5.376122e+00 -9.074944e+00 6.599624e+01
      vertex   -5.376122e+00 -8.092329e+00 6.692703e+01
    endloop
  endfacet
  facet normal 2.716914e-15 6.051742e-01 -7.960931e-01
    outer loop
      vertex   9.000000e+00 -8.092329e+00 6.692703e+01
      vertex   -5.376122e+00 -8.092329e+00 6.692703e+01
      vertex   9.000000e+00 -7.014838e+00 6.774611e+01
    endloop
  endfacet
  facet normal 2.716914e-15 6.051742e-01 -7.960931e-01
    outer loop
      vertex   9.000000e+00 -7.014838e+00 6.774611e+01
      vertex   -5.376122e+00 -8.092329e+00 6.692703e+01
      vertex   -5.376122e+00 -7.014838e+00 6.774611e+01
    endloop
  endfacet
  facet normal 4.787019e-15 5.155539e-01 -8.568572e-01
    outer loop
      vertex   9.000000e+00 -7.014838e+00 6.774611e+01
      vertex   -5.376122e+00 -7.014838e+00 6.774611e+01
      vertex   9.000000e+00 -5.855106e+00 6.844390e+01
    endloop
  endfacet
  facet normal 3.940012e-15 5.155539e-01 -8.568572e-01
    outer loop
      vertex   9.000000e+00 -5.855106e+00 6.844390e+01
      vertex   -5.376122e+00 -7.014838e+00 6.774611e+01
      vertex   -5.376122e+00 -5.855106e+00 6.844390e+01
    endloop
  endfacet
  facet normal 5.903859e-15 4.198891e-01 -9.075754e-01
    outer loop
      vertex   9.000000e+00 -5.855106e+00 6.844390e+01
      vertex   -5.376122e+00 -5.855106e+00 6.844390e+01
      vertex   9.000000e+00 -4.626727e+00 6.901221e+01
    endloop
  endfacet
  facet normal 6.749118e-15 4.198891e-01 -9.075754e-01
    outer loop
      vertex   9.000000e+00 -4.626727e+00 6.901221e+01
      vertex   -5.376122e+00 -5.855106e+00 6.844390e+01
      vertex   -5.376122e+00 -4.626727e+00 6.901221e+01
    endloop
  endfacet
  facet normal 8.695794e-15 3.193015e-01 -9.476532e-01
    outer loop
      vertex   9.000000e+00 -4.626727e+00 6.901221e+01
      vertex   -5.376122e+00 -4.626727e+00 6.901221e+01
      vertex   9.000000e+00 -3.344104e+00 6.944437e+01
    endloop
  endfacet
  facet normal 8.685930e-15 3.193015e-01 -9.476532e-01
    outer loop
      vertex   9.000000e+00 -3.344104e+00 6.944437e+01
      vertex   -5.376122e+00 -4.626727e+00 6.901221e+01
      vertex   -5.376122e+00 -3.344104e+00 6.944437e+01
    endloop
  endfacet
  facet normal 1.053388e-14 2.149704e-01 -9.766206e-01
    outer loop
      vertex   9.000000e+00 -3.344104e+00 6.944437e+01
      vertex   -5.376122e+00 -3.344104e+00 6.944437e+01
      vertex   9.000000e+00 -2.022275e+00 6.973533e+01
    endloop
  endfacet
  facet normal 9.568485e-15 2.149704e-01 -9.766206e-01
    outer loop
      vertex   9.000000e+00 -2.022275e+00 6.973533e+01
      vertex   -5.376122e+00 -3.344104e+00 6.944437e+01
      vertex   -5.376122e+00 -2.022275e+00 6.973533e+01
    endloop
  endfacet
  facet normal 1.127562e-14 1.081190e-01 -9.941380e-01
    outer loop
      vertex   9.000000e+00 -2.022275e+00 6.973533e+01
      vertex   -5.376122e+00 -2.022275e+00 6.973533e+01
      vertex   9.000000e+00 -6.767364e-01 6.988167e+01
    endloop
  endfacet
  facet normal 1.127729e-14 1.081190e-01 -9.941380e-01
    outer loop
      vertex   9.000000e+00 -6.767364e-01 6.988167e+01
      vertex   -5.376122e+00 -2.022275e+00 6.973533e+01
      vertex   -5.376122e+00 -6.767364e-01 6.988167e+01
    endloop
  endfacet
  facet normal 1.285055e-14 1.049955e-14 -1.000000e+00
    outer loop
      vertex   9.000000e+00 -6.767364e-01 6.988167e+01
      vertex   -5.376122e+00 -6.767364e-01 6.988167e+01
      vertex   9.000000e+00 6.767364e-01 6.988167e+01
    endloop
  endfacet
  facet normal 1.383906e-14 2.075770e-28 -1.000000e+00
    outer loop
      vertex   9.000000e+00 6.767364e-01 6.988167e+01
      vertex   -5.376122e+00 -6.767364e-01 6.988167e+01
      vertex   -5.376122e+00 6.767364e-01 6.988167e+01
    endloop
  endfacet
  facet normal 1.525754e-14 -1.081190e-01 -9.941380e-01
    outer loop
      vertex   9.000000e+00 6.767364e-01 6.988167e+01
      vertex   -5.376122e+00 6.767364e-01 6.988167e+01
      vertex   9.000000e+00 2.022275e+00 6.973533e+01
    endloop
  endfacet
  facet normal 1.527758e-14 -1.081190e-01 -9.941380e-01
    outer loop
      vertex   9.000000e+00 2.022275e+00 6.973533e+01
      vertex   -5.376122e+00 6.767364e-01 6.988167e+01
      vertex   -5.376122e+00 2.022275e+00 6.973533e+01
    endloop
  endfacet
  facet normal 1.653698e-14 -2.149704e-01 -9.766206e-01
    outer loop
      vertex   9.000000e+00 2.022275e+00 6.973533e+01
      vertex   -5.376122e+00 2.022275e+00 6.973533e+01
      vertex   9.000000e+00 3.344104e+00 6.944437e+01
    endloop
  endfacet
  facet normal 1.653698e-14 -2.149704e-01 -9.766206e-01
    outer loop
      vertex   9.000000e+00 3.344104e+00 6.944437e+01
      vertex   -5.376122e+00 2.022275e+00 6.973533e+01
      vertex   -5.376122e+00 3.344104e+00 6.944437e+01
    endloop
  endfacet
  facet normal 1.760250e-14 -3.193015e-01 -9.476532e-01
    outer loop
      vertex   9.000000e+00 3.344104e+00 6.944437e+01
      vertex   -5.376122e+00 3.344104e+00 6.944437e+01
      vertex   9.000000e+00 4.626727e+00 6.901221e+01
    endloop
  endfacet
  facet normal 1.753346e-14 -3.193015e-01 -9.476532e-01
    outer loop
      vertex   9.000000e+00 4.626727e+00 6.901221e+01
      vertex   -5.376122e+00 3.344104e+00 6.944437e+01
      vertex   -5.376122e+00 4.626727e+00 6.901221e+01
    endloop
  endfacet
  facet normal 1.837086e-14 -4.198891e-01 -9.075754e-01
    outer loop
      vertex   9.000000e+00 4.626727e+00 6.901221e+01
      vertex   -5.376122e+00 4.626727e+00 6.901221e+01
      vertex   9.000000e+00 5.855106e+00 6.844390e+01
    endloop
  endfacet
  facet normal 1.752560e-14 -4.198891e-01 -9.075754e-01
    outer loop
      vertex   9.000000e+00 5.855106e+00 6.844390e+01
      vertex   -5.376122e+00 4.626727e+00 6.901221e+01
      vertex   -5.376122e+00 5.855106e+00 6.844390e+01
    endloop
  endfacet
  facet normal 1.820957e-14 -5.155539e-01 -8.568572e-01
    outer loop
      vertex   9.000000e+00 5.855106e+00 6.844390e+01
      vertex   -5.376122e+00 5.855106e+00 6.844390e+01
      vertex   9.000000e+00 7.014838e+00 6.774611e+01
    endloop
  endfacet
  facet normal 1.899287e-14 -5.155539e-01 -8.568572e-01
    outer loop
      vertex   9.000000e+00 7.014838e+00 6.774611e+01
      vertex   -5.376122e+00 5.855106e+00 6.844390e+01
      vertex   -5.376122e+00 7.014838e+00 6.774611e+01
    endloop
  endfacet
  facet normal 1.939222e-14 -6.051742e-01 -7.960931e-01
    outer loop
      vertex   9.000000e+00 7.014838e+00 6.774611e+01
      vertex   -5.376122e+00 7.014838e+00 6.774611e+01
      vertex   9.000000e+00 8.092329e+00 6.692703e+01
    endloop
  endfacet
  facet normal 1.875483e-14 -6.051742e-01 -7.960931e-01
    outer loop
      vertex   9.000000e+00 8.092329e+00 6.692703e+01
      vertex   -5.376122e+00 7.014838e+00 6.774611e+01
      vertex   -5.376122e+00 8.092329e+00 6.692703e+01
    endloop
  endfacet
  facet normal 1.901650e-14 -6.876995e-01 -7.259955e-01
    outer loop
      vertex   9.000000e+00 8.092329e+00 6.692703e+01
      vertex   -5.376122e+00 8.092329e+00 6.692703e+01
      vertex   9.000000e+00 9.074944e+00 6.599624e+01
    endloop
  endfacet
  facet normal 1.964918e-14 -6.876995e-01 -7.259955e-01
    outer loop
      vertex   9.000000e+00 9.074944e+00 6.599624e+01
      vertex   -5.376122e+00 8.092329e+00 6.692703e+01
      vertex   -5.376122e+00 9.074944e+00 6.599624e+01
    endloop
  endfacet
  facet normal 1.960099e-14 -7.621621e-01 -6.473863e-01
    outer loop
      vertex   9.000000e+00 9.074944e+00 6.599624e+01
      vertex   -5.376122e+00 9.074944e+00 6.599624e+01
      vertex   9.000000e+00 9.951163e+00 6.496468e+01
    endloop
  endfacet
  facet normal 1.960099e-14 -7.621621e-01 -6.473863e-01
    outer loop
      vertex   9.000000e+00 9.951163e+00 6.496468e+01
      vertex   -5.376122e+00 9.074944e+00 6.599624e+01
      vertex   -5.376122e+00 9.951163e+00 6.496468e+01
    endloop
  endfacet
  facet normal 1.932301e-14 -8.276890e-01 -5.611871e-01
    outer loop
      vertex   9.000000e+00 9.951163e+00 6.496468e+01
      vertex   -5.376122e+00 9.951163e+00 6.496468e+01
      vertex   9.000000e+00 1.071071e+01 6.384442e+01
    endloop
  endfacet
  facet normal 1.904564e-14 -8.276890e-01 -5.611871e-01
    outer loop
      vertex   9.000000e+00 1.071071e+01 6.384442e+01
      vertex   -5.376122e+00 9.951163e+00 6.496468e+01
      vertex   -5.376122e+00 1.071071e+01 6.384442e+01
    endloop
  endfacet
  facet normal 1.858696e-14 -8.835120e-01 -4.684084e-01
    outer loop
      vertex   9.000000e+00 1.071071e+01 6.384442e+01
      vertex   -5.376122e+00 1.071071e+01 6.384442e+01
      vertex   9.000000e+00 1.134469e+01 6.264861e+01
    endloop
  endfacet
  facet normal 1.858696e-14 -8.835120e-01 -4.684084e-01
    outer loop
      vertex   9.000000e+00 1.134469e+01 6.264861e+01
      vertex   -5.376122e+00 1.071071e+01 6.384442e+01
      vertex   -5.376122e+00 1.134469e+01 6.264861e+01
    endloop
  endfacet
  facet normal 1.791037e-14 -9.289767e-01 -3.701382e-01
    outer loop
      vertex   9.000000e+00 1.134469e+01 6.264861e+01
      vertex   -5.376122e+00 1.134469e+01 6.264861e+01
      vertex   9.000000e+00 1.184566e+01 6.139127e+01
    endloop
  endfacet
  facet normal 1.779558e-14 -9.289767e-01 -3.701382e-01
    outer loop
      vertex   9.000000e+00 1.184566e+01 6.139127e+01
      vertex   -5.376122e+00 1.134469e+01 6.264861e+01
      vertex   -5.376122e+00 1.184566e+01 6.139127e+01
    endloop
  endfacet
  facet normal 1.690474e-14 -9.635500e-01 -2.675283e-01
    outer loop
      vertex   9.000000e+00 1.184566e+01 6.139127e+01
      vertex   -5.376122e+00 1.184566e+01 6.139127e+01
      vertex   9.000000e+00 1.220776e+01 6.008713e+01
    endloop
  endfacet
  facet normal 1.715602e-14 -9.635500e-01 -2.675283e-01
    outer loop
      vertex   9.000000e+00 1.220776e+01 6.008713e+01
      vertex   -5.376122e+00 1.184566e+01 6.139127e+01
      vertex   -5.376122e+00 1.220776e+01 6.008713e+01
    endloop
  endfacet
  facet normal 1.601759e-14 -9.868265e-01 -1.617820e-01
    outer loop
      vertex   9.000000e+00 1.220776e+01 6.008713e+01
      vertex   -5.376122e+00 1.220776e+01 6.008713e+01
      vertex   9.000000e+00 1.242672e+01 5.875149e+01
    endloop
  endfacet
  facet normal 1.577372e-14 -9.868265e-01 -1.617820e-01
    outer loop
      vertex   9.000000e+00 1.242672e+01 5.875149e+01
      vertex   -5.376122e+00 1.220776e+01 6.008713e+01
      vertex   -5.376122e+00 1.242672e+01 5.875149e+01
    endloop
  endfacet
  facet normal 1.444461e-14 -9.985334e-01 -5.413891e-02
    outer loop
      vertex   9.000000e+00 1.242672e+01 5.875149e+01
      vertex   -5.376122e+00 1.242672e+01 5.875149e+01
      vertex   9.000000e+00 1.250000e+01 5.740000e+01
    endloop
  endfacet
  facet normal 1.441785e-14 -9.985334e-01 -5.413891e-02
    outer loop
      vertex   9.000000e+00 1.250000e+01 5.740000e+01
      vertex   -5.376122e+00 1.242672e+01 5.875149e+01
      vertex   -5.376122e+00 1.250000e+01 5.740000e+01
    endloop
  endfacet
  facet normal 1.540327e-14 -1.000000e+00 6.932472e-15
    outer loop
      vertex   9.000000e+00 1.250000e+01 3.782759e+01
      vertex   -5.376122e+00 1.250000e+01 4.132759e+01
      vertex   -3.800895e+00 1.250000e+01 3.782759e+01
    endloop
  endfacet
  facet normal 0.000000e+00 -1.000000e+00 0.000000e+00
    outer loop
      vertex   -3.800895e+00 1.250000e+01 3.782759e+01
      vertex   -5.376122e+00 1.250000e+01 4.132759e+01
      vertex   -5.352788e+00 1.250000e+01 4.083886e+01
    endloop
  endfacet
  facet normal -2.777339e-14 -1.000000e+00 -1.431333e-14
    outer loop
      vertex   -3.800895e+00 1.250000e+01 3.782759e+01
      vertex   -5.352788e+00 1.250000e+01 4.083886e+01
      vertex   -5.283900e+00 1.250000e+01 4.033288e+01
    endloop
  endfacet
  facet normal 1.371549e-14 -1.000000e+00 -3.485422e-29
    outer loop
      vertex   9.000000e+00 1.250000e+01 3.782759e+01
      vertex   9.000000e+00 1.250000e+01 5.740000e+01
      vertex   -5.376122e+00 1.250000e+01 4.132759e+01
    endloop
  endfacet
  facet normal 1.371549e-14 -1.000000e+00 2.486019e-28
    outer loop
      vertex   -5.376122e+00 1.250000e+01 4.132759e+01
      vertex   9.000000e+00 1.250000e+01 5.740000e+01
      vertex   -5.376122e+00 1.250000e+01 5.740000e+01
    endloop
  endfacet
  facet normal -5.870320e-15 -1.000000e+00 -1.347808e-15
    outer loop
      vertex   -5.283900e+00 1.250000e+01 4.033288e+01
      vertex   -5.171132e+00 1.250000e+01 3.984172e+01
      vertex   -3.800895e+00 1.250000e+01 3.782759e+01
    endloop
  endfacet
  facet normal -3.161589e-14 -1.000000e+00 -1.886282e-14
    outer loop
      vertex   -3.800895e+00 1.250000e+01 3.782759e+01
      vertex   -5.171132e+00 1.250000e+01 3.984172e+01
      vertex   -5.012576e+00 1.250000e+01 3.938762e+01
    endloop
  endfacet
  facet normal -2.002601e-14 -1.000000e+00 -9.860932e-15
    outer loop
      vertex   -3.800895e+00 1.250000e+01 3.782759e+01
      vertex   -5.012576e+00 1.250000e+01 3.938762e+01
      vertex   -4.789321e+00 1.250000e+01 3.893423e+01
    endloop
  endfacet
  facet normal -3.525710e-14 -1.000000e+00 -3.137621e-14
    outer loop
      vertex   -4.513891e+00 1.250000e+01 3.851150e+01
      vertex   -4.192835e+00 1.250000e+01 3.815073e+01
      vertex   -4.789321e+00 1.250000e+01 3.893423e+01
    endloop
  endfacet
  facet normal -9.525096e-14 -1.000000e+00 -7.705044e-14
    outer loop
      vertex   -4.789321e+00 1.250000e+01 3.893423e+01
      vertex   -4.192835e+00 1.250000e+01 3.815073e+01
      vertex   -3.800895e+00 1.250000e+01 3.782759e+01
    endloop
  endfacet
  facet normal -0.000000e+00 -1.000000e+00 0.000000e+00
    outer loop
      vertex   6.924777e+00 1.900000e+01 7.200000e+01
      vertex   -2.300896e+00 1.900000e+01 7.800000e+01
      vertex   -3.376122e+00 1.900000e+01 7.200000e+01
    endloop
  endfacet
  facet normal 0.000000e+00 -1.000000e+00 0.000000e+00
    outer loop
      vertex   -3.376122e+00 1.900000e+01 7.200000e+01
      vertex   -2.300896e+00 1.900000e+01 7.800000e+01
      vertex   -3.376122e+00 1.900000e+01 7.800000e+01
    endloop
  endfacet
  facet normal -8.700955e-01 4.849472e-01 8.809113e-02
    outer loop
      vertex   -4.616285e+00 5.227131e+01 7.950583e+01
      vertex   -4.759637e+00 5.202722e+01 7.943364e+01
      vertex   -4.940324e+00 5.165163e+01 7.971658e+01
    endloop
  endfacet
  facet normal -8.949183e-01 4.457710e-01 2.023399e-02
    outer loop
      vertex   -4.940324e+00 5.165163e+01 7.971658e+01
      vertex   -4.759637e+00 5.202722e+01 7.943364e+01
      vertex   -4.869279e+00 5.181044e+01 7.936002e+01
    endloop
  endfacet
  facet normal -9.204556e-01 3.907349e-01 -9.367552e-03
    outer loop
      vertex   -4.940324e+00 5.165163e+01 7.971658e+01
      vertex   -4.869279e+00 5.181044e+01 7.936002e+01
      vertex   -5.034142e+00 5.141848e+01 7.920992e+01
    endloop
  endfacet
  facet normal -9.432995e-01 3.311954e-01 2.226195e-02
    outer loop
      vertex   -4.940324e+00 5.165163e+01 7.971658e+01
      vertex   -5.034142e+00 5.141848e+01 7.920992e+01
      vertex   -5.179735e+00 5.095928e+01 7.987228e+01
    endloop
  endfacet
  facet normal -9.579809e-01 2.865855e-01 -1.189207e-02
    outer loop
      vertex   -5.179735e+00 5.095928e+01 7.987228e+01
      vertex   -5.034142e+00 5.141848e+01 7.920992e+01
      vertex   -5.238844e+00 5.072153e+01 7.890438e+01
    endloop
  endfacet
  facet normal -9.806132e-01 1.955952e-01 1.184057e-02
    outer loop
      vertex   -5.179735e+00 5.095928e+01 7.987228e+01
      vertex   -5.238844e+00 5.072153e+01 7.890438e+01
      vertex   -5.326617e+00 5.021711e+01 7.996781e+01
    endloop
  endfacet
  facet normal -9.865110e-01 1.636510e-01 -3.798663e-03
    outer loop
      vertex   -5.326617e+00 5.021711e+01 7.996781e+01
      vertex   -5.238844e+00 5.072153e+01 7.890438e+01
      vertex   -5.344788e+00 5.007570e+01 7.859478e+01
    endloop
  endfacet
  facet normal -9.978871e-01 6.464015e-02 6.549058e-03
    outer loop
      vertex   -5.326617e+00 5.021711e+01 7.996781e+01
      vertex   -5.344788e+00 5.007570e+01 7.859478e+01
      vertex   -5.376122e+00 4.944961e+01 8.000000e+01
    endloop
  endfacet
  facet normal -9.987500e-01 4.998445e-02 0.000000e+00
    outer loop
      vertex   -5.376122e+00 4.944961e+01 8.000000e+01
      vertex   -5.344788e+00 5.007570e+01 7.859478e+01
      vertex   -5.376122e+00 4.944961e+01 7.828287e+01
    endloop
  endfacet
  facet normal 6.071141e-15 7.071668e-01 -7.070467e-01
    outer loop
      vertex   9.000000e+00 1.470907e+01 3.929343e+01
      vertex   -2.376122e+00 1.470907e+01 3.929343e+01
      vertex   9.000000e+00 4.606068e+01 7.065036e+01
    endloop
  endfacet
  facet normal 5.415059e-15 7.071668e-01 -7.070467e-01
    outer loop
      vertex   9.000000e+00 4.606068e+01 7.065036e+01
      vertex   -2.376122e+00 1.470907e+01 3.929343e+01
      vertex   -2.376122e+00 5.157111e+01 7.616173e+01
    endloop
  endfacet
  facet normal 1.052129e-14 7.071668e-01 -7.070467e-01
    outer loop
      vertex   9.000000e+00 4.606068e+01 7.065036e+01
      vertex   -2.376122e+00 5.157111e+01 7.616173e+01
      vertex   -1.881668e+00 5.313646e+01 7.772735e+01
    endloop
  endfacet
  facet normal 1.588493e-12 7.071668e-01 -7.070467e-01
    outer loop
      vertex   -1.881668e+00 5.313646e+01 7.772735e+01
      vertex   -2.376122e+00 5.157111e+01 7.616173e+01
      vertex   -1.926850e+00 5.304974e+01 7.764061e+01
    endloop
  endfacet
  facet normal 5.629288e-13 7.071668e-01 -7.070467e-01
    outer loop
      vertex   -1.926850e+00 5.304974e+01 7.764061e+01
      vertex   -2.376122e+00 5.157111e+01 7.616173e+01
      vertex   -1.974982e+00 5.296380e+01 7.755466e+01
    endloop
  endfacet
  facet normal 7.527406e-13 7.071668e-01 -7.070467e-01
    outer loop
      vertex   -1.974982e+00 5.296380e+01 7.755466e+01
      vertex   -2.376122e+00 5.157111e+01 7.616173e+01
      vertex   -2.025514e+00 5.287854e+01 7.746938e+01
    endloop
  endfacet
  facet normal -1.306230e-12 7.071668e-01 -7.070467e-01
    outer loop
      vertex   -2.025514e+00 5.287854e+01 7.746938e+01
      vertex   -2.376122e+00 5.157111e+01 7.616173e+01
      vertex   -2.077901e+00 5.279387e+01 7.738469e+01
    endloop
  endfacet
  facet normal -1.028416e-13 7.071668e-01 -7.070467e-01
    outer loop
      vertex   -2.077901e+00 5.279387e+01 7.738469e+01
      vertex   -2.376122e+00 5.157111e+01 7.616173e+01
      vertex   -2.220285e+00 5.249801e+01 7.708878e+01
    endloop
  endfacet
  facet normal 3.718673e-13 7.071668e-01 -7.070467e-01
    outer loop
      vertex   -2.220285e+00 5.249801e+01 7.708878e+01
      vertex   -2.376122e+00 5.157111e+01 7.616173e+01
      vertex   -2.309565e+00 5.219252e+01 7.678324e+01
    endloop
  endfacet
  facet normal 1.011058e-12 7.071668e-01 -7.070467e-01
    outer loop
      vertex   -2.309565e+00 5.219252e+01 7.678324e+01
      vertex   -2.376122e+00 5.157111e+01 7.616173e+01
      vertex   -2.360056e+00 5.188296e+01 7.647364e+01
    endloop
  endfacet
  facet normal -2.530552e-01 8.005375e-01 5.432336e-01
    outer loop
      vertex   -3.847374e+00 5.314670e+01 7.900575e+01
      vertex   -3.847709e+00 5.314644e+01 7.900598e+01
      vertex   -3.809569e+00 5.317546e+01 7.898098e+01
    endloop
  endfacet
  facet normal -2.433236e-01 7.965490e-01 5.534467e-01
    outer loop
      vertex   -3.809569e+00 5.317546e+01 7.898098e+01
      vertex   -3.847709e+00 5.314644e+01 7.900598e+01
      vertex   -3.796082e+00 5.318554e+01 7.897241e+01
    endloop
  endfacet
  facet normal -6.962897e-01 4.730124e-01 -5.398517e-01
    outer loop
      vertex   -3.809569e+00 5.317546e+01 7.898098e+01
      vertex   -3.796082e+00 5.318554e+01 7.897241e+01
      vertex   -3.811865e+00 5.317289e+01 7.898168e+01
    endloop
  endfacet
  facet normal -6.872190e-01 4.261099e-01 -5.883539e-01
    outer loop
      vertex   -3.811865e+00 5.317289e+01 7.898168e+01
      vertex   -3.796082e+00 5.318554e+01 7.897241e+01
      vertex   -3.772110e+00 5.320134e+01 7.895586e+01
    endloop
  endfacet
  facet normal -6.906414e-01 4.538660e-01 -5.630454e-01
    outer loop
      vertex   -3.811865e+00 5.317289e+01 7.898168e+01
      vertex   -3.772110e+00 5.320134e+01 7.895586e+01
      vertex   -3.821886e+00 5.316355e+01 7.898644e+01
    endloop
  endfacet
  facet normal -6.972450e-01 5.132024e-01 -5.004725e-01
    outer loop
      vertex   -3.821886e+00 5.316355e+01 7.898644e+01
      vertex   -3.772110e+00 5.320134e+01 7.895586e+01
      vertex   -3.782013e+00 5.319073e+01 7.895876e+01
    endloop
  endfacet
  facet normal -6.949898e-01 4.420595e-01 -5.670737e-01
    outer loop
      vertex   -3.821886e+00 5.316355e+01 7.898644e+01
      vertex   -3.782013e+00 5.319073e+01 7.895876e+01
      vertex   -3.867336e+00 5.312446e+01 7.901168e+01
    endloop
  endfacet
  facet normal -7.047700e-01 5.669696e-01 -4.264326e-01
    outer loop
      vertex   -3.867336e+00 5.312446e+01 7.901168e+01
      vertex   -3.782013e+00 5.319073e+01 7.895876e+01
      vertex   -3.827454e+00 5.314995e+01 7.897965e+01
    endloop
  endfacet
  facet normal -7.139279e-01 4.956935e-01 -4.945653e-01
    outer loop
      vertex   -3.867336e+00 5.312446e+01 7.901168e+01
      vertex   -3.827454e+00 5.314995e+01 7.897965e+01
      vertex   -3.930973e+00 5.306987e+01 7.904883e+01
    endloop
  endfacet
  facet normal -7.081198e-01 6.135990e-01 -3.493746e-01
    outer loop
      vertex   -3.930973e+00 5.306987e+01 7.904883e+01
      vertex   -3.827454e+00 5.314995e+01 7.897965e+01
      vertex   -3.891311e+00 5.309509e+01 7.901272e+01
    endloop
  endfacet
  facet normal -7.320114e-01 5.183467e-01 -4.421267e-01
    outer loop
      vertex   -3.930973e+00 5.306987e+01 7.904883e+01
      vertex   -3.891311e+00 5.309509e+01 7.901272e+01
      vertex   -4.018832e+00 5.299032e+01 7.910103e+01
    endloop
  endfacet
  facet normal -7.188308e-01 6.333031e-01 -2.867218e-01
    outer loop
      vertex   -4.018832e+00 5.299032e+01 7.910103e+01
      vertex   -3.891311e+00 5.309509e+01 7.901272e+01
      vertex   -3.979661e+00 5.301636e+01 7.906034e+01
    endloop
  endfacet
  facet normal -7.529301e-01 5.360369e-01 -3.817862e-01
    outer loop
      vertex   -4.018832e+00 5.299032e+01 7.910103e+01
      vertex   -3.979661e+00 5.301636e+01 7.906034e+01
      vertex   -4.129400e+00 5.288225e+01 7.916735e+01
    endloop
  endfacet
  facet normal -7.332484e-01 6.435573e-01 -2.195010e-01
    outer loop
      vertex   -4.129400e+00 5.288225e+01 7.916735e+01
      vertex   -3.979661e+00 5.301636e+01 7.906034e+01
      vertex   -4.091068e+00 5.291035e+01 7.912167e+01
    endloop
  endfacet
  facet normal -7.757996e-01 5.469475e-01 -3.146163e-01
    outer loop
      vertex   -4.129400e+00 5.288225e+01 7.916735e+01
      vertex   -4.091068e+00 5.291035e+01 7.912167e+01
      vertex   -4.258286e+00 5.274411e+01 7.924501e+01
    endloop
  endfacet
  facet normal -7.499085e-01 6.448813e-01 -1.475308e-01
    outer loop
      vertex   -4.258286e+00 5.274411e+01 7.924501e+01
      vertex   -4.091068e+00 5.291035e+01 7.912167e+01
      vertex   -4.221274e+00 5.277550e+01 7.919409e+01
    endloop
  endfacet
  facet normal -8.172635e-01 5.006033e-01 -2.854411e-01
    outer loop
      vertex   -4.258286e+00 5.274411e+01 7.924501e+01
      vertex   -4.221274e+00 5.277550e+01 7.919409e+01
      vertex   -4.353140e+00 5.264040e+01 7.933470e+01
    endloop
  endfacet
  facet normal -8.281837e-01 3.728943e-01 -4.184037e-01
    outer loop
      vertex   -4.353140e+00 5.264040e+01 7.933470e+01
      vertex   -4.221274e+00 5.277550e+01 7.919409e+01
      vertex   -4.143449e+00 5.283525e+01 7.909330e+01
    endloop
  endfacet
  facet normal -7.651741e-01 6.232085e-01 -1.616161e-01
    outer loop
      vertex   -4.353140e+00 5.264040e+01 7.933470e+01
      vertex   -4.143449e+00 5.283525e+01 7.909330e+01
      vertex   -4.435876e+00 5.249558e+01 7.916798e+01
    endloop
  endfacet
  facet normal -7.488742e-01 5.706070e-01 -3.370386e-01
    outer loop
      vertex   -4.435876e+00 5.249558e+01 7.916798e+01
      vertex   -4.143449e+00 5.283525e+01 7.909330e+01
      vertex   -3.973339e+00 5.294230e+01 7.889655e+01
    endloop
  endfacet
  facet normal -7.283536e-01 6.715984e-01 -1.358548e-01
    outer loop
      vertex   -4.435876e+00 5.249558e+01 7.916798e+01
      vertex   -3.973339e+00 5.294230e+01 7.889655e+01
      vertex   -4.204026e+00 5.268015e+01 7.883742e+01
    endloop
  endfacet
  facet normal -6.643368e-01 6.626271e-01 -3.458062e-01
    outer loop
      vertex   -4.204026e+00 5.268015e+01 7.883742e+01
      vertex   -3.973339e+00 5.294230e+01 7.889655e+01
      vertex   -3.785373e+00 5.303215e+01 7.870762e+01
    endloop
  endfacet
  facet normal -6.671870e-01 6.905057e-01 -2.793983e-01
    outer loop
      vertex   -4.204026e+00 5.268015e+01 7.883742e+01
      vertex   -3.785373e+00 5.303215e+01 7.870762e+01
      vertex   -3.926054e+00 5.282094e+01 7.852158e+01
    endloop
  endfacet
  facet normal -5.839494e-01 7.197186e-01 -3.755107e-01
    outer loop
      vertex   -3.926054e+00 5.282094e+01 7.852158e+01
      vertex   -3.785373e+00 5.303215e+01 7.870762e+01
      vertex   -3.581256e+00 5.310409e+01 7.852808e+01
    endloop
  endfacet
  facet normal -5.498057e-01 6.806344e-01 -4.842009e-01
    outer loop
      vertex   -3.926054e+00 5.282094e+01 7.852158e+01
      vertex   -3.581256e+00 5.310409e+01 7.852808e+01
      vertex   -3.401692e+00 5.314950e+01 7.838802e+01
    endloop
  endfacet
  facet normal -5.157195e-01 7.473913e-01 -4.188552e-01
    outer loop
      vertex   -3.401692e+00 5.314950e+01 7.838802e+01
      vertex   -3.581256e+00 5.310409e+01 7.852808e+01
      vertex   -3.275998e+00 5.324850e+01 7.840992e+01
    endloop
  endfacet
  facet normal -4.582329e-01 7.022652e-01 -5.448360e-01
    outer loop
      vertex   -3.401692e+00 5.314950e+01 7.838802e+01
      vertex   -3.275998e+00 5.324850e+01 7.840992e+01
      vertex   -3.093379e+00 5.327905e+01 7.829570e+01
    endloop
  endfacet
  facet normal -4.415159e-01 7.394880e-01 -5.081547e-01
    outer loop
      vertex   -3.093379e+00 5.327905e+01 7.829570e+01
      vertex   -3.275998e+00 5.324850e+01 7.840992e+01
      vertex   -2.993172e+00 5.336892e+01 7.833942e+01
    endloop
  endfacet
  facet normal -3.443315e-01 6.923819e-01 -6.340687e-01
    outer loop
      vertex   -3.093379e+00 5.327905e+01 7.829570e+01
      vertex   -2.993172e+00 5.336892e+01 7.833942e+01
      vertex   -2.583194e+00 5.340218e+01 7.815310e+01
    endloop
  endfacet
  facet normal -3.519536e-01 6.685679e-01 -6.550921e-01
    outer loop
      vertex   -2.583194e+00 5.340218e+01 7.815310e+01
      vertex   -2.993172e+00 5.336892e+01 7.833942e+01
      vertex   -2.835092e+00 5.345998e+01 7.834742e+01
    endloop
  endfacet
  facet normal 1.871231e-02 9.647025e-01 -2.626767e-01
    outer loop
      vertex   -2.583194e+00 5.340218e+01 7.815310e+01
      vertex   -2.835092e+00 5.345998e+01 7.834742e+01
      vertex   -2.342472e+00 5.336319e+01 7.802704e+01
    endloop
  endfacet
  facet normal 6.318457e-01 -1.652657e-01 7.572702e-01
    outer loop
      vertex   -3.772110e+00 5.320134e+01 7.895586e+01
      vertex   -3.796082e+00 5.318554e+01 7.897241e+01
      vertex   -3.700136e+00 5.324347e+01 7.890500e+01
    endloop
  endfacet
  facet normal -3.284426e-01 8.950466e-01 3.016903e-01
    outer loop
      vertex   -3.700136e+00 5.324347e+01 7.890500e+01
      vertex   -3.796082e+00 5.318554e+01 7.897241e+01
      vertex   -3.571624e+00 5.331711e+01 7.882643e+01
    endloop
  endfacet
  facet normal -6.417818e-01 4.957537e-01 -5.851021e-01
    outer loop
      vertex   -3.700136e+00 5.324347e+01 7.890500e+01
      vertex   -3.571624e+00 5.331711e+01 7.882643e+01
      vertex   -3.745419e+00 5.319910e+01 7.891708e+01
    endloop
  endfacet
  facet normal -6.489969e-01 5.615137e-01 -5.133277e-01
    outer loop
      vertex   -3.745419e+00 5.319910e+01 7.891708e+01
      vertex   -3.571624e+00 5.331711e+01 7.882643e+01
      vertex   -3.572743e+00 5.328989e+01 7.879807e+01
    endloop
  endfacet
  facet normal -6.540594e-01 5.002529e-01 -5.674092e-01
    outer loop
      vertex   -3.745419e+00 5.319910e+01 7.891708e+01
      vertex   -3.572743e+00 5.328989e+01 7.879807e+01
      vertex   -3.809511e+00 5.314345e+01 7.894189e+01
    endloop
  endfacet
  facet normal -6.450675e-01 6.526071e-01 -3.974820e-01
    outer loop
      vertex   -3.809511e+00 5.314345e+01 7.894189e+01
      vertex   -3.572743e+00 5.328989e+01 7.879807e+01
      vertex   -3.636515e+00 5.323177e+01 7.880614e+01
    endloop
  endfacet
  facet normal -6.759047e-01 5.176879e-01 -5.245494e-01
    outer loop
      vertex   -3.809511e+00 5.314345e+01 7.894189e+01
      vertex   -3.636515e+00 5.323177e+01 7.880614e+01
      vertex   -3.898528e+00 5.306610e+01 7.898026e+01
    endloop
  endfacet
  facet normal -6.519665e-01 6.812657e-01 -3.328916e-01
    outer loop
      vertex   -3.898528e+00 5.306610e+01 7.898026e+01
      vertex   -3.636515e+00 5.323177e+01 7.880614e+01
      vertex   -3.725666e+00 5.315603e+01 7.882574e+01
    endloop
  endfacet
  facet normal -7.004653e-01 5.351590e-01 -4.721792e-01
    outer loop
      vertex   -3.898528e+00 5.306610e+01 7.898026e+01
      vertex   -3.725666e+00 5.315603e+01 7.882574e+01
      vertex   -4.011178e+00 5.296387e+01 7.903150e+01
    endloop
  endfacet
  facet normal -6.636370e-01 6.980274e-01 -2.689680e-01
    outer loop
      vertex   -4.011178e+00 5.296387e+01 7.903150e+01
      vertex   -3.725666e+00 5.315603e+01 7.882574e+01
      vertex   -3.839134e+00 5.306000e+01 7.885648e+01
    endloop
  endfacet
  facet normal -7.267341e-01 5.490195e-01 -4.128379e-01
    outer loop
      vertex   -4.011178e+00 5.296387e+01 7.903150e+01
      vertex   -3.839134e+00 5.306000e+01 7.885648e+01
      vertex   -4.143449e+00 5.283525e+01 7.909330e+01
    endloop
  endfacet
  facet normal -6.792097e-01 7.051363e-01 -2.036099e-01
    outer loop
      vertex   -4.143449e+00 5.283525e+01 7.909330e+01
      vertex   -3.839134e+00 5.306000e+01 7.885648e+01
      vertex   -3.973339e+00 5.294230e+01 7.889655e+01
    endloop
  endfacet
  facet normal -5.798120e-01 5.991189e-01 -5.521544e-01
    outer loop
      vertex   -3.571624e+00 5.331711e+01 7.882643e+01
      vertex   -3.332720e+00 5.340512e+01 7.867106e+01
      vertex   -3.572743e+00 5.328989e+01 7.879807e+01
    endloop
  endfacet
  facet normal -5.617576e-01 7.189378e-01 -4.093370e-01
    outer loop
      vertex   -3.572743e+00 5.328989e+01 7.879807e+01
      vertex   -3.332720e+00 5.340512e+01 7.867106e+01
      vertex   -3.389483e+00 5.337029e+01 7.868778e+01
    endloop
  endfacet
  facet normal -5.924715e-01 5.712264e-01 -5.680475e-01
    outer loop
      vertex   -3.572743e+00 5.328989e+01 7.879807e+01
      vertex   -3.389483e+00 5.337029e+01 7.868778e+01
      vertex   -3.636515e+00 5.323177e+01 7.880614e+01
    endloop
  endfacet
  facet normal -5.915202e-01 6.636711e-01 -4.578695e-01
    outer loop
      vertex   -3.636515e+00 5.323177e+01 7.880614e+01
      vertex   -3.389483e+00 5.337029e+01 7.868778e+01
      vertex   -3.451952e+00 5.330847e+01 7.867888e+01
    endloop
  endfacet
  facet normal -6.116696e-01 5.810362e-01 -5.368959e-01
    outer loop
      vertex   -3.636515e+00 5.323177e+01 7.880614e+01
      vertex   -3.451952e+00 5.330847e+01 7.867888e+01
      vertex   -3.725666e+00 5.315603e+01 7.882574e+01
    endloop
  endfacet
  facet normal -6.002509e-01 6.928752e-01 -3.995282e-01
    outer loop
      vertex   -3.725666e+00 5.315603e+01 7.882574e+01
      vertex   -3.451952e+00 5.330847e+01 7.867888e+01
      vertex   -3.539750e+00 5.323279e+01 7.867955e+01
    endloop
  endfacet
  facet normal -6.350535e-01 5.912045e-01 -4.971763e-01
    outer loop
      vertex   -3.725666e+00 5.315603e+01 7.882574e+01
      vertex   -3.539750e+00 5.323279e+01 7.867955e+01
      vertex   -3.839134e+00 5.306000e+01 7.885648e+01
    endloop
  endfacet
  facet normal -6.129453e-01 7.127018e-01 -3.411073e-01
    outer loop
      vertex   -3.839134e+00 5.306000e+01 7.885648e+01
      vertex   -3.539750e+00 5.323279e+01 7.867955e+01
      vertex   -3.651961e+00 5.314110e+01 7.868959e+01
    endloop
  endfacet
  facet normal -6.610897e-01 6.007540e-01 -4.495053e-01
    outer loop
      vertex   -3.839134e+00 5.306000e+01 7.885648e+01
      vertex   -3.651961e+00 5.314110e+01 7.868959e+01
      vertex   -3.973339e+00 5.294230e+01 7.889655e+01
    endloop
  endfacet
  facet normal -6.294375e-01 7.241392e-01 -2.818348e-01
    outer loop
      vertex   -3.973339e+00 5.294230e+01 7.889655e+01
      vertex   -3.651961e+00 5.314110e+01 7.868959e+01
      vertex   -3.785373e+00 5.303215e+01 7.870762e+01
    endloop
  endfacet
  facet normal -5.472814e-01 6.241585e-01 -5.575924e-01
    outer loop
      vertex   -3.389483e+00 5.337029e+01 7.868778e+01
      vertex   -3.332720e+00 5.340512e+01 7.867106e+01
      vertex   -3.256977e+00 5.337310e+01 7.856087e+01
    endloop
  endfacet
  facet normal -4.795517e-01 6.975752e-01 -5.323711e-01
    outer loop
      vertex   -3.256977e+00 5.337310e+01 7.856087e+01
      vertex   -3.332720e+00 5.340512e+01 7.867106e+01
      vertex   -3.085792e+00 5.345231e+01 7.851046e+01
    endloop
  endfacet
  facet normal -4.777886e-01 6.740366e-01 -5.633762e-01
    outer loop
      vertex   -3.256977e+00 5.337310e+01 7.856087e+01
      vertex   -3.085792e+00 5.345231e+01 7.851046e+01
      vertex   -3.088901e+00 5.341705e+01 7.847091e+01
    endloop
  endfacet
  facet normal -4.191047e-01 6.938221e-01 -5.856297e-01
    outer loop
      vertex   -3.088901e+00 5.341705e+01 7.847091e+01
      vertex   -3.085792e+00 5.345231e+01 7.851046e+01
      vertex   -2.915162e+00 5.345219e+01 7.838821e+01
    endloop
  endfacet
  facet normal -4.215316e-01 6.846334e-01 -5.946329e-01
    outer loop
      vertex   -3.088901e+00 5.341705e+01 7.847091e+01
      vertex   -2.915162e+00 5.345219e+01 7.838821e+01
      vertex   -3.170831e+00 5.333738e+01 7.843726e+01
    endloop
  endfacet
  facet normal -4.282282e-01 7.206494e-01 -5.452386e-01
    outer loop
      vertex   -3.170831e+00 5.333738e+01 7.843726e+01
      vertex   -2.915162e+00 5.345219e+01 7.838821e+01
      vertex   -2.993172e+00 5.336892e+01 7.833942e+01
    endloop
  endfacet
  facet normal -4.379341e-01 6.940209e-01 -5.714444e-01
    outer loop
      vertex   -3.170831e+00 5.333738e+01 7.843726e+01
      vertex   -2.993172e+00 5.336892e+01 7.833942e+01
      vertex   -3.275998e+00 5.324850e+01 7.840992e+01
    endloop
  endfacet
  facet normal -2.924138e-01 8.644269e-01 -4.089746e-01
    outer loop
      vertex   -3.085792e+00 5.345231e+01 7.851046e+01
      vertex   -2.835092e+00 5.345998e+01 7.834742e+01
      vertex   -2.915162e+00 5.345219e+01 7.838821e+01
    endloop
  endfacet
  facet normal -3.753454e-01 7.045351e-01 -6.022841e-01
    outer loop
      vertex   -2.915162e+00 5.345219e+01 7.838821e+01
      vertex   -2.835092e+00 5.345998e+01 7.834742e+01
      vertex   -2.993172e+00 5.336892e+01 7.833942e+01
    endloop
  endfacet
  facet normal 6.021946e-02 8.384154e-01 -5.416948e-01
    outer loop
      vertex   -1.881668e+00 5.313646e+01 7.772735e+01
      vertex   -2.223837e+00 5.327400e+01 7.790219e+01
      vertex   -2.342472e+00 5.336319e+01 7.802704e+01
    endloop
  endfacet
  facet normal -1.699135e-01 7.183544e-01 -6.746083e-01
    outer loop
      vertex   -2.342472e+00 5.336319e+01 7.802704e+01
      vertex   -2.223837e+00 5.327400e+01 7.790219e+01
      vertex   -2.448498e+00 5.329648e+01 7.798271e+01
    endloop
  endfacet
  facet normal -2.081495e-01 7.489057e-01 -6.291375e-01
    outer loop
      vertex   -2.342472e+00 5.336319e+01 7.802704e+01
      vertex   -2.448498e+00 5.329648e+01 7.798271e+01
      vertex   -2.583194e+00 5.340218e+01 7.815310e+01
    endloop
  endfacet
  facet normal -2.422089e-01 7.270157e-01 -6.424819e-01
    outer loop
      vertex   -2.583194e+00 5.340218e+01 7.815310e+01
      vertex   -2.448498e+00 5.329648e+01 7.798271e+01
      vertex   -2.669282e+00 5.330490e+01 7.807548e+01
    endloop
  endfacet
  facet normal -3.394690e-01 7.516537e-01 -5.654888e-01
    outer loop
      vertex   -2.583194e+00 5.340218e+01 7.815310e+01
      vertex   -2.669282e+00 5.330490e+01 7.807548e+01
      vertex   -3.093379e+00 5.327905e+01 7.829570e+01
    endloop
  endfacet
  facet normal -3.632648e-01 6.975086e-01 -6.176733e-01
    outer loop
      vertex   -3.093379e+00 5.327905e+01 7.829570e+01
      vertex   -2.669282e+00 5.330490e+01 7.807548e+01
      vertex   -3.213233e+00 5.318181e+01 7.825638e+01
    endloop
  endfacet
  facet normal -4.578394e-01 7.544760e-01 -4.702648e-01
    outer loop
      vertex   -3.093379e+00 5.327905e+01 7.829570e+01
      vertex   -3.213233e+00 5.318181e+01 7.825638e+01
      vertex   -3.401692e+00 5.314950e+01 7.838802e+01
    endloop
  endfacet
  facet normal -4.665865e-01 7.385248e-01 -4.867014e-01
    outer loop
      vertex   -3.401692e+00 5.314950e+01 7.838802e+01
      vertex   -3.213233e+00 5.318181e+01 7.825638e+01
      vertex   -3.607374e+00 5.291399e+01 7.822785e+01
    endloop
  endfacet
  facet normal -5.590598e-01 7.411115e-01 -3.717606e-01
    outer loop
      vertex   -3.401692e+00 5.314950e+01 7.838802e+01
      vertex   -3.607374e+00 5.291399e+01 7.822785e+01
      vertex   -3.926054e+00 5.282094e+01 7.852158e+01
    endloop
  endfacet
  facet normal -6.865193e-02 7.144132e-01 -6.963481e-01
    outer loop
      vertex   -2.223837e+00 5.327400e+01 7.790219e+01
      vertex   -1.881668e+00 5.313646e+01 7.772735e+01
      vertex   -2.305319e+00 5.316308e+01 7.779643e+01
    endloop
  endfacet
  facet normal -6.674467e-02 7.227598e-01 -6.878688e-01
    outer loop
      vertex   -2.305319e+00 5.316308e+01 7.779643e+01
      vertex   -1.881668e+00 5.313646e+01 7.772735e+01
      vertex   -1.926850e+00 5.304974e+01 7.764061e+01
    endloop
  endfacet
  facet normal -6.597191e-02 7.238563e-01 -6.867894e-01
    outer loop
      vertex   -2.305319e+00 5.316308e+01 7.779643e+01
      vertex   -1.926850e+00 5.304974e+01 7.764061e+01
      vertex   -1.974982e+00 5.296380e+01 7.755466e+01
    endloop
  endfacet
  facet normal -6.890441e-02 7.215660e-01 -6.889084e-01
    outer loop
      vertex   -2.305319e+00 5.316308e+01 7.779643e+01
      vertex   -1.974982e+00 5.296380e+01 7.755466e+01
      vertex   -2.481922e+00 5.289731e+01 7.753572e+01
    endloop
  endfacet
  facet normal -6.962529e-02 7.257771e-01 -6.843975e-01
    outer loop
      vertex   -2.481922e+00 5.289731e+01 7.753572e+01
      vertex   -1.974982e+00 5.296380e+01 7.755466e+01
      vertex   -2.025514e+00 5.287854e+01 7.746938e+01
    endloop
  endfacet
  facet normal -6.946353e-02 7.266169e-01 -6.835223e-01
    outer loop
      vertex   -2.481922e+00 5.289731e+01 7.753572e+01
      vertex   -2.025514e+00 5.287854e+01 7.746938e+01
      vertex   -2.077901e+00 5.279387e+01 7.738469e+01
    endloop
  endfacet
  facet normal -1.685896e-01 7.450630e-01 -6.453361e-01
    outer loop
      vertex   -2.305319e+00 5.316308e+01 7.779643e+01
      vertex   -2.481922e+00 5.289731e+01 7.753572e+01
      vertex   -2.540984e+00 5.319218e+01 7.789159e+01
    endloop
  endfacet
  facet normal -2.149578e-01 7.341874e-01 -6.440202e-01
    outer loop
      vertex   -2.540984e+00 5.319218e+01 7.789159e+01
      vertex   -2.481922e+00 5.289731e+01 7.753572e+01
      vertex   -2.877036e+00 5.295197e+01 7.772991e+01
    endloop
  endfacet
  facet normal -2.451412e-01 7.535212e-01 -6.100095e-01
    outer loop
      vertex   -2.540984e+00 5.319218e+01 7.789159e+01
      vertex   -2.877036e+00 5.295197e+01 7.772991e+01
      vertex   -2.772022e+00 5.320514e+01 7.800045e+01
    endloop
  endfacet
  facet normal -3.389098e-01 7.489786e-01 -5.693604e-01
    outer loop
      vertex   -2.772022e+00 5.320514e+01 7.800045e+01
      vertex   -2.877036e+00 5.295197e+01 7.772991e+01
      vertex   -3.254950e+00 5.295761e+01 7.796228e+01
    endloop
  endfacet
  facet normal -3.512974e-01 7.679397e-01 -5.355919e-01
    outer loop
      vertex   -2.772022e+00 5.320514e+01 7.800045e+01
      vertex   -3.254950e+00 5.295761e+01 7.796228e+01
      vertex   -3.213233e+00 5.318181e+01 7.825638e+01
    endloop
  endfacet
  facet normal -4.636816e-01 7.350922e-01 -4.946097e-01
    outer loop
      vertex   -3.213233e+00 5.318181e+01 7.825638e+01
      vertex   -3.254950e+00 5.295761e+01 7.796228e+01
      vertex   -3.607374e+00 5.291399e+01 7.822785e+01
    endloop
  endfacet
  facet normal -8.277018e-01 5.564523e-01 -7.259846e-02
    outer loop
      vertex   -4.435876e+00 5.249558e+01 7.916798e+01
      vertex   -4.616285e+00 5.227131e+01 7.950583e+01
      vertex   -4.353140e+00 5.264040e+01 7.933470e+01
    endloop
  endfacet
  facet normal -7.959659e-01 5.809979e-01 -1.699402e-01
    outer loop
      vertex   -4.353140e+00 5.264040e+01 7.933470e+01
      vertex   -4.242574e+00 5.277084e+01 7.926279e+01
      vertex   -4.258286e+00 5.274411e+01 7.924501e+01
    endloop
  endfacet
  facet normal -7.716138e-01 5.979499e-01 -2.169517e-01
    outer loop
      vertex   -4.258286e+00 5.274411e+01 7.924501e+01
      vertex   -4.242574e+00 5.277084e+01 7.926279e+01
      vertex   -4.129400e+00 5.288225e+01 7.916735e+01
    endloop
  endfacet
  facet normal -7.822500e-01 5.589160e-01 -2.751325e-01
    outer loop
      vertex   -4.242574e+00 5.277084e+01 7.926279e+01
      vertex   -4.152687e+00 5.286787e+01 7.920433e+01
      vertex   -4.129400e+00 5.288225e+01 7.916735e+01
    endloop
  endfacet
  facet normal -7.469953e-01 6.247612e-01 -2.273136e-01
    outer loop
      vertex   -4.129400e+00 5.288225e+01 7.916735e+01
      vertex   -4.152687e+00 5.286787e+01 7.920433e+01
      vertex   -4.018832e+00 5.299032e+01 7.910103e+01
    endloop
  endfacet
  facet normal -7.317248e-01 6.616166e-01 -1.638359e-01
    outer loop
      vertex   -4.152687e+00 5.286787e+01 7.920433e+01
      vertex   -3.927783e+00 5.308038e+01 7.905806e+01
      vertex   -4.018832e+00 5.299032e+01 7.910103e+01
    endloop
  endfacet
  facet normal -7.346215e-01 5.598427e-01 -3.832849e-01
    outer loop
      vertex   -4.018832e+00 5.299032e+01 7.910103e+01
      vertex   -3.927783e+00 5.308038e+01 7.905806e+01
      vertex   -3.930973e+00 5.306987e+01 7.904883e+01
    endloop
  endfacet
  facet normal -7.200091e-01 5.684242e-01 -3.980965e-01
    outer loop
      vertex   -3.930973e+00 5.306987e+01 7.904883e+01
      vertex   -3.927783e+00 5.308038e+01 7.905806e+01
      vertex   -3.867336e+00 5.312446e+01 7.901168e+01
    endloop
  endfacet
  facet normal -7.258329e-01 5.123392e-01 -4.589936e-01
    outer loop
      vertex   -3.867336e+00 5.312446e+01 7.901168e+01
      vertex   -3.927783e+00 5.308038e+01 7.905806e+01
      vertex   -3.871417e+00 5.312739e+01 7.902140e+01
    endloop
  endfacet
  facet normal -7.119124e-01 5.315591e-01 -4.589398e-01
    outer loop
      vertex   -3.867336e+00 5.312446e+01 7.901168e+01
      vertex   -3.871417e+00 5.312739e+01 7.902140e+01
      vertex   -3.821886e+00 5.316355e+01 7.898644e+01
    endloop
  endfacet
  facet normal -7.054378e-01 4.020511e-01 -5.837058e-01
    outer loop
      vertex   -3.821886e+00 5.316355e+01 7.898644e+01
      vertex   -3.871417e+00 5.312739e+01 7.902140e+01
      vertex   -3.856480e+00 5.313950e+01 7.901169e+01
    endloop
  endfacet
  facet normal -7.092375e-01 5.158718e-01 -4.804773e-01
    outer loop
      vertex   -3.821886e+00 5.316355e+01 7.898644e+01
      vertex   -3.856480e+00 5.313950e+01 7.901169e+01
      vertex   -3.811865e+00 5.317289e+01 7.898168e+01
    endloop
  endfacet
  facet normal -6.767306e-01 3.000946e-01 -6.722938e-01
    outer loop
      vertex   -3.811865e+00 5.317289e+01 7.898168e+01
      vertex   -3.856480e+00 5.313950e+01 7.901169e+01
      vertex   -3.847359e+00 5.314672e+01 7.900573e+01
    endloop
  endfacet
  facet normal -7.069438e-01 4.909965e-01 -5.090706e-01
    outer loop
      vertex   -3.811865e+00 5.317289e+01 7.898168e+01
      vertex   -3.847359e+00 5.314672e+01 7.900573e+01
      vertex   -3.809569e+00 5.317546e+01 7.898098e+01
    endloop
  endfacet
  facet normal -6.557137e-01 7.420522e-01 -1.392770e-01
    outer loop
      vertex   -3.809569e+00 5.317546e+01 7.898098e+01
      vertex   -3.847359e+00 5.314672e+01 7.900573e+01
      vertex   -3.847342e+00 5.314673e+01 7.900572e+01
    endloop
  endfacet
  facet normal -5.718172e-01 8.168811e-01 7.569948e-02
    outer loop
      vertex   -3.847342e+00 5.314673e+01 7.900572e+01
      vertex   -3.847348e+00 5.314672e+01 7.900573e+01
      vertex   -3.809569e+00 5.317546e+01 7.898098e+01
    endloop
  endfacet
  facet normal -4.595058e-01 8.435259e-01 2.780621e-01
    outer loop
      vertex   -3.809569e+00 5.317546e+01 7.898098e+01
      vertex   -3.847348e+00 5.314672e+01 7.900573e+01
      vertex   -3.847374e+00 5.314670e+01 7.900575e+01
    endloop
  endfacet
  facet normal -6.847893e-01 5.781852e-01 -4.435825e-01
    outer loop
      vertex   -3.745419e+00 5.319910e+01 7.891708e+01
      vertex   -3.827454e+00 5.314995e+01 7.897965e+01
      vertex   -3.700136e+00 5.324347e+01 7.890500e+01
    endloop
  endfacet
  facet normal -6.745979e-01 4.533336e-01 -5.825859e-01
    outer loop
      vertex   -3.700136e+00 5.324347e+01 7.890500e+01
      vertex   -3.827454e+00 5.314995e+01 7.897965e+01
      vertex   -3.782013e+00 5.319073e+01 7.895876e+01
    endloop
  endfacet
  facet normal -6.760473e-01 4.765907e-01 -5.619798e-01
    outer loop
      vertex   -3.700136e+00 5.324347e+01 7.890500e+01
      vertex   -3.782013e+00 5.319073e+01 7.895876e+01
      vertex   -3.772110e+00 5.320134e+01 7.895586e+01
    endloop
  endfacet
  facet normal -6.948019e-01 4.931943e-01 -5.234594e-01
    outer loop
      vertex   -3.827454e+00 5.314995e+01 7.897965e+01
      vertex   -3.745419e+00 5.319910e+01 7.891708e+01
      vertex   -3.891311e+00 5.309509e+01 7.901272e+01
    endloop
  endfacet
  facet normal -6.870082e-01 6.289446e-01 -3.639346e-01
    outer loop
      vertex   -3.891311e+00 5.309509e+01 7.901272e+01
      vertex   -3.745419e+00 5.319910e+01 7.891708e+01
      vertex   -3.809511e+00 5.314345e+01 7.894189e+01
    endloop
  endfacet
  facet normal -7.144131e-01 5.157264e-01 -4.729061e-01
    outer loop
      vertex   -3.891311e+00 5.309509e+01 7.901272e+01
      vertex   -3.809511e+00 5.314345e+01 7.894189e+01
      vertex   -3.979661e+00 5.301636e+01 7.906034e+01
    endloop
  endfacet
  facet normal -6.960843e-01 6.522299e-01 -3.001047e-01
    outer loop
      vertex   -3.979661e+00 5.301636e+01 7.906034e+01
      vertex   -3.809511e+00 5.314345e+01 7.894189e+01
      vertex   -3.898528e+00 5.306610e+01 7.898026e+01
    endloop
  endfacet
  facet normal -7.366694e-01 5.343918e-01 -4.144196e-01
    outer loop
      vertex   -3.979661e+00 5.301636e+01 7.906034e+01
      vertex   -3.898528e+00 5.306610e+01 7.898026e+01
      vertex   -4.091068e+00 5.291035e+01 7.912167e+01
    endloop
  endfacet
  facet normal -7.096308e-01 6.644630e-01 -2.343356e-01
    outer loop
      vertex   -4.091068e+00 5.291035e+01 7.912167e+01
      vertex   -3.898528e+00 5.306610e+01 7.898026e+01
      vertex   -4.011178e+00 5.296387e+01 7.903150e+01
    endloop
  endfacet
  facet normal -7.607726e-01 5.469381e-01 -3.494047e-01
    outer loop
      vertex   -4.091068e+00 5.291035e+01 7.912167e+01
      vertex   -4.011178e+00 5.296387e+01 7.903150e+01
      vertex   -4.221274e+00 5.277550e+01 7.919409e+01
    endloop
  endfacet
  facet normal -7.261180e-01 6.674835e-01 -1.649803e-01
    outer loop
      vertex   -4.221274e+00 5.277550e+01 7.919409e+01
      vertex   -4.011178e+00 5.296387e+01 7.903150e+01
      vertex   -4.143449e+00 5.283525e+01 7.909330e+01
    endloop
  endfacet
  facet normal -5.448031e-01 6.271473e-01 -5.566649e-01
    outer loop
      vertex   -3.539750e+00 5.323279e+01 7.867955e+01
      vertex   -3.451952e+00 5.330847e+01 7.867888e+01
      vertex   -3.256977e+00 5.337310e+01 7.856087e+01
    endloop
  endfacet
  facet normal -5.442234e-01 6.297614e-01 -5.542756e-01
    outer loop
      vertex   -3.256977e+00 5.337310e+01 7.856087e+01
      vertex   -3.451952e+00 5.330847e+01 7.867888e+01
      vertex   -3.389483e+00 5.337029e+01 7.868778e+01
    endloop
  endfacet
  facet normal -4.802160e-01 6.644933e-01 -5.725742e-01
    outer loop
      vertex   -3.256977e+00 5.337310e+01 7.856087e+01
      vertex   -3.088901e+00 5.341705e+01 7.847091e+01
      vertex   -3.342069e+00 5.329590e+01 7.854265e+01
    endloop
  endfacet
  facet normal -4.847153e-01 7.126528e-01 -5.071264e-01
    outer loop
      vertex   -3.342069e+00 5.329590e+01 7.854265e+01
      vertex   -3.088901e+00 5.341705e+01 7.847091e+01
      vertex   -3.170831e+00 5.333738e+01 7.843726e+01
    endloop
  endfacet
  facet normal -4.987944e-01 6.736393e-01 -5.453569e-01
    outer loop
      vertex   -3.342069e+00 5.329590e+01 7.854265e+01
      vertex   -3.170831e+00 5.333738e+01 7.843726e+01
      vertex   -3.451132e+00 5.320659e+01 7.853208e+01
    endloop
  endfacet
  facet normal -4.985789e-01 7.325520e-01 -4.634508e-01
    outer loop
      vertex   -3.451132e+00 5.320659e+01 7.853208e+01
      vertex   -3.170831e+00 5.333738e+01 7.843726e+01
      vertex   -3.275998e+00 5.324850e+01 7.840992e+01
    endloop
  endfacet
  facet normal -5.212433e-01 6.817195e-01 -5.133847e-01
    outer loop
      vertex   -3.451132e+00 5.320659e+01 7.853208e+01
      vertex   -3.275998e+00 5.324850e+01 7.840992e+01
      vertex   -3.581256e+00 5.310409e+01 7.852808e+01
    endloop
  endfacet
  facet normal -5.663156e-01 6.355242e-01 -5.247815e-01
    outer loop
      vertex   -3.651961e+00 5.314110e+01 7.868959e+01
      vertex   -3.539750e+00 5.323279e+01 7.867955e+01
      vertex   -3.342069e+00 5.329590e+01 7.854265e+01
    endloop
  endfacet
  facet normal -5.418243e-01 7.051991e-01 -4.572971e-01
    outer loop
      vertex   -3.342069e+00 5.329590e+01 7.854265e+01
      vertex   -3.539750e+00 5.323279e+01 7.867955e+01
      vertex   -3.256977e+00 5.337310e+01 7.856087e+01
    endloop
  endfacet
  facet normal -5.551480e-01 7.259501e-01 -4.059644e-01
    outer loop
      vertex   -3.651961e+00 5.314110e+01 7.868959e+01
      vertex   -3.342069e+00 5.329590e+01 7.854265e+01
      vertex   -3.451132e+00 5.320659e+01 7.853208e+01
    endloop
  endfacet
  facet normal -1.699161e-01 7.425685e-01 -6.478584e-01
    outer loop
      vertex   -2.305319e+00 5.316308e+01 7.779643e+01
      vertex   -2.540984e+00 5.319218e+01 7.789159e+01
      vertex   -2.223837e+00 5.327400e+01 7.790219e+01
    endloop
  endfacet
  facet normal -1.655867e-01 7.280379e-01 -6.652382e-01
    outer loop
      vertex   -2.223837e+00 5.327400e+01 7.790219e+01
      vertex   -2.540984e+00 5.319218e+01 7.789159e+01
      vertex   -2.448498e+00 5.329648e+01 7.798271e+01
    endloop
  endfacet
  facet normal -2.458626e-01 7.521740e-01 -6.113802e-01
    outer loop
      vertex   -2.540984e+00 5.319218e+01 7.789159e+01
      vertex   -2.772022e+00 5.320514e+01 7.800045e+01
      vertex   -2.448498e+00 5.329648e+01 7.798271e+01
    endloop
  endfacet
  facet normal -2.410584e-01 7.296012e-01 -6.399788e-01
    outer loop
      vertex   -2.448498e+00 5.329648e+01 7.798271e+01
      vertex   -2.772022e+00 5.320514e+01 7.800045e+01
      vertex   -2.669282e+00 5.330490e+01 7.807548e+01
    endloop
  endfacet
  facet normal -3.520830e-01 7.665440e-01 -5.370735e-01
    outer loop
      vertex   -2.772022e+00 5.320514e+01 7.800045e+01
      vertex   -3.213233e+00 5.318181e+01 7.825638e+01
      vertex   -2.669282e+00 5.330490e+01 7.807548e+01
    endloop
  endfacet
  facet normal -5.911942e-01 6.435048e-01 -4.862006e-01
    outer loop
      vertex   -3.785373e+00 5.303215e+01 7.870762e+01
      vertex   -3.651961e+00 5.314110e+01 7.868959e+01
      vertex   -3.451132e+00 5.320659e+01 7.853208e+01
    endloop
  endfacet
  facet normal -5.720335e-01 7.399815e-01 -3.538434e-01
    outer loop
      vertex   -3.785373e+00 5.303215e+01 7.870762e+01
      vertex   -3.451132e+00 5.320659e+01 7.853208e+01
      vertex   -3.581256e+00 5.310409e+01 7.852808e+01
    endloop
  endfacet
  facet normal -6.930631e-02 6.323544e-01 -7.715728e-01
    outer loop
      vertex   -2.376122e+00 1.286382e+01 3.765491e+01
      vertex   -2.745822e+00 1.283817e+01 3.766709e+01
      vertex   -2.376122e+00 1.350036e+01 3.817659e+01
    endloop
  endfacet
  facet normal -1.151983e-01 6.453441e-01 -7.551559e-01
    outer loop
      vertex   -2.376122e+00 1.350036e+01 3.817659e+01
      vertex   -2.745822e+00 1.283817e+01 3.766709e+01
      vertex   -3.043685e+00 1.369280e+01 3.844288e+01
    endloop
  endfacet
  facet normal -1.062675e-01 6.602195e-01 -7.435169e-01
    outer loop
      vertex   -2.376122e+00 1.350036e+01 3.817659e+01
      vertex   -3.043685e+00 1.369280e+01 3.844288e+01
      vertex   -2.376122e+00 1.411577e+01 3.872305e+01
    endloop
  endfacet
  facet normal -1.223781e-01 6.750630e-01 -7.275394e-01
    outer loop
      vertex   -2.376122e+00 1.411577e+01 3.872305e+01
      vertex   -3.043685e+00 1.369280e+01 3.844288e+01
      vertex   -2.961393e+00 1.466831e+01 3.933419e+01
    endloop
  endfacet
  facet normal -9.799814e-02 6.897045e-01 -7.174288e-01
    outer loop
      vertex   -2.376122e+00 1.411577e+01 3.872305e+01
      vertex   -2.961393e+00 1.466831e+01 3.933419e+01
      vertex   -2.376122e+00 1.470907e+01 3.929343e+01
    endloop
  endfacet
  facet normal -1.885486e-01 6.232362e-01 -7.589638e-01
    outer loop
      vertex   -2.745822e+00 1.283817e+01 3.766709e+01
      vertex   -3.122559e+00 1.276594e+01 3.770137e+01
      vertex   -3.043685e+00 1.369280e+01 3.844288e+01
    endloop
  endfacet
  facet normal -3.055362e-01 6.105527e-01 -7.306662e-01
    outer loop
      vertex   -3.043685e+00 1.369280e+01 3.844288e+01
      vertex   -3.122559e+00 1.276594e+01 3.770137e+01
      vertex   -3.472458e+00 1.265427e+01 3.775437e+01
    endloop
  endfacet
  facet normal -3.302432e-01 6.124845e-01 -7.181937e-01
    outer loop
      vertex   -3.043685e+00 1.369280e+01 3.844288e+01
      vertex   -3.472458e+00 1.265427e+01 3.775437e+01
      vertex   -3.677773e+00 1.354620e+01 3.860943e+01
    endloop
  endfacet
  facet normal -4.254035e-01 5.733469e-01 -7.002180e-01
    outer loop
      vertex   -3.677773e+00 1.354620e+01 3.860943e+01
      vertex   -3.472458e+00 1.265427e+01 3.775437e+01
      vertex   -3.800895e+00 1.250000e+01 3.782759e+01
    endloop
  endfacet
  facet normal -5.330065e-01 5.458560e-01 -6.464869e-01
    outer loop
      vertex   -3.677773e+00 1.354620e+01 3.860943e+01
      vertex   -3.800895e+00 1.250000e+01 3.782759e+01
      vertex   -4.192835e+00 1.250000e+01 3.815073e+01
    endloop
  endfacet
  facet normal -5.319450e-01 5.457541e-01 -6.474465e-01
    outer loop
      vertex   -3.677773e+00 1.354620e+01 3.860943e+01
      vertex   -4.192835e+00 1.250000e+01 3.815073e+01
      vertex   -4.246591e+00 1.331006e+01 3.887773e+01
    endloop
  endfacet
  facet normal -6.553689e-01 4.799319e-01 -5.832298e-01
    outer loop
      vertex   -4.246591e+00 1.331006e+01 3.887773e+01
      vertex   -4.192835e+00 1.250000e+01 3.815073e+01
      vertex   -4.513891e+00 1.250000e+01 3.851150e+01
    endloop
  endfacet
  facet normal -7.070948e-01 4.715487e-01 -5.269334e-01
    outer loop
      vertex   -4.246591e+00 1.331006e+01 3.887773e+01
      vertex   -4.513891e+00 1.250000e+01 3.851150e+01
      vertex   -4.721617e+00 1.299622e+01 3.923430e+01
    endloop
  endfacet
  facet normal -7.656345e-01 4.061397e-01 -4.988530e-01
    outer loop
      vertex   -4.721617e+00 1.299622e+01 3.923430e+01
      vertex   -4.513891e+00 1.250000e+01 3.851150e+01
      vertex   -4.789321e+00 1.250000e+01 3.893423e+01
    endloop
  endfacet
  facet normal -8.359470e-01 3.629837e-01 -4.116254e-01
    outer loop
      vertex   -4.721617e+00 1.299622e+01 3.923430e+01
      vertex   -4.789321e+00 1.250000e+01 3.893423e+01
      vertex   -5.012576e+00 1.250000e+01 3.938762e+01
    endloop
  endfacet
  facet normal -8.460650e-01 3.808520e-01 -3.729956e-01
    outer loop
      vertex   -4.721617e+00 1.299622e+01 3.923430e+01
      vertex   -5.012576e+00 1.250000e+01 3.938762e+01
      vertex   -5.079029e+00 1.262040e+01 3.966129e+01
    endloop
  endfacet
  facet normal -9.204394e-01 2.224920e-01 -3.213856e-01
    outer loop
      vertex   -5.079029e+00 1.262040e+01 3.966129e+01
      vertex   -5.012576e+00 1.250000e+01 3.938762e+01
      vertex   -5.171132e+00 1.250000e+01 3.984172e+01
    endloop
  endfacet
  facet normal -9.186344e-01 2.688680e-01 -2.895182e-01
    outer loop
      vertex   -5.079029e+00 1.262040e+01 3.966129e+01
      vertex   -5.171132e+00 1.250000e+01 3.984172e+01
      vertex   -5.147761e+00 1.339943e+01 4.060284e+01
    endloop
  endfacet
  facet normal -9.529273e-01 2.099065e-01 -2.187893e-01
    outer loop
      vertex   -5.147761e+00 1.339943e+01 4.060284e+01
      vertex   -5.171132e+00 1.250000e+01 3.984172e+01
      vertex   -5.283900e+00 1.250000e+01 4.033288e+01
    endloop
  endfacet
  facet normal -9.569396e-01 2.061785e-01 -2.043456e-01
    outer loop
      vertex   -5.147761e+00 1.339943e+01 4.060284e+01
      vertex   -5.283900e+00 1.250000e+01 4.033288e+01
      vertex   -5.318478e+00 1.300145e+01 4.100075e+01
    endloop
  endfacet
  facet normal -9.847730e-01 1.106642e-01 -1.340729e-01
    outer loop
      vertex   -5.318478e+00 1.300145e+01 4.100075e+01
      vertex   -5.283900e+00 1.250000e+01 4.033288e+01
      vertex   -5.352788e+00 1.250000e+01 4.083886e+01
    endloop
  endfacet
  facet normal -9.949304e-01 8.528105e-02 -5.329798e-02
    outer loop
      vertex   -5.318478e+00 1.300145e+01 4.100075e+01
      vertex   -5.352788e+00 1.250000e+01 4.083886e+01
      vertex   -5.376122e+00 1.258757e+01 4.141457e+01
    endloop
  endfacet
  facet normal -9.977293e-01 4.757388e-02 -4.767586e-02
    outer loop
      vertex   -5.376122e+00 1.258757e+01 4.141457e+01
      vertex   -5.352788e+00 1.250000e+01 4.083886e+01
      vertex   -5.376122e+00 1.255845e+01 4.138551e+01
    endloop
  endfacet
  facet normal -9.977422e-01 4.732900e-02 -4.765023e-02
    outer loop
      vertex   -5.376122e+00 1.255845e+01 4.138551e+01
      vertex   -5.352788e+00 1.250000e+01 4.083886e+01
      vertex   -5.376122e+00 1.252926e+01 4.135651e+01
    endloop
  endfacet
  facet normal -9.977537e-01 4.709834e-02 -4.763771e-02
    outer loop
      vertex   -5.376122e+00 1.252926e+01 4.135651e+01
      vertex   -5.352788e+00 1.250000e+01 4.083886e+01
      vertex   -5.376122e+00 1.250000e+01 4.132759e+01
    endloop
  endfacet
  facet normal -8.819087e-01 3.295783e-01 -3.370685e-01
    outer loop
      vertex   -5.147761e+00 1.339943e+01 4.060284e+01
      vertex   -4.870531e+00 1.376621e+01 4.023613e+01
      vertex   -5.079029e+00 1.262040e+01 3.966129e+01
    endloop
  endfacet
  facet normal -8.467211e-01 3.535365e-01 -3.975869e-01
    outer loop
      vertex   -5.079029e+00 1.262040e+01 3.966129e+01
      vertex   -4.870531e+00 1.376621e+01 4.023613e+01
      vertex   -4.721617e+00 1.299622e+01 3.923430e+01
    endloop
  endfacet
  facet normal -7.729796e-01 4.422909e-01 -4.548420e-01
    outer loop
      vertex   -4.870531e+00 1.376621e+01 4.023613e+01
      vertex   -4.497442e+00 1.408770e+01 3.991470e+01
      vertex   -4.721617e+00 1.299622e+01 3.923430e+01
    endloop
  endfacet
  facet normal -7.070860e-01 4.729308e-01 -5.257051e-01
    outer loop
      vertex   -4.721617e+00 1.299622e+01 3.923430e+01
      vertex   -4.497442e+00 1.408770e+01 3.991470e+01
      vertex   -4.246591e+00 1.331006e+01 3.887773e+01
    endloop
  endfacet
  facet normal -6.343345e-01 5.369715e-01 -5.561307e-01
    outer loop
      vertex   -4.497442e+00 1.408770e+01 3.991470e+01
      vertex   -4.042833e+00 1.435153e+01 3.965090e+01
      vertex   -4.246591e+00 1.331006e+01 3.887773e+01
    endloop
  endfacet
  facet normal -5.319849e-01 5.693706e-01 -6.267449e-01
    outer loop
      vertex   -4.246591e+00 1.331006e+01 3.887773e+01
      vertex   -4.042833e+00 1.435153e+01 3.965090e+01
      vertex   -3.677773e+00 1.354620e+01 3.860943e+01
    endloop
  endfacet
  facet normal -4.713109e-01 6.100597e-01 -6.369405e-01
    outer loop
      vertex   -4.042833e+00 1.435153e+01 3.965090e+01
      vertex   -3.524172e+00 1.454758e+01 3.945489e+01
      vertex   -3.677773e+00 1.354620e+01 3.860943e+01
    endloop
  endfacet
  facet normal -3.302176e-01 6.379862e-01 -6.956508e-01
    outer loop
      vertex   -3.677773e+00 1.354620e+01 3.860943e+01
      vertex   -3.524172e+00 1.454758e+01 3.945489e+01
      vertex   -3.043685e+00 1.369280e+01 3.844288e+01
    endloop
  endfacet
  facet normal -2.901929e-01 6.587271e-01 -6.941662e-01
    outer loop
      vertex   -3.524172e+00 1.454758e+01 3.945489e+01
      vertex   -2.961393e+00 1.466831e+01 3.933419e+01
      vertex   -3.043685e+00 1.369280e+01 3.844288e+01
    endloop
  endfacet
  facet normal -9.801711e-02 7.042725e-01 -7.031307e-01
    outer loop
      vertex   -2.961393e+00 1.466831e+01 3.933419e+01
      vertex   -3.043685e+00 2.387139e+01 4.856368e+01
      vertex   -2.376122e+00 1.470907e+01 3.929343e+01
    endloop
  endfacet
  facet normal -1.119645e-01 7.027203e-01 -7.026010e-01
    outer loop
      vertex   -2.376122e+00 1.470907e+01 3.929343e+01
      vertex   -3.043685e+00 2.387139e+01 4.856368e+01
      vertex   -3.043685e+00 3.308690e+01 5.778076e+01
    endloop
  endfacet
  facet normal -1.119645e-01 7.027203e-01 -7.026010e-01
    outer loop
      vertex   -2.376122e+00 1.470907e+01 3.929343e+01
      vertex   -3.043685e+00 3.308690e+01 5.778076e+01
      vertex   -3.043685e+00 4.230241e+01 6.699783e+01
    endloop
  endfacet
  facet normal -3.302791e-01 6.674830e-01 -6.673696e-01
    outer loop
      vertex   -3.043685e+00 4.230241e+01 6.699783e+01
      vertex   -3.043685e+00 3.308690e+01 5.778076e+01
      vertex   -3.677773e+00 4.214550e+01 6.715471e+01
    endloop
  endfacet
  facet normal -3.302789e-01 6.667153e-01 -6.681366e-01
    outer loop
      vertex   -3.043685e+00 4.230241e+01 6.699783e+01
      vertex   -3.677773e+00 4.214550e+01 6.715471e+01
      vertex   -3.524172e+00 5.140962e+01 7.632319e+01
    endloop
  endfacet
  facet normal -4.713965e-01 6.243048e-01 -6.229196e-01
    outer loop
      vertex   -3.524172e+00 5.140962e+01 7.632319e+01
      vertex   -3.677773e+00 4.214550e+01 6.715471e+01
      vertex   -4.042833e+00 5.121357e+01 7.651920e+01
    endloop
  endfacet
  facet normal -5.320316e-01 5.978155e-01 -5.996324e-01
    outer loop
      vertex   -4.042833e+00 5.121357e+01 7.651920e+01
      vertex   -3.677773e+00 4.214550e+01 6.715471e+01
      vertex   -4.246591e+00 4.189275e+01 6.740742e+01
    endloop
  endfacet
  facet normal -6.343929e-01 5.474147e-01 -5.457864e-01
    outer loop
      vertex   -4.042833e+00 5.121357e+01 7.651920e+01
      vertex   -4.246591e+00 4.189275e+01 6.740742e+01
      vertex   -4.497442e+00 5.094973e+01 7.678299e+01
    endloop
  endfacet
  facet normal -7.071060e-01 4.990187e-01 -5.009805e-01
    outer loop
      vertex   -4.497442e+00 5.094973e+01 7.678299e+01
      vertex   -4.246591e+00 4.189275e+01 6.740742e+01
      vertex   -4.721617e+00 4.155683e+01 6.774328e+01
    endloop
  endfacet
  facet normal -7.730100e-01 4.493893e-01 -4.477777e-01
    outer loop
      vertex   -4.497442e+00 5.094973e+01 7.678299e+01
      vertex   -4.721617e+00 4.155683e+01 6.774328e+01
      vertex   -4.870531e+00 5.062825e+01 7.710442e+01
    endloop
  endfacet
  facet normal -8.467234e-01 3.752758e-01 -3.771306e-01
    outer loop
      vertex   -4.870531e+00 5.062825e+01 7.710442e+01
      vertex   -4.721617e+00 4.155683e+01 6.774328e+01
      vertex   -5.079029e+00 4.115458e+01 6.814546e+01
    endloop
  endfacet
  facet normal -8.819209e-01 3.339956e-01 -3.326597e-01
    outer loop
      vertex   -4.870531e+00 5.062825e+01 7.710442e+01
      vertex   -5.079029e+00 4.115458e+01 6.814546e+01
      vertex   -5.147761e+00 5.026147e+01 7.747114e+01
    endloop
  endfacet
  facet normal -9.438828e-01 2.327950e-01 -2.342900e-01
    outer loop
      vertex   -5.147761e+00 5.026147e+01 7.747114e+01
      vertex   -5.079029e+00 4.115458e+01 6.814546e+01
      vertex   -5.300906e+00 4.070617e+01 6.859379e+01
    endloop
  endfacet
  facet normal -9.569402e-01 2.056633e-01 -2.048611e-01
    outer loop
      vertex   -5.147761e+00 5.026147e+01 7.747114e+01
      vertex   -5.300906e+00 4.070617e+01 6.859379e+01
      vertex   -5.318478e+00 4.986349e+01 7.786905e+01
    endloop
  endfacet
  facet normal -9.951845e-01 6.880336e-02 -6.981385e-02
    outer loop
      vertex   -5.318478e+00 4.986349e+01 7.786905e+01
      vertex   -5.300906e+00 4.070617e+01 6.859379e+01
      vertex   -5.376122e+00 4.944961e+01 7.828287e+01
    endloop
  endfacet
  facet normal -9.937122e-01 7.917756e-02 -7.916412e-02
    outer loop
      vertex   -5.376122e+00 4.944961e+01 7.828287e+01
      vertex   -5.300906e+00 4.070617e+01 6.859379e+01
      vertex   -5.300906e+00 3.149067e+01 5.937672e+01
    endloop
  endfacet
  facet normal -9.937122e-01 7.917756e-02 -7.916412e-02
    outer loop
      vertex   -5.376122e+00 4.944961e+01 7.828287e+01
      vertex   -5.300906e+00 3.149067e+01 5.937672e+01
      vertex   -5.300906e+00 2.227516e+01 5.015964e+01
    endloop
  endfacet
  facet normal -9.438833e-01 2.335624e-01 -2.335227e-01
    outer loop
      vertex   -5.300906e+00 2.227516e+01 5.015964e+01
      vertex   -5.300906e+00 3.149067e+01 5.937672e+01
      vertex   -5.079029e+00 2.272356e+01 4.971131e+01
    endloop
  endfacet
  facet normal -9.438828e-01 2.343295e-01 -2.327552e-01
    outer loop
      vertex   -5.300906e+00 2.227516e+01 5.015964e+01
      vertex   -5.079029e+00 2.272356e+01 4.971131e+01
      vertex   -5.147761e+00 1.339943e+01 4.060284e+01
    endloop
  endfacet
  facet normal -8.819209e-01 3.327164e-01 -3.339391e-01
    outer loop
      vertex   -5.147761e+00 1.339943e+01 4.060284e+01
      vertex   -5.079029e+00 2.272356e+01 4.971131e+01
      vertex   -4.870531e+00 1.376621e+01 4.023613e+01
    endloop
  endfacet
  facet normal -8.467234e-01 3.771944e-01 -3.752118e-01
    outer loop
      vertex   -4.870531e+00 1.376621e+01 4.023613e+01
      vertex   -5.079029e+00 2.272356e+01 4.971131e+01
      vertex   -4.721617e+00 2.312581e+01 4.930913e+01
    endloop
  endfacet
  facet normal -7.730100e-01 4.478540e-01 -4.493132e-01
    outer loop
      vertex   -4.870531e+00 1.376621e+01 4.023613e+01
      vertex   -4.721617e+00 2.312581e+01 4.930913e+01
      vertex   -4.497442e+00 1.408770e+01 3.991470e+01
    endloop
  endfacet
  facet normal -7.071060e-01 5.010652e-01 -4.989335e-01
    outer loop
      vertex   -4.497442e+00 1.408770e+01 3.991470e+01
      vertex   -4.721617e+00 2.312581e+01 4.930913e+01
      vertex   -4.246591e+00 2.346173e+01 4.897327e+01
    endloop
  endfacet
  facet normal -6.343929e-01 5.458794e-01 -5.473220e-01
    outer loop
      vertex   -4.497442e+00 1.408770e+01 3.991470e+01
      vertex   -4.246591e+00 2.346173e+01 4.897327e+01
      vertex   -4.042833e+00 1.435153e+01 3.965090e+01
    endloop
  endfacet
  facet normal -5.320316e-01 5.997340e-01 -5.977136e-01
    outer loop
      vertex   -4.042833e+00 1.435153e+01 3.965090e+01
      vertex   -4.246591e+00 2.346173e+01 4.897327e+01
      vertex   -3.677773e+00 2.371448e+01 4.872056e+01
    endloop
  endfacet
  facet normal -4.713965e-01 6.230256e-01 -6.241990e-01
    outer loop
      vertex   -4.042833e+00 1.435153e+01 3.965090e+01
      vertex   -3.677773e+00 2.371448e+01 4.872056e+01
      vertex   -3.524172e+00 1.454758e+01 3.945489e+01
    endloop
  endfacet
  facet normal -3.302789e-01 6.682499e-01 -6.666018e-01
    outer loop
      vertex   -3.524172e+00 1.454758e+01 3.945489e+01
      vertex   -3.677773e+00 2.371448e+01 4.872056e+01
      vertex   -3.043685e+00 2.387139e+01 4.856368e+01
    endloop
  endfacet
  facet normal -2.902846e-01 6.763327e-01 -6.769852e-01
    outer loop
      vertex   -3.524172e+00 1.454758e+01 3.945489e+01
      vertex   -3.043685e+00 2.387139e+01 4.856368e+01
      vertex   -2.961393e+00 1.466831e+01 3.933419e+01
    endloop
  endfacet
  facet normal -9.569402e-01 2.048960e-01 -2.056285e-01
    outer loop
      vertex   -5.147761e+00 1.339943e+01 4.060284e+01
      vertex   -5.318478e+00 1.300145e+01 4.100075e+01
      vertex   -5.300906e+00 2.227516e+01 5.015964e+01
    endloop
  endfacet
  facet normal -9.903548e-01 9.830598e-02 -9.763823e-02
    outer loop
      vertex   -5.300906e+00 2.227516e+01 5.015964e+01
      vertex   -5.318478e+00 1.300145e+01 4.100075e+01
      vertex   -5.376122e+00 4.944961e+01 7.828287e+01
    endloop
  endfacet
  facet normal -9.951847e-01 6.931447e-02 -6.930270e-02
    outer loop
      vertex   -5.318478e+00 1.300145e+01 4.100075e+01
      vertex   -5.376122e+00 1.258757e+01 4.141457e+01
      vertex   -5.376122e+00 4.944961e+01 7.828287e+01
    endloop
  endfacet
  facet normal -2.902846e-01 6.771000e-01 -6.762177e-01
    outer loop
      vertex   -3.524172e+00 5.140962e+01 7.632319e+01
      vertex   -2.961393e+00 5.153034e+01 7.620248e+01
      vertex   -3.043685e+00 4.230241e+01 6.699783e+01
    endloop
  endfacet
  facet normal -1.385535e-01 7.000206e-01 -7.005527e-01
    outer loop
      vertex   -3.043685e+00 4.230241e+01 6.699783e+01
      vertex   -2.961393e+00 5.153034e+01 7.620248e+01
      vertex   -2.376122e+00 1.470907e+01 3.929343e+01
    endloop
  endfacet
  facet normal -9.801714e-02 7.037616e-01 -7.036421e-01
    outer loop
      vertex   -2.961393e+00 5.153034e+01 7.620248e+01
      vertex   -2.376122e+00 5.157111e+01 7.616173e+01
      vertex   -2.376122e+00 1.470907e+01 3.929343e+01
    endloop
  endfacet
  facet normal -3.302791e-01 6.674830e-01 -6.673696e-01
    outer loop
      vertex   -3.043685e+00 3.308690e+01 5.778076e+01
      vertex   -3.043685e+00 2.387139e+01 4.856368e+01
      vertex   -3.677773e+00 3.292999e+01 5.793764e+01
    endloop
  endfacet
  facet normal -3.302791e-01 6.674830e-01 -6.673696e-01
    outer loop
      vertex   -3.677773e+00 3.292999e+01 5.793764e+01
      vertex   -3.043685e+00 2.387139e+01 4.856368e+01
      vertex   -3.677773e+00 2.371448e+01 4.872056e+01
    endloop
  endfacet
  facet normal -5.320321e-01 5.987753e-01 -5.986736e-01
    outer loop
      vertex   -3.677773e+00 3.292999e+01 5.793764e+01
      vertex   -3.677773e+00 2.371448e+01 4.872056e+01
      vertex   -4.246591e+00 3.267724e+01 5.819034e+01
    endloop
  endfacet
  facet normal -5.320321e-01 5.987753e-01 -5.986736e-01
    outer loop
      vertex   -4.246591e+00 3.267724e+01 5.819034e+01
      vertex   -3.677773e+00 2.371448e+01 4.872056e+01
      vertex   -4.246591e+00 2.346173e+01 4.897327e+01
    endloop
  endfacet
  facet normal -7.071068e-01 5.000425e-01 -4.999575e-01
    outer loop
      vertex   -4.246591e+00 3.267724e+01 5.819034e+01
      vertex   -4.246591e+00 2.346173e+01 4.897327e+01
      vertex   -4.721617e+00 3.234132e+01 5.852621e+01
    endloop
  endfacet
  facet normal -7.071068e-01 5.000425e-01 -4.999575e-01
    outer loop
      vertex   -4.721617e+00 3.234132e+01 5.852621e+01
      vertex   -4.246591e+00 2.346173e+01 4.897327e+01
      vertex   -4.721617e+00 2.312581e+01 4.930913e+01
    endloop
  endfacet
  facet normal -8.467242e-01 3.762354e-01 -3.761715e-01
    outer loop
      vertex   -4.721617e+00 3.234132e+01 5.852621e+01
      vertex   -4.721617e+00 2.312581e+01 4.930913e+01
      vertex   -5.079029e+00 3.193907e+01 5.892839e+01
    endloop
  endfacet
  facet normal -8.467242e-01 3.762354e-01 -3.761715e-01
    outer loop
      vertex   -5.079029e+00 3.193907e+01 5.892839e+01
      vertex   -4.721617e+00 2.312581e+01 4.930913e+01
      vertex   -5.079029e+00 2.272356e+01 4.971131e+01
    endloop
  endfacet
  facet normal -9.438833e-01 2.335624e-01 -2.335227e-01
    outer loop
      vertex   -5.079029e+00 3.193907e+01 5.892839e+01
      vertex   -5.079029e+00 2.272356e+01 4.971131e+01
      vertex   -5.300906e+00 3.149067e+01 5.937672e+01
    endloop
  endfacet
  facet normal -5.320321e-01 5.987753e-01 -5.986736e-01
    outer loop
      vertex   -4.246591e+00 4.189275e+01 6.740742e+01
      vertex   -3.677773e+00 4.214550e+01 6.715471e+01
      vertex   -3.677773e+00 3.292999e+01 5.793764e+01
    endloop
  endfacet
  facet normal -3.302791e-01 6.674830e-01 -6.673696e-01
    outer loop
      vertex   -3.677773e+00 3.292999e+01 5.793764e+01
      vertex   -3.677773e+00 4.214550e+01 6.715471e+01
      vertex   -3.043685e+00 3.308690e+01 5.778076e+01
    endloop
  endfacet
  facet normal -5.320321e-01 5.987753e-01 -5.986736e-01
    outer loop
      vertex   -4.246591e+00 4.189275e+01 6.740742e+01
      vertex   -3.677773e+00 3.292999e+01 5.793764e+01
      vertex   -4.246591e+00 3.267724e+01 5.819034e+01
    endloop
  endfacet
  facet normal -7.071068e-01 5.000425e-01 -4.999575e-01
    outer loop
      vertex   -4.721617e+00 4.155683e+01 6.774328e+01
      vertex   -4.246591e+00 4.189275e+01 6.740742e+01
      vertex   -4.246591e+00 3.267724e+01 5.819034e+01
    endloop
  endfacet
  facet normal -7.071068e-01 5.000425e-01 -4.999575e-01
    outer loop
      vertex   -4.721617e+00 4.155683e+01 6.774328e+01
      vertex   -4.246591e+00 3.267724e+01 5.819034e+01
      vertex   -4.721617e+00 3.234132e+01 5.852621e+01
    endloop
  endfacet
  facet normal -8.467242e-01 3.762354e-01 -3.761715e-01
    outer loop
      vertex   -5.079029e+00 4.115458e+01 6.814546e+01
      vertex   -4.721617e+00 4.155683e+01 6.774328e+01
      vertex   -4.721617e+00 3.234132e+01 5.852621e+01
    endloop
  endfacet
  facet normal -8.467242e-01 3.762354e-01 -3.761715e-01
    outer loop
      vertex   -5.079029e+00 4.115458e+01 6.814546e+01
      vertex   -4.721617e+00 3.234132e+01 5.852621e+01
      vertex   -5.079029e+00 3.193907e+01 5.892839e+01
    endloop
  endfacet
  facet normal -9.438833e-01 2.335624e-01 -2.335227e-01
    outer loop
      vertex   -5.300906e+00 4.070617e+01 6.859379e+01
      vertex   -5.079029e+00 4.115458e+01 6.814546e+01
      vertex   -5.079029e+00 3.193907e+01 5.892839e+01
    endloop
  endfacet
  facet normal -9.438833e-01 2.335624e-01 -2.335227e-01
    outer loop
      vertex   -5.300906e+00 4.070617e+01 6.859379e+01
      vertex   -5.079029e+00 3.193907e+01 5.892839e+01
      vertex   -5.300906e+00 3.149067e+01 5.937672e+01
    endloop
  endfacet
  facet normal -8.443852e-01 5.259895e-01 -1.017286e-01
    outer loop
      vertex   -4.616285e+00 5.227131e+01 7.950583e+01
      vertex   -4.435876e+00 5.249558e+01 7.916798e+01
      vertex   -4.759637e+00 5.202722e+01 7.943364e+01
    endloop
  endfacet
  facet normal -8.305298e-01 5.560644e-01 -3.182105e-02
    outer loop
      vertex   -4.759637e+00 5.202722e+01 7.943364e+01
      vertex   -4.435876e+00 5.249558e+01 7.916798e+01
      vertex   -4.587722e+00 5.226165e+01 7.904333e+01
    endloop
  endfacet
  facet normal -8.739729e-01 4.757421e-01 -9.920064e-02
    outer loop
      vertex   -4.759637e+00 5.202722e+01 7.943364e+01
      vertex   -4.587722e+00 5.226165e+01 7.904333e+01
      vertex   -4.869279e+00 5.181044e+01 7.936002e+01
    endloop
  endfacet
  facet normal -8.568963e-01 5.146997e-01 -2.851223e-02
    outer loop
      vertex   -4.869279e+00 5.181044e+01 7.936002e+01
      vertex   -4.587722e+00 5.226165e+01 7.904333e+01
      vertex   -4.683618e+00 5.209825e+01 7.897562e+01
    endloop
  endfacet
  facet normal -8.713872e-01 4.873945e-01 -5.595467e-02
    outer loop
      vertex   -4.869279e+00 5.181044e+01 7.936002e+01
      vertex   -4.683618e+00 5.209825e+01 7.897562e+01
      vertex   -4.765811e+00 5.194348e+01 7.890751e+01
    endloop
  endfacet
  facet normal -8.383942e-01 5.188028e-01 -1.671490e-01
    outer loop
      vertex   -4.765811e+00 5.194348e+01 7.890751e+01
      vertex   -4.683618e+00 5.209825e+01 7.897562e+01
      vertex   -4.609449e+00 5.218038e+01 7.885853e+01
    endloop
  endfacet
  facet normal -8.396412e-01 5.270686e-01 -1.311542e-01
    outer loop
      vertex   -4.765811e+00 5.194348e+01 7.890751e+01
      vertex   -4.609449e+00 5.218038e+01 7.885853e+01
      vertex   -4.692450e+00 5.203086e+01 7.878902e+01
    endloop
  endfacet
  facet normal -8.123899e-01 5.460608e-01 -2.045490e-01
    outer loop
      vertex   -4.692450e+00 5.203086e+01 7.878902e+01
      vertex   -4.609449e+00 5.218038e+01 7.885853e+01
      vertex   -4.528293e+00 5.225779e+01 7.874286e+01
    endloop
  endfacet
  facet normal -8.145141e-01 5.545198e-01 -1.705126e-01
    outer loop
      vertex   -4.692450e+00 5.203086e+01 7.878902e+01
      vertex   -4.528293e+00 5.225779e+01 7.874286e+01
      vertex   -4.611647e+00 5.211358e+01 7.867203e+01
    endloop
  endfacet
  facet normal -7.720426e-01 5.770575e-01 -2.663733e-01
    outer loop
      vertex   -4.611647e+00 5.211358e+01 7.867203e+01
      vertex   -4.528293e+00 5.225779e+01 7.874286e+01
      vertex   -4.345990e+00 5.239752e+01 7.851719e+01
    endloop
  endfacet
  facet normal -7.695122e-01 5.986295e-01 -2.224715e-01
    outer loop
      vertex   -4.611647e+00 5.211358e+01 7.867203e+01
      vertex   -4.345990e+00 5.239752e+01 7.851719e+01
      vertex   -4.428718e+00 5.226398e+01 7.844401e+01
    endloop
  endfacet
  facet normal -7.060274e-01 6.224647e-01 -3.377321e-01
    outer loop
      vertex   -4.428718e+00 5.226398e+01 7.844401e+01
      vertex   -4.345990e+00 5.239752e+01 7.851719e+01
      vertex   -4.138644e+00 5.251560e+01 7.830135e+01
    endloop
  endfacet
  facet normal -7.049303e-01 6.432360e-01 -2.988655e-01
    outer loop
      vertex   -4.428718e+00 5.226398e+01 7.844401e+01
      vertex   -4.138644e+00 5.251560e+01 7.830135e+01
      vertex   -4.219038e+00 5.239265e+01 7.822637e+01
    endloop
  endfacet
  facet normal -6.305873e-01 6.607065e-01 -4.072182e-01
    outer loop
      vertex   -4.219038e+00 5.239265e+01 7.822637e+01
      vertex   -4.138644e+00 5.251560e+01 7.830135e+01
      vertex   -3.908227e+00 5.261022e+01 7.809807e+01
    endloop
  endfacet
  facet normal -6.304835e-01 6.803114e-01 -3.737205e-01
    outer loop
      vertex   -4.219038e+00 5.239265e+01 7.822637e+01
      vertex   -3.908227e+00 5.261022e+01 7.809807e+01
      vertex   -3.984664e+00 5.249758e+01 7.802198e+01
    endloop
  endfacet
  facet normal -5.523314e-01 6.904148e-01 -4.671802e-01
    outer loop
      vertex   -3.984664e+00 5.249758e+01 7.802198e+01
      vertex   -3.908227e+00 5.261022e+01 7.809807e+01
      vertex   -3.687233e+00 5.267360e+01 7.793046e+01
    endloop
  endfacet
  facet normal -5.537130e-01 7.064456e-01 -4.408362e-01
    outer loop
      vertex   -3.984664e+00 5.249758e+01 7.802198e+01
      vertex   -3.687233e+00 5.267360e+01 7.793046e+01
      vertex   -3.758940e+00 5.256971e+01 7.785405e+01
    endloop
  endfacet
  facet normal -4.757760e-01 7.101352e-01 -5.189847e-01
    outer loop
      vertex   -3.758940e+00 5.256971e+01 7.785405e+01
      vertex   -3.687233e+00 5.267360e+01 7.793046e+01
      vertex   -3.452483e+00 5.271772e+01 7.777562e+01
    endloop
  endfacet
  facet normal -4.772250e-01 7.249357e-01 -4.967137e-01
    outer loop
      vertex   -3.758940e+00 5.256971e+01 7.785405e+01
      vertex   -3.452483e+00 5.271772e+01 7.777562e+01
      vertex   -3.518471e+00 5.262215e+01 7.769954e+01
    endloop
  endfacet
  facet normal -3.869379e-01 7.228924e-01 -5.724557e-01
    outer loop
      vertex   -3.518471e+00 5.262215e+01 7.769954e+01
      vertex   -3.452483e+00 5.271772e+01 7.777562e+01
      vertex   -3.144830e+00 5.274548e+01 7.760274e+01
    endloop
  endfacet
  facet normal -3.868426e-01 7.391023e-01 -5.514350e-01
    outer loop
      vertex   -3.518471e+00 5.262215e+01 7.769954e+01
      vertex   -3.144830e+00 5.274548e+01 7.760274e+01
      vertex   -3.202568e+00 5.265954e+01 7.752805e+01
    endloop
  endfacet
  facet normal -2.827559e-01 7.303379e-01 -6.218164e-01
    outer loop
      vertex   -3.202568e+00 5.265954e+01 7.752805e+01
      vertex   -3.144830e+00 5.274548e+01 7.760274e+01
      vertex   -2.823702e+00 5.274297e+01 7.745376e+01
    endloop
  endfacet
  facet normal -2.825737e-01 7.434687e-01 -6.061405e-01
    outer loop
      vertex   -3.202568e+00 5.265954e+01 7.752805e+01
      vertex   -2.823702e+00 5.274297e+01 7.745376e+01
      vertex   -2.872210e+00 5.266572e+01 7.738163e+01
    endloop
  endfacet
  facet normal -1.735250e-01 7.281602e-01 -6.630775e-01
    outer loop
      vertex   -2.872210e+00 5.266572e+01 7.738163e+01
      vertex   -2.823702e+00 5.274297e+01 7.745376e+01
      vertex   -2.493414e+00 5.270990e+01 7.733101e+01
    endloop
  endfacet
  facet normal -1.732459e-01 7.371539e-01 -6.531385e-01
    outer loop
      vertex   -2.872210e+00 5.266572e+01 7.738163e+01
      vertex   -2.493414e+00 5.270990e+01 7.733101e+01
      vertex   -2.532018e+00 5.264026e+01 7.726265e+01
    endloop
  endfacet
  facet normal -6.092910e-02 7.162046e-01 -6.952256e-01
    outer loop
      vertex   -2.532018e+00 5.264026e+01 7.726265e+01
      vertex   -2.493414e+00 5.270990e+01 7.733101e+01
      vertex   -2.220285e+00 5.249801e+01 7.708878e+01
    endloop
  endfacet
  facet normal -6.218675e-02 7.149232e-01 -6.964321e-01
    outer loop
      vertex   -2.532018e+00 5.264026e+01 7.726265e+01
      vertex   -2.220285e+00 5.249801e+01 7.708878e+01
      vertex   -2.598820e+00 5.250049e+01 7.712514e+01
    endloop
  endfacet
  facet normal -6.219687e-02 7.148262e-01 -6.965307e-01
    outer loop
      vertex   -2.598820e+00 5.250049e+01 7.712514e+01
      vertex   -2.220285e+00 5.249801e+01 7.708878e+01
      vertex   -2.309565e+00 5.219252e+01 7.678324e+01
    endloop
  endfacet
  facet normal -6.562866e-02 7.131543e-01 -6.979282e-01
    outer loop
      vertex   -2.598820e+00 5.250049e+01 7.712514e+01
      vertex   -2.309565e+00 5.219252e+01 7.678324e+01
      vertex   -2.665761e+00 5.232636e+01 7.695350e+01
    endloop
  endfacet
  facet normal -6.900668e-02 7.090525e-01 -7.017710e-01
    outer loop
      vertex   -2.665761e+00 5.232636e+01 7.695350e+01
      vertex   -2.309565e+00 5.219252e+01 7.678324e+01
      vertex   -2.766752e+00 5.193860e+01 7.657165e+01
    endloop
  endfacet
  facet normal -2.094025e-01 7.132485e-01 -6.689000e-01
    outer loop
      vertex   -2.665761e+00 5.232636e+01 7.695350e+01
      vertex   -2.766752e+00 5.193860e+01 7.657165e+01
      vertex   -3.171047e+00 5.190154e+01 7.665870e+01
    endloop
  endfacet
  facet normal -2.116555e-01 6.950316e-01 -6.871193e-01
    outer loop
      vertex   -3.171047e+00 5.190154e+01 7.665870e+01
      vertex   -2.766752e+00 5.193860e+01 7.657165e+01
      vertex   -3.213139e+00 5.169010e+01 7.645779e+01
    endloop
  endfacet
  facet normal -3.511608e-01 6.807478e-01 -6.428596e-01
    outer loop
      vertex   -3.171047e+00 5.190154e+01 7.665870e+01
      vertex   -3.213139e+00 5.169010e+01 7.645779e+01
      vertex   -3.613047e+00 5.159582e+01 7.657640e+01
    endloop
  endfacet
  facet normal -3.503790e-01 6.916246e-01 -6.315774e-01
    outer loop
      vertex   -3.613047e+00 5.159582e+01 7.657640e+01
      vertex   -3.213139e+00 5.169010e+01 7.645779e+01
      vertex   -3.524172e+00 5.140962e+01 7.632319e+01
    endloop
  endfacet
  facet normal -4.713967e-01 6.233661e-01 -6.238588e-01
    outer loop
      vertex   -3.613047e+00 5.159582e+01 7.657640e+01
      vertex   -3.524172e+00 5.140962e+01 7.632319e+01
      vertex   -4.042833e+00 5.121357e+01 7.651920e+01
    endloop
  endfacet
  facet normal -7.988822e-01 5.874363e-01 -1.292508e-01
    outer loop
      vertex   -4.587722e+00 5.226165e+01 7.904333e+01
      vertex   -4.435876e+00 5.249558e+01 7.916798e+01
      vertex   -4.512981e+00 5.233786e+01 7.892775e+01
    endloop
  endfacet
  facet normal -7.534056e-01 6.340018e-01 -1.744185e-01
    outer loop
      vertex   -4.512981e+00 5.233786e+01 7.892775e+01
      vertex   -4.435876e+00 5.249558e+01 7.916798e+01
      vertex   -4.204026e+00 5.268015e+01 7.883742e+01
    endloop
  endfacet
  facet normal -7.529138e-01 6.447200e-01 -1.321243e-01
    outer loop
      vertex   -4.512981e+00 5.233786e+01 7.892775e+01
      vertex   -4.204026e+00 5.268015e+01 7.883742e+01
      vertex   -4.431752e+00 5.240931e+01 7.881351e+01
    endloop
  endfacet
  facet normal -7.346749e-01 6.380654e-01 -2.304892e-01
    outer loop
      vertex   -4.431752e+00 5.240931e+01 7.881351e+01
      vertex   -4.204026e+00 5.268015e+01 7.883742e+01
      vertex   -4.250756e+00 5.253710e+01 7.859036e+01
    endloop
  endfacet
  facet normal -7.524523e-01 6.029862e-01 -2.649964e-01
    outer loop
      vertex   -4.431752e+00 5.240931e+01 7.881351e+01
      vertex   -4.250756e+00 5.253710e+01 7.859036e+01
      vertex   -4.528293e+00 5.225779e+01 7.874286e+01
    endloop
  endfacet
  facet normal -7.492090e-01 6.254395e-01 -2.179709e-01
    outer loop
      vertex   -4.528293e+00 5.225779e+01 7.874286e+01
      vertex   -4.250756e+00 5.253710e+01 7.859036e+01
      vertex   -4.345990e+00 5.239752e+01 7.851719e+01
    endloop
  endfacet
  facet normal -6.650549e-01 6.939211e-01 -2.759992e-01
    outer loop
      vertex   -4.204026e+00 5.268015e+01 7.883742e+01
      vertex   -3.926054e+00 5.282094e+01 7.852158e+01
      vertex   -4.250756e+00 5.253710e+01 7.859036e+01
    endloop
  endfacet
  facet normal -6.638281e-01 6.887937e-01 -2.913683e-01
    outer loop
      vertex   -4.250756e+00 5.253710e+01 7.859036e+01
      vertex   -3.926054e+00 5.282094e+01 7.852158e+01
      vertex   -4.046575e+00 5.264340e+01 7.837646e+01
    endloop
  endfacet
  facet normal -6.870040e-01 6.445866e-01 -3.354601e-01
    outer loop
      vertex   -4.250756e+00 5.253710e+01 7.859036e+01
      vertex   -4.046575e+00 5.264340e+01 7.837646e+01
      vertex   -4.345990e+00 5.239752e+01 7.851719e+01
    endloop
  endfacet
  facet normal -6.853059e-01 6.663540e-01 -2.938165e-01
    outer loop
      vertex   -4.345990e+00 5.239752e+01 7.851719e+01
      vertex   -4.046575e+00 5.264340e+01 7.837646e+01
      vertex   -4.138644e+00 5.251560e+01 7.830135e+01
    endloop
  endfacet
  facet normal -5.967575e-01 7.102756e-01 -3.733483e-01
    outer loop
      vertex   -4.046575e+00 5.264340e+01 7.837646e+01
      vertex   -3.926054e+00 5.282094e+01 7.852158e+01
      vertex   -3.821084e+00 5.272663e+01 7.817438e+01
    endloop
  endfacet
  facet normal -5.582109e-01 7.424187e-01 -3.704256e-01
    outer loop
      vertex   -3.821084e+00 5.272663e+01 7.817438e+01
      vertex   -3.926054e+00 5.282094e+01 7.852158e+01
      vertex   -3.607374e+00 5.291399e+01 7.822785e+01
    endloop
  endfacet
  facet normal -5.256355e-01 7.260655e-01 -4.433241e-01
    outer loop
      vertex   -3.821084e+00 5.272663e+01 7.817438e+01
      vertex   -3.607374e+00 5.291399e+01 7.822785e+01
      vertex   -3.605775e+00 5.278038e+01 7.800713e+01
    endloop
  endfacet
  facet normal -4.456956e-01 7.643706e-01 -4.659324e-01
    outer loop
      vertex   -3.605775e+00 5.278038e+01 7.800713e+01
      vertex   -3.607374e+00 5.291399e+01 7.822785e+01
      vertex   -3.254950e+00 5.295761e+01 7.796228e+01
    endloop
  endfacet
  facet normal -4.435149e-01 7.562269e-01 -4.810565e-01
    outer loop
      vertex   -3.605775e+00 5.278038e+01 7.800713e+01
      vertex   -3.254950e+00 5.295761e+01 7.796228e+01
      vertex   -3.377779e+00 5.281538e+01 7.785193e+01
    endloop
  endfacet
  facet normal -3.673885e-01 7.470724e-01 -5.539932e-01
    outer loop
      vertex   -3.377779e+00 5.281538e+01 7.785193e+01
      vertex   -3.254950e+00 5.295761e+01 7.796228e+01
      vertex   -3.079754e+00 5.283263e+01 7.767755e+01
    endloop
  endfacet
  facet normal -3.752897e-01 7.316941e-01 -5.690179e-01
    outer loop
      vertex   -3.377779e+00 5.281538e+01 7.785193e+01
      vertex   -3.079754e+00 5.283263e+01 7.767755e+01
      vertex   -3.452483e+00 5.271772e+01 7.777562e+01
    endloop
  endfacet
  facet normal -3.746876e-01 7.489895e-01 -5.464649e-01
    outer loop
      vertex   -3.452483e+00 5.271772e+01 7.777562e+01
      vertex   -3.079754e+00 5.283263e+01 7.767755e+01
      vertex   -3.144830e+00 5.274548e+01 7.760274e+01
    endloop
  endfacet
  facet normal -3.196835e-01 7.794000e-01 -5.388303e-01
    outer loop
      vertex   -3.254950e+00 5.295761e+01 7.796228e+01
      vertex   -2.877036e+00 5.295197e+01 7.772991e+01
      vertex   -3.079754e+00 5.283263e+01 7.767755e+01
    endloop
  endfacet
  facet normal -2.738547e-01 7.365108e-01 -6.185107e-01
    outer loop
      vertex   -3.079754e+00 5.283263e+01 7.767755e+01
      vertex   -2.877036e+00 5.295197e+01 7.772991e+01
      vertex   -2.769310e+00 5.282065e+01 7.752584e+01
    endloop
  endfacet
  facet normal -2.740777e-01 7.360733e-01 -6.189325e-01
    outer loop
      vertex   -3.079754e+00 5.283263e+01 7.767755e+01
      vertex   -2.769310e+00 5.282065e+01 7.752584e+01
      vertex   -3.144830e+00 5.274548e+01 7.760274e+01
    endloop
  endfacet
  facet normal -2.734447e-01 7.501523e-01 -6.020794e-01
    outer loop
      vertex   -3.144830e+00 5.274548e+01 7.760274e+01
      vertex   -2.769310e+00 5.282065e+01 7.752584e+01
      vertex   -2.823702e+00 5.274297e+01 7.745376e+01
    endloop
  endfacet
  facet normal -1.869833e-01 7.782284e-01 -5.994980e-01
    outer loop
      vertex   -2.877036e+00 5.295197e+01 7.772991e+01
      vertex   -2.481922e+00 5.289731e+01 7.753572e+01
      vertex   -2.769310e+00 5.282065e+01 7.752584e+01
    endloop
  endfacet
  facet normal -1.707875e-01 7.260888e-01 -6.660531e-01
    outer loop
      vertex   -2.769310e+00 5.282065e+01 7.752584e+01
      vertex   -2.481922e+00 5.289731e+01 7.753572e+01
      vertex   -2.450431e+00 5.277932e+01 7.739902e+01
    endloop
  endfacet
  facet normal -1.681586e-01 7.312026e-01 -6.611092e-01
    outer loop
      vertex   -2.769310e+00 5.282065e+01 7.752584e+01
      vertex   -2.450431e+00 5.277932e+01 7.739902e+01
      vertex   -2.823702e+00 5.274297e+01 7.745376e+01
    endloop
  endfacet
  facet normal -1.675300e-01 7.409045e-01 -6.503800e-01
    outer loop
      vertex   -2.823702e+00 5.274297e+01 7.745376e+01
      vertex   -2.450431e+00 5.277932e+01 7.739902e+01
      vertex   -2.493414e+00 5.270990e+01 7.733101e+01
    endloop
  endfacet
  facet normal -5.463370e-02 7.496223e-01 -6.596071e-01
    outer loop
      vertex   -2.481922e+00 5.289731e+01 7.753572e+01
      vertex   -2.077901e+00 5.279387e+01 7.738469e+01
      vertex   -2.450431e+00 5.277932e+01 7.739902e+01
    endloop
  endfacet
  facet normal -5.471699e-02 7.191489e-01 -6.926983e-01
    outer loop
      vertex   -2.450431e+00 5.277932e+01 7.739902e+01
      vertex   -2.077901e+00 5.279387e+01 7.738469e+01
      vertex   -2.220285e+00 5.249801e+01 7.708878e+01
    endloop
  endfacet
  facet normal -5.947929e-02 7.171280e-01 -6.943987e-01
    outer loop
      vertex   -2.450431e+00 5.277932e+01 7.739902e+01
      vertex   -2.220285e+00 5.249801e+01 7.708878e+01
      vertex   -2.493414e+00 5.270990e+01 7.733101e+01
    endloop
  endfacet
  facet normal -7.126620e-02 7.111558e-01 -6.994130e-01
    outer loop
      vertex   -2.309565e+00 5.219252e+01 7.678324e+01
      vertex   -2.360056e+00 5.188296e+01 7.647364e+01
      vertex   -2.766752e+00 5.193860e+01 7.657165e+01
    endloop
  endfacet
  facet normal -7.332575e-02 7.056011e-01 -7.048053e-01
    outer loop
      vertex   -2.766752e+00 5.193860e+01 7.657165e+01
      vertex   -2.360056e+00 5.188296e+01 7.647364e+01
      vertex   -2.796460e+00 5.174330e+01 7.637922e+01
    endloop
  endfacet
  facet normal -2.175255e-01 7.016360e-01 -6.785201e-01
    outer loop
      vertex   -2.766752e+00 5.193860e+01 7.657165e+01
      vertex   -2.796460e+00 5.174330e+01 7.637922e+01
      vertex   -3.213139e+00 5.169010e+01 7.645779e+01
    endloop
  endfacet
  facet normal -2.164647e-01 7.172911e-01 -6.622964e-01
    outer loop
      vertex   -3.213139e+00 5.169010e+01 7.645779e+01
      vertex   -2.796460e+00 5.174330e+01 7.637922e+01
      vertex   -2.961393e+00 5.153034e+01 7.620248e+01
    endloop
  endfacet
  facet normal -2.901645e-01 6.560900e-01 -6.966710e-01
    outer loop
      vertex   -3.213139e+00 5.169010e+01 7.645779e+01
      vertex   -2.961393e+00 5.153034e+01 7.620248e+01
      vertex   -3.524172e+00 5.140962e+01 7.632319e+01
    endloop
  endfacet
  facet normal -7.416428e-02 7.071268e-01 -7.031865e-01
    outer loop
      vertex   -2.360056e+00 5.188296e+01 7.647364e+01
      vertex   -2.376122e+00 5.157111e+01 7.616173e+01
      vertex   -2.796460e+00 5.174330e+01 7.637922e+01
    endloop
  endfacet
  facet normal -9.796079e-02 6.793850e-01 -7.272137e-01
    outer loop
      vertex   -2.796460e+00 5.174330e+01 7.637922e+01
      vertex   -2.376122e+00 5.157111e+01 7.616173e+01
      vertex   -2.961393e+00 5.153034e+01 7.620248e+01
    endloop
  endfacet
  facet normal -6.342415e-01 5.310485e-01 -5.618943e-01
    outer loop
      vertex   -4.497442e+00 5.094973e+01 7.678299e+01
      vertex   -4.267342e+00 5.132963e+01 7.688231e+01
      vertex   -4.042833e+00 5.121357e+01 7.651920e+01
    endloop
  endfacet
  facet normal -5.823517e-01 5.976306e-01 -5.510937e-01
    outer loop
      vertex   -4.042833e+00 5.121357e+01 7.651920e+01
      vertex   -4.267342e+00 5.132963e+01 7.688231e+01
      vertex   -3.988441e+00 5.146290e+01 7.673212e+01
    endloop
  endfacet
  facet normal -4.772870e-01 6.285319e-01 -6.141211e-01
    outer loop
      vertex   -4.042833e+00 5.121357e+01 7.651920e+01
      vertex   -3.988441e+00 5.146290e+01 7.673212e+01
      vertex   -3.613047e+00 5.159582e+01 7.657640e+01
    endloop
  endfacet
  facet normal -4.761040e-01 6.473197e-01 -5.952328e-01
    outer loop
      vertex   -3.613047e+00 5.159582e+01 7.657640e+01
      vertex   -3.988441e+00 5.146290e+01 7.673212e+01
      vertex   -3.559960e+00 5.182506e+01 7.678323e+01
    endloop
  endfacet
  facet normal -3.424351e-01 6.718729e-01 -6.567534e-01
    outer loop
      vertex   -3.613047e+00 5.159582e+01 7.657640e+01
      vertex   -3.559960e+00 5.182506e+01 7.678323e+01
      vertex   -3.171047e+00 5.190154e+01 7.665870e+01
    endloop
  endfacet
  facet normal -3.388416e-01 7.007642e-01 -6.277865e-01
    outer loop
      vertex   -3.171047e+00 5.190154e+01 7.665870e+01
      vertex   -3.559960e+00 5.182506e+01 7.678323e+01
      vertex   -3.040031e+00 5.232203e+01 7.705736e+01
    endloop
  endfacet
  facet normal -1.968913e-01 7.061587e-01 -6.801277e-01
    outer loop
      vertex   -3.171047e+00 5.190154e+01 7.665870e+01
      vertex   -3.040031e+00 5.232203e+01 7.705736e+01
      vertex   -2.665761e+00 5.232636e+01 7.695350e+01
    endloop
  endfacet
  facet normal -1.918318e-01 7.253644e-01 -6.610954e-01
    outer loop
      vertex   -2.665761e+00 5.232636e+01 7.695350e+01
      vertex   -3.040031e+00 5.232203e+01 7.705736e+01
      vertex   -2.598820e+00 5.250049e+01 7.712514e+01
    endloop
  endfacet
  facet normal -6.715556e-01 5.395240e-01 -5.078651e-01
    outer loop
      vertex   -4.267342e+00 5.132963e+01 7.688231e+01
      vertex   -4.497442e+00 5.094973e+01 7.678299e+01
      vertex   -4.521345e+00 5.117424e+01 7.705311e+01
    endloop
  endfacet
  facet normal -7.729983e-01 4.525781e-01 -4.445748e-01
    outer loop
      vertex   -4.521345e+00 5.117424e+01 7.705311e+01
      vertex   -4.497442e+00 5.094973e+01 7.678299e+01
      vertex   -4.870531e+00 5.062825e+01 7.710442e+01
    endloop
  endfacet
  facet normal -7.599049e-01 4.411139e-01 -4.774548e-01
    outer loop
      vertex   -4.521345e+00 5.117424e+01 7.705311e+01
      vertex   -4.870531e+00 5.062825e+01 7.710442e+01
      vertex   -4.773445e+00 5.097363e+01 7.726900e+01
    endloop
  endfacet
  facet normal -8.387166e-01 4.077567e-01 -3.609557e-01
    outer loop
      vertex   -4.773445e+00 5.097363e+01 7.726900e+01
      vertex   -4.870531e+00 5.062825e+01 7.710442e+01
      vertex   -4.984394e+00 5.074946e+01 7.750593e+01
    endloop
  endfacet
  facet normal -8.365801e-01 4.343061e-01 -3.339342e-01
    outer loop
      vertex   -4.773445e+00 5.097363e+01 7.726900e+01
      vertex   -4.984394e+00 5.074946e+01 7.750593e+01
      vertex   -4.701920e+00 5.127168e+01 7.747745e+01
    endloop
  endfacet
  facet normal -8.230012e-01 4.245938e-01 -3.773447e-01
    outer loop
      vertex   -4.701920e+00 5.127168e+01 7.747745e+01
      vertex   -4.984394e+00 5.074946e+01 7.750593e+01
      vertex   -4.915298e+00 5.106505e+01 7.771033e+01
    endloop
  endfacet
  facet normal -8.131668e-01 4.954053e-01 -3.055050e-01
    outer loop
      vertex   -4.701920e+00 5.127168e+01 7.747745e+01
      vertex   -4.915298e+00 5.106505e+01 7.771033e+01
      vertex   -4.489939e+00 5.187435e+01 7.789051e+01
    endloop
  endfacet
  facet normal -7.828149e-01 4.952968e-01 -3.766722e-01
    outer loop
      vertex   -4.489939e+00 5.187435e+01 7.789051e+01
      vertex   -4.915298e+00 5.106505e+01 7.771033e+01
      vertex   -4.704367e+00 5.170646e+01 7.811537e+01
    endloop
  endfacet
  facet normal -7.647127e-01 5.672460e-01 -3.056902e-01
    outer loop
      vertex   -4.489939e+00 5.187435e+01 7.789051e+01
      vertex   -4.704367e+00 5.170646e+01 7.811537e+01
      vertex   -4.355291e+00 5.215610e+01 7.807650e+01
    endloop
  endfacet
  facet normal -7.530344e-01 5.539039e-01 -3.551475e-01
    outer loop
      vertex   -4.355291e+00 5.215610e+01 7.807650e+01
      vertex   -4.704367e+00 5.170646e+01 7.811537e+01
      vertex   -4.568037e+00 5.200857e+01 7.829750e+01
    endloop
  endfacet
  facet normal -7.333008e-01 6.111500e-01 -2.979357e-01
    outer loop
      vertex   -4.355291e+00 5.215610e+01 7.807650e+01
      vertex   -4.568037e+00 5.200857e+01 7.829750e+01
      vertex   -4.219038e+00 5.239265e+01 7.822637e+01
    endloop
  endfacet
  facet normal -7.251850e-01 5.946726e-01 -3.470897e-01
    outer loop
      vertex   -4.219038e+00 5.239265e+01 7.822637e+01
      vertex   -4.568037e+00 5.200857e+01 7.829750e+01
      vertex   -4.428718e+00 5.226398e+01 7.844401e+01
    endloop
  endfacet
  facet normal -8.817629e-01 3.198990e-01 -3.466392e-01
    outer loop
      vertex   -4.870531e+00 5.062825e+01 7.710442e+01
      vertex   -5.147761e+00 5.026147e+01 7.747114e+01
      vertex   -4.984394e+00 5.074946e+01 7.750593e+01
    endloop
  endfacet
  facet normal -9.022912e-01 3.224607e-01 -2.861638e-01
    outer loop
      vertex   -4.984394e+00 5.074946e+01 7.750593e+01
      vertex   -5.147761e+00 5.026147e+01 7.747114e+01
      vertex   -5.151731e+00 5.050613e+01 7.775935e+01
    endloop
  endfacet
  facet normal -8.994967e-01 3.586090e-01 -2.496102e-01
    outer loop
      vertex   -4.984394e+00 5.074946e+01 7.750593e+01
      vertex   -5.151731e+00 5.050613e+01 7.775935e+01
      vertex   -4.915298e+00 5.106505e+01 7.771033e+01
    endloop
  endfacet
  facet normal -8.877086e-01 3.491978e-01 -3.000574e-01
    outer loop
      vertex   -4.915298e+00 5.106505e+01 7.771033e+01
      vertex   -5.151731e+00 5.050613e+01 7.775935e+01
      vertex   -5.088354e+00 5.083825e+01 7.795837e+01
    endloop
  endfacet
  facet normal -8.766259e-01 4.276089e-01 -2.206302e-01
    outer loop
      vertex   -4.915298e+00 5.106505e+01 7.771033e+01
      vertex   -5.088354e+00 5.083825e+01 7.795837e+01
      vertex   -4.704367e+00 5.170646e+01 7.811537e+01
    endloop
  endfacet
  facet normal -8.495679e-01 4.307889e-01 -3.043934e-01
    outer loop
      vertex   -4.704367e+00 5.170646e+01 7.811537e+01
      vertex   -5.088354e+00 5.083825e+01 7.795837e+01
      vertex   -4.885439e+00 5.151713e+01 7.835280e+01
    endloop
  endfacet
  facet normal -8.297331e-01 5.104867e-01 -2.257128e-01
    outer loop
      vertex   -4.704367e+00 5.170646e+01 7.811537e+01
      vertex   -4.885439e+00 5.151713e+01 7.835280e+01
      vertex   -4.568037e+00 5.200857e+01 7.829750e+01
    endloop
  endfacet
  facet normal -8.199434e-01 4.977469e-01 -2.827380e-01
    outer loop
      vertex   -4.568037e+00 5.200857e+01 7.829750e+01
      vertex   -4.885439e+00 5.151713e+01 7.835280e+01
      vertex   -4.750914e+00 5.183932e+01 7.852988e+01
    endloop
  endfacet
  facet normal -7.981026e-01 5.611734e-01 -2.193552e-01
    outer loop
      vertex   -4.568037e+00 5.200857e+01 7.829750e+01
      vertex   -4.750914e+00 5.183932e+01 7.852988e+01
      vertex   -4.428718e+00 5.226398e+01 7.844401e+01
    endloop
  endfacet
  facet normal -7.918033e-01 5.449933e-01 -2.757351e-01
    outer loop
      vertex   -4.428718e+00 5.226398e+01 7.844401e+01
      vertex   -4.750914e+00 5.183932e+01 7.852988e+01
      vertex   -4.611647e+00 5.211358e+01 7.867203e+01
    endloop
  endfacet
  facet normal -9.395488e-01 2.545484e-01 -2.290266e-01
    outer loop
      vertex   -5.151731e+00 5.050613e+01 7.775935e+01
      vertex   -5.147761e+00 5.026147e+01 7.747114e+01
      vertex   -5.218307e+00 5.037867e+01 7.789081e+01
    endloop
  endfacet
  facet normal -9.568424e-01 1.951413e-01 -2.153429e-01
    outer loop
      vertex   -5.218307e+00 5.037867e+01 7.789081e+01
      vertex   -5.147761e+00 5.026147e+01 7.747114e+01
      vertex   -5.318478e+00 4.986349e+01 7.786905e+01
    endloop
  endfacet
  facet normal -9.596551e-01 1.951433e-01 -2.024381e-01
    outer loop
      vertex   -5.218307e+00 5.037867e+01 7.789081e+01
      vertex   -5.318478e+00 4.986349e+01 7.786905e+01
      vertex   -5.273095e+00 5.024809e+01 7.802466e+01
    endloop
  endfacet
  facet normal -9.857690e-01 1.483273e-01 -7.911036e-02
    outer loop
      vertex   -5.273095e+00 5.024809e+01 7.802466e+01
      vertex   -5.318478e+00 4.986349e+01 7.786905e+01
      vertex   -5.344788e+00 5.007570e+01 7.859478e+01
    endloop
  endfacet
  facet normal -9.795950e-01 1.899200e-01 -6.575711e-02
    outer loop
      vertex   -5.273095e+00 5.024809e+01 7.802466e+01
      vertex   -5.344788e+00 5.007570e+01 7.859478e+01
      vertex   -5.218725e+00 5.059524e+01 7.821733e+01
    endloop
  endfacet
  facet normal -9.794574e-01 1.912782e-01 -6.384161e-02
    outer loop
      vertex   -5.218725e+00 5.059524e+01 7.821733e+01
      vertex   -5.344788e+00 5.007570e+01 7.859478e+01
      vertex   -5.238844e+00 5.072153e+01 7.890438e+01
    endloop
  endfacet
  facet normal -9.521827e-01 2.943240e-01 -8.198516e-02
    outer loop
      vertex   -5.218725e+00 5.059524e+01 7.821733e+01
      vertex   -5.238844e+00 5.072153e+01 7.890438e+01
      vertex   -5.030895e+00 5.130928e+01 7.859926e+01
    endloop
  endfacet
  facet normal -9.503901e-01 3.052893e-01 -5.964147e-02
    outer loop
      vertex   -5.030895e+00 5.130928e+01 7.859926e+01
      vertex   -5.238844e+00 5.072153e+01 7.890438e+01
      vertex   -5.034142e+00 5.141848e+01 7.920992e+01
    endloop
  endfacet
  facet normal -9.200580e-01 3.847885e-01 -7.369543e-02
    outer loop
      vertex   -5.030895e+00 5.130928e+01 7.859926e+01
      vertex   -5.034142e+00 5.141848e+01 7.920992e+01
      vertex   -4.901778e+00 5.165080e+01 7.877046e+01
    endloop
  endfacet
  facet normal -8.988858e-01 4.363477e-01 -4.006152e-02
    outer loop
      vertex   -4.901778e+00 5.165080e+01 7.877046e+01
      vertex   -5.034142e+00 5.141848e+01 7.920992e+01
      vertex   -4.765811e+00 5.194348e+01 7.890751e+01
    endloop
  endfacet
  facet normal -8.585152e-01 4.814677e-01 -1.764664e-01
    outer loop
      vertex   -4.901778e+00 5.165080e+01 7.877046e+01
      vertex   -4.765811e+00 5.194348e+01 7.890751e+01
      vertex   -4.692450e+00 5.203086e+01 7.878902e+01
    endloop
  endfacet
  facet normal -9.950848e-01 7.932935e-02 -5.927220e-02
    outer loop
      vertex   -5.318478e+00 4.986349e+01 7.786905e+01
      vertex   -5.376122e+00 4.944961e+01 7.828287e+01
      vertex   -5.344788e+00 5.007570e+01 7.859478e+01
    endloop
  endfacet
  facet normal -9.062790e-01 4.139360e-01 -8.552947e-02
    outer loop
      vertex   -5.034142e+00 5.141848e+01 7.920992e+01
      vertex   -4.869279e+00 5.181044e+01 7.936002e+01
      vertex   -4.765811e+00 5.194348e+01 7.890751e+01
    endloop
  endfacet
  facet normal -4.627444e-01 7.378824e-01 -4.913219e-01
    outer loop
      vertex   -3.452483e+00 5.271772e+01 7.777562e+01
      vertex   -3.687233e+00 5.267360e+01 7.793046e+01
      vertex   -3.377779e+00 5.281538e+01 7.785193e+01
    endloop
  endfacet
  facet normal -4.615893e-01 7.220734e-01 -5.153109e-01
    outer loop
      vertex   -3.377779e+00 5.281538e+01 7.785193e+01
      vertex   -3.687233e+00 5.267360e+01 7.793046e+01
      vertex   -3.605775e+00 5.278038e+01 7.800713e+01
    endloop
  endfacet
  facet normal -6.128474e-01 6.790126e-01 -4.041781e-01
    outer loop
      vertex   -4.138644e+00 5.251560e+01 7.830135e+01
      vertex   -4.046575e+00 5.264340e+01 7.837646e+01
      vertex   -3.821084e+00 5.272663e+01 7.817438e+01
    endloop
  endfacet
  facet normal -5.373064e-01 7.223789e-01 -4.352821e-01
    outer loop
      vertex   -3.687233e+00 5.267360e+01 7.793046e+01
      vertex   -3.908227e+00 5.261022e+01 7.809807e+01
      vertex   -3.605775e+00 5.278038e+01 7.800713e+01
    endloop
  endfacet
  facet normal -5.362395e-01 7.053261e-01 -4.636403e-01
    outer loop
      vertex   -3.605775e+00 5.278038e+01 7.800713e+01
      vertex   -3.908227e+00 5.261022e+01 7.809807e+01
      vertex   -3.821084e+00 5.272663e+01 7.817438e+01
    endloop
  endfacet
  facet normal -6.122259e-01 6.996881e-01 -3.682608e-01
    outer loop
      vertex   -3.908227e+00 5.261022e+01 7.809807e+01
      vertex   -4.138644e+00 5.251560e+01 7.830135e+01
      vertex   -3.821084e+00 5.272663e+01 7.817438e+01
    endloop
  endfacet
  facet normal -8.185858e-01 5.495859e-01 -1.669510e-01
    outer loop
      vertex   -4.683618e+00 5.209825e+01 7.897562e+01
      vertex   -4.587722e+00 5.226165e+01 7.904333e+01
      vertex   -4.512981e+00 5.233786e+01 7.892775e+01
    endloop
  endfacet
  facet normal -7.945118e-01 5.839315e-01 -1.666585e-01
    outer loop
      vertex   -4.528293e+00 5.225779e+01 7.874286e+01
      vertex   -4.609449e+00 5.218038e+01 7.885853e+01
      vertex   -4.431752e+00 5.240931e+01 7.881351e+01
    endloop
  endfacet
  facet normal -7.923811e-01 5.749729e-01 -2.038096e-01
    outer loop
      vertex   -4.431752e+00 5.240931e+01 7.881351e+01
      vertex   -4.609449e+00 5.218038e+01 7.885853e+01
      vertex   -4.512981e+00 5.233786e+01 7.892775e+01
    endloop
  endfacet
  facet normal -8.197724e-01 5.582793e-01 -1.276613e-01
    outer loop
      vertex   -4.609449e+00 5.218038e+01 7.885853e+01
      vertex   -4.683618e+00 5.209825e+01 7.897562e+01
      vertex   -4.512981e+00 5.233786e+01 7.892775e+01
    endloop
  endfacet
  facet normal -1.788556e-01 7.238809e-01 -6.663386e-01
    outer loop
      vertex   -2.872210e+00 5.266572e+01 7.738163e+01
      vertex   -2.532018e+00 5.264026e+01 7.726265e+01
      vertex   -2.955914e+00 5.251199e+01 7.723708e+01
    endloop
  endfacet
  facet normal -1.820737e-01 7.324568e-01 -6.560153e-01
    outer loop
      vertex   -2.955914e+00 5.251199e+01 7.723708e+01
      vertex   -2.532018e+00 5.264026e+01 7.726265e+01
      vertex   -2.598820e+00 5.250049e+01 7.712514e+01
    endloop
  endfacet
  facet normal -1.871954e-01 7.175984e-01 -6.708281e-01
    outer loop
      vertex   -2.955914e+00 5.251199e+01 7.723708e+01
      vertex   -2.598820e+00 5.250049e+01 7.712514e+01
      vertex   -3.040031e+00 5.232203e+01 7.705736e+01
    endloop
  endfacet
  facet normal -2.914266e-01 7.224542e-01 -6.270012e-01
    outer loop
      vertex   -3.202568e+00 5.265954e+01 7.752805e+01
      vertex   -2.872210e+00 5.266572e+01 7.738163e+01
      vertex   -3.301913e+00 5.248990e+01 7.737875e+01
    endloop
  endfacet
  facet normal -2.966347e-01 7.349021e-01 -6.098579e-01
    outer loop
      vertex   -3.301913e+00 5.248990e+01 7.737875e+01
      vertex   -2.872210e+00 5.266572e+01 7.738163e+01
      vertex   -2.955914e+00 5.251199e+01 7.723708e+01
    endloop
  endfacet
  facet normal -3.048446e-01 7.110454e-01 -6.336278e-01
    outer loop
      vertex   -3.301913e+00 5.248990e+01 7.737875e+01
      vertex   -2.955914e+00 5.251199e+01 7.723708e+01
      vertex   -3.401767e+00 5.228204e+01 7.719354e+01
    endloop
  endfacet
  facet normal -3.122098e-01 7.222150e-01 -6.171957e-01
    outer loop
      vertex   -3.401767e+00 5.228204e+01 7.719354e+01
      vertex   -2.955914e+00 5.251199e+01 7.723708e+01
      vertex   -3.040031e+00 5.232203e+01 7.705736e+01
    endloop
  endfacet
  facet normal -3.201364e-01 6.918804e-01 -6.471586e-01
    outer loop
      vertex   -3.401767e+00 5.228204e+01 7.719354e+01
      vertex   -3.040031e+00 5.232203e+01 7.705736e+01
      vertex   -3.559960e+00 5.182506e+01 7.678323e+01
    endloop
  endfacet
  facet normal -3.986143e-01 7.110493e-01 -5.792370e-01
    outer loop
      vertex   -3.518471e+00 5.262215e+01 7.769954e+01
      vertex   -3.202568e+00 5.265954e+01 7.752805e+01
      vertex   -3.631643e+00 5.243496e+01 7.754764e+01
    endloop
  endfacet
  facet normal -4.054132e-01 7.261243e-01 -5.553230e-01
    outer loop
      vertex   -3.631643e+00 5.243496e+01 7.754764e+01
      vertex   -3.202568e+00 5.265954e+01 7.752805e+01
      vertex   -3.301913e+00 5.248990e+01 7.737875e+01
    endloop
  endfacet
  facet normal -4.164593e-01 6.939583e-01 -5.873530e-01
    outer loop
      vertex   -3.631643e+00 5.243496e+01 7.754764e+01
      vertex   -3.301913e+00 5.248990e+01 7.737875e+01
      vertex   -3.745168e+00 5.220750e+01 7.735939e+01
    endloop
  endfacet
  facet normal -4.259831e-01 7.073147e-01 -5.641315e-01
    outer loop
      vertex   -3.745168e+00 5.220750e+01 7.735939e+01
      vertex   -3.301913e+00 5.248990e+01 7.737875e+01
      vertex   -3.401767e+00 5.228204e+01 7.719354e+01
    endloop
  endfacet
  facet normal -4.364692e-01 6.667898e-01 -6.040579e-01
    outer loop
      vertex   -3.745168e+00 5.220750e+01 7.735939e+01
      vertex   -3.401767e+00 5.228204e+01 7.719354e+01
      vertex   -3.926378e+00 5.171112e+01 7.694240e+01
    endloop
  endfacet
  facet normal -4.601927e-01 6.760293e-01 -5.755058e-01
    outer loop
      vertex   -3.926378e+00 5.171112e+01 7.694240e+01
      vertex   -3.401767e+00 5.228204e+01 7.719354e+01
      vertex   -3.559960e+00 5.182506e+01 7.678323e+01
    endloop
  endfacet
  facet normal -4.650970e-01 6.370449e-01 -6.147020e-01
    outer loop
      vertex   -3.926378e+00 5.171112e+01 7.694240e+01
      vertex   -3.559960e+00 5.182506e+01 7.678323e+01
      vertex   -3.988441e+00 5.146290e+01 7.673212e+01
    endloop
  endfacet
  facet normal -4.900119e-01 6.943908e-01 -5.269817e-01
    outer loop
      vertex   -3.758940e+00 5.256971e+01 7.785405e+01
      vertex   -3.518471e+00 5.262215e+01 7.769954e+01
      vertex   -3.881540e+00 5.236743e+01 7.770151e+01
    endloop
  endfacet
  facet normal -4.991508e-01 7.076250e-01 -5.001154e-01
    outer loop
      vertex   -3.881540e+00 5.236743e+01 7.770151e+01
      vertex   -3.518471e+00 5.262215e+01 7.769954e+01
      vertex   -3.631643e+00 5.243496e+01 7.754764e+01
    endloop
  endfacet
  facet normal -5.115031e-01 6.716432e-01 -5.359664e-01
    outer loop
      vertex   -3.881540e+00 5.236743e+01 7.770151e+01
      vertex   -3.631643e+00 5.243496e+01 7.754764e+01
      vertex   -4.004141e+00 5.212324e+01 7.751250e+01
    endloop
  endfacet
  facet normal -5.234473e-01 6.829344e-01 -5.095130e-01
    outer loop
      vertex   -4.004141e+00 5.212324e+01 7.751250e+01
      vertex   -3.631643e+00 5.243496e+01 7.754764e+01
      vertex   -3.745168e+00 5.220750e+01 7.735939e+01
    endloop
  endfacet
  facet normal -5.352829e-01 6.368314e-01 -5.549037e-01
    outer loop
      vertex   -4.004141e+00 5.212324e+01 7.751250e+01
      vertex   -3.745168e+00 5.220750e+01 7.735939e+01
      vertex   -4.199951e+00 5.159365e+01 7.709362e+01
    endloop
  endfacet
  facet normal -5.631644e-01 6.423215e-01 -5.198740e-01
    outer loop
      vertex   -4.199951e+00 5.159365e+01 7.709362e+01
      vertex   -3.745168e+00 5.220750e+01 7.735939e+01
      vertex   -3.926378e+00 5.171112e+01 7.694240e+01
    endloop
  endfacet
  facet normal -5.689148e-01 5.974873e-01 -5.651061e-01
    outer loop
      vertex   -4.199951e+00 5.159365e+01 7.709362e+01
      vertex   -3.926378e+00 5.171112e+01 7.694240e+01
      vertex   -4.267342e+00 5.132963e+01 7.688231e+01
    endloop
  endfacet
  facet normal -5.817790e-01 6.055094e-01 -5.430393e-01
    outer loop
      vertex   -4.267342e+00 5.132963e+01 7.688231e+01
      vertex   -3.926378e+00 5.171112e+01 7.694240e+01
      vertex   -3.988441e+00 5.146290e+01 7.673212e+01
    endloop
  endfacet
  facet normal -5.685013e-01 6.710512e-01 -4.759166e-01
    outer loop
      vertex   -3.984664e+00 5.249758e+01 7.802198e+01
      vertex   -3.758940e+00 5.256971e+01 7.785405e+01
      vertex   -4.114871e+00 5.227952e+01 7.787004e+01
    endloop
  endfacet
  facet normal -5.782833e-01 6.848427e-01 -4.433722e-01
    outer loop
      vertex   -4.114871e+00 5.227952e+01 7.787004e+01
      vertex   -3.758940e+00 5.256971e+01 7.785405e+01
      vertex   -3.881540e+00 5.236743e+01 7.770151e+01
    endloop
  endfacet
  facet normal -5.926610e-01 6.429686e-01 -4.851230e-01
    outer loop
      vertex   -4.114871e+00 5.227952e+01 7.787004e+01
      vertex   -3.881540e+00 5.236743e+01 7.770151e+01
      vertex   -4.244483e+00 5.201793e+01 7.768169e+01
    endloop
  endfacet
  facet normal -6.055021e-01 6.544710e-01 -4.528079e-01
    outer loop
      vertex   -4.244483e+00 5.201793e+01 7.768169e+01
      vertex   -3.881540e+00 5.236743e+01 7.770151e+01
      vertex   -4.004141e+00 5.212324e+01 7.751250e+01
    endloop
  endfacet
  facet normal -6.191170e-01 6.010614e-01 -5.053903e-01
    outer loop
      vertex   -4.244483e+00 5.201793e+01 7.768169e+01
      vertex   -4.004141e+00 5.212324e+01 7.751250e+01
      vertex   -4.450669e+00 5.145427e+01 7.726391e+01
    endloop
  endfacet
  facet normal -6.493698e-01 6.047765e-01 -4.610469e-01
    outer loop
      vertex   -4.450669e+00 5.145427e+01 7.726391e+01
      vertex   -4.004141e+00 5.212324e+01 7.751250e+01
      vertex   -4.199951e+00 5.159365e+01 7.709362e+01
    endloop
  endfacet
  facet normal -6.562215e-01 5.525003e-01 -5.139229e-01
    outer loop
      vertex   -4.450669e+00 5.145427e+01 7.726391e+01
      vertex   -4.199951e+00 5.159365e+01 7.709362e+01
      vertex   -4.521345e+00 5.117424e+01 7.705311e+01
    endloop
  endfacet
  facet normal -6.701037e-01 5.605012e-01 -4.866204e-01
    outer loop
      vertex   -4.521345e+00 5.117424e+01 7.705311e+01
      vertex   -4.199951e+00 5.159365e+01 7.709362e+01
      vertex   -4.267342e+00 5.132963e+01 7.688231e+01
    endloop
  endfacet
  facet normal -6.484330e-01 6.373093e-01 -4.163790e-01
    outer loop
      vertex   -4.219038e+00 5.239265e+01 7.822637e+01
      vertex   -3.984664e+00 5.249758e+01 7.802198e+01
      vertex   -4.355291e+00 5.215610e+01 7.807650e+01
    endloop
  endfacet
  facet normal -6.574170e-01 6.536969e-01 -3.748108e-01
    outer loop
      vertex   -4.355291e+00 5.215610e+01 7.807650e+01
      vertex   -3.984664e+00 5.249758e+01 7.802198e+01
      vertex   -4.114871e+00 5.227952e+01 7.787004e+01
    endloop
  endfacet
  facet normal -6.747902e-01 6.031860e-01 -4.252351e-01
    outer loop
      vertex   -4.355291e+00 5.215610e+01 7.807650e+01
      vertex   -4.114871e+00 5.227952e+01 7.787004e+01
      vertex   -4.489939e+00 5.187435e+01 7.789051e+01
    endloop
  endfacet
  facet normal -6.872456e-01 6.168138e-01 -3.837111e-01
    outer loop
      vertex   -4.489939e+00 5.187435e+01 7.789051e+01
      vertex   -4.114871e+00 5.227952e+01 7.787004e+01
      vertex   -4.244483e+00 5.201793e+01 7.768169e+01
    endloop
  endfacet
  facet normal -7.033382e-01 5.532815e-01 -4.463126e-01
    outer loop
      vertex   -4.489939e+00 5.187435e+01 7.789051e+01
      vertex   -4.244483e+00 5.201793e+01 7.768169e+01
      vertex   -4.701920e+00 5.127168e+01 7.747745e+01
    endloop
  endfacet
  facet normal -7.344926e-01 5.565137e-01 -3.883466e-01
    outer loop
      vertex   -4.701920e+00 5.127168e+01 7.747745e+01
      vertex   -4.244483e+00 5.201793e+01 7.768169e+01
      vertex   -4.450669e+00 5.145427e+01 7.726391e+01
    endloop
  endfacet
  facet normal -7.429049e-01 4.941177e-01 -4.515972e-01
    outer loop
      vertex   -4.701920e+00 5.127168e+01 7.747745e+01
      vertex   -4.450669e+00 5.145427e+01 7.726391e+01
      vertex   -4.773445e+00 5.097363e+01 7.726900e+01
    endloop
  endfacet
  facet normal -7.570753e-01 5.040139e-01 -4.157005e-01
    outer loop
      vertex   -4.773445e+00 5.097363e+01 7.726900e+01
      vertex   -4.450669e+00 5.145427e+01 7.726391e+01
      vertex   -4.521345e+00 5.117424e+01 7.705311e+01
    endloop
  endfacet
  facet normal -8.326666e-01 5.107588e-01 -2.139901e-01
    outer loop
      vertex   -4.692450e+00 5.203086e+01 7.878902e+01
      vertex   -4.611647e+00 5.211358e+01 7.867203e+01
      vertex   -4.830482e+00 5.174732e+01 7.864935e+01
    endloop
  endfacet
  facet normal -8.420629e-01 5.133689e-01 -1.654768e-01
    outer loop
      vertex   -4.830482e+00 5.174732e+01 7.864935e+01
      vertex   -4.611647e+00 5.211358e+01 7.867203e+01
      vertex   -4.750914e+00 5.183932e+01 7.852988e+01
    endloop
  endfacet
  facet normal -8.609217e-01 4.586073e-01 -2.202118e-01
    outer loop
      vertex   -4.830482e+00 5.174732e+01 7.864935e+01
      vertex   -4.750914e+00 5.183932e+01 7.852988e+01
      vertex   -4.962761e+00 5.141534e+01 7.847512e+01
    endloop
  endfacet
  facet normal -8.724867e-01 4.579551e-01 -1.704229e-01
    outer loop
      vertex   -4.962761e+00 5.141534e+01 7.847512e+01
      vertex   -4.750914e+00 5.183932e+01 7.852988e+01
      vertex   -4.885439e+00 5.151713e+01 7.835280e+01
    endloop
  endfacet
  facet normal -8.903760e-01 3.856198e-01 -2.419253e-01
    outer loop
      vertex   -4.962761e+00 5.141534e+01 7.847512e+01
      vertex   -4.885439e+00 5.151713e+01 7.835280e+01
      vertex   -5.159023e+00 5.071853e+01 7.808675e+01
    endloop
  endfacet
  facet normal -9.158955e-01 3.675375e-01 -1.614051e-01
    outer loop
      vertex   -5.159023e+00 5.071853e+01 7.808675e+01
      vertex   -4.885439e+00 5.151713e+01 7.835280e+01
      vertex   -5.088354e+00 5.083825e+01 7.795837e+01
    endloop
  endfacet
  facet normal -9.261267e-01 2.962084e-01 -2.335593e-01
    outer loop
      vertex   -5.159023e+00 5.071853e+01 7.808675e+01
      vertex   -5.088354e+00 5.083825e+01 7.795837e+01
      vertex   -5.218307e+00 5.037867e+01 7.789081e+01
    endloop
  endfacet
  facet normal -9.369623e-01 2.929411e-01 -1.904918e-01
    outer loop
      vertex   -5.218307e+00 5.037867e+01 7.789081e+01
      vertex   -5.088354e+00 5.083825e+01 7.795837e+01
      vertex   -5.151731e+00 5.050613e+01 7.775935e+01
    endloop
  endfacet
  facet normal -8.861206e-01 4.262358e-01 -1.819708e-01
    outer loop
      vertex   -5.030895e+00 5.130928e+01 7.859926e+01
      vertex   -4.901778e+00 5.165080e+01 7.877046e+01
      vertex   -4.830482e+00 5.174732e+01 7.864935e+01
    endloop
  endfacet
  facet normal -8.664785e-01 4.833361e-01 -1.249047e-01
    outer loop
      vertex   -4.830482e+00 5.174732e+01 7.864935e+01
      vertex   -4.901778e+00 5.165080e+01 7.877046e+01
      vertex   -4.692450e+00 5.203086e+01 7.878902e+01
    endloop
  endfacet
  facet normal -8.960844e-01 4.247342e-01 -1.289712e-01
    outer loop
      vertex   -5.030895e+00 5.130928e+01 7.859926e+01
      vertex   -4.830482e+00 5.174732e+01 7.864935e+01
      vertex   -4.962761e+00 5.141534e+01 7.847512e+01
    endloop
  endfacet
  facet normal -9.146048e-01 3.494223e-01 -2.034753e-01
    outer loop
      vertex   -5.030895e+00 5.130928e+01 7.859926e+01
      vertex   -4.962761e+00 5.141534e+01 7.847512e+01
      vertex   -5.218725e+00 5.059524e+01 7.821733e+01
    endloop
  endfacet
  facet normal -9.368874e-01 3.293253e-01 -1.174178e-01
    outer loop
      vertex   -5.218725e+00 5.059524e+01 7.821733e+01
      vertex   -4.962761e+00 5.141534e+01 7.847512e+01
      vertex   -5.159023e+00 5.071853e+01 7.808675e+01
    endloop
  endfacet
  facet normal -9.475771e-01 2.551567e-01 -1.923349e-01
    outer loop
      vertex   -5.218725e+00 5.059524e+01 7.821733e+01
      vertex   -5.159023e+00 5.071853e+01 7.808675e+01
      vertex   -5.273095e+00 5.024809e+01 7.802466e+01
    endloop
  endfacet
  facet normal -9.567597e-01 2.513265e-01 -1.464443e-01
    outer loop
      vertex   -5.273095e+00 5.024809e+01 7.802466e+01
      vertex   -5.159023e+00 5.071853e+01 7.808675e+01
      vertex   -5.218307e+00 5.037867e+01 7.789081e+01
    endloop
  endfacet
  facet normal 1.474652e-14 6.338786e-01 -7.734326e-01
    outer loop
      vertex   9.000000e+00 1.286382e+01 3.765491e+01
      vertex   -2.376122e+00 1.286382e+01 3.765491e+01
      vertex   9.000000e+00 1.350036e+01 3.817659e+01
    endloop
  endfacet
  facet normal 1.369320e-14 6.338786e-01 -7.734326e-01
    outer loop
      vertex   9.000000e+00 1.350036e+01 3.817659e+01
      vertex   -2.376122e+00 1.286382e+01 3.765491e+01
      vertex   -2.376122e+00 1.350036e+01 3.817659e+01
    endloop
  endfacet
  facet normal 1.282321e-14 6.639792e-01 -7.477510e-01
    outer loop
      vertex   9.000000e+00 1.350036e+01 3.817659e+01
      vertex   -2.376122e+00 1.350036e+01 3.817659e+01
      vertex   -2.376122e+00 1.411577e+01 3.872305e+01
    endloop
  endfacet
  facet normal 6.439124e-15 6.930404e-01 -7.208988e-01
    outer loop
      vertex   -2.376122e+00 1.470907e+01 3.929343e+01
      vertex   9.000000e+00 1.470907e+01 3.929343e+01
      vertex   -2.376122e+00 1.411577e+01 3.872305e+01
    endloop
  endfacet
  facet normal 1.024029e-14 6.930404e-01 -7.208988e-01
    outer loop
      vertex   -2.376122e+00 1.411577e+01 3.872305e+01
      vertex   9.000000e+00 1.470907e+01 3.929343e+01
      vertex   9.000000e+00 1.411577e+01 3.872305e+01
    endloop
  endfacet
  facet normal 1.105873e-14 6.639792e-01 -7.477510e-01
    outer loop
      vertex   -2.376122e+00 1.411577e+01 3.872305e+01
      vertex   9.000000e+00 1.411577e+01 3.872305e+01
      vertex   9.000000e+00 1.350036e+01 3.817659e+01
    endloop
  endfacet
  facet normal 1.000000e+00 -2.364119e-13 -4.981029e-13
    outer loop
      vertex   9.000000e+00 1.286382e+01 3.765491e+01
      vertex   9.000000e+00 1.350036e+01 3.817659e+01
      vertex   9.000000e+00 1.250000e+01 3.782759e+01
    endloop
  endfacet
  facet normal 1.000000e+00 -6.756475e-13 7.608914e-13
    outer loop
      vertex   9.000000e+00 1.250000e+01 3.782759e+01
      vertex   9.000000e+00 1.350036e+01 3.817659e+01
      vertex   9.000000e+00 1.411577e+01 3.872305e+01
    endloop
  endfacet
  facet normal 1.000000e+00 -1.516594e-12 2.278289e-12
    outer loop
      vertex   9.000000e+00 1.250000e+01 3.782759e+01
      vertex   9.000000e+00 1.411577e+01 3.872305e+01
      vertex   9.000000e+00 1.470907e+01 3.929343e+01
    endloop
  endfacet
  facet normal 1.000000e+00 -3.138473e-15 -2.541230e-15
    outer loop
      vertex   9.000000e+00 1.250000e+01 3.782759e+01
      vertex   9.000000e+00 1.470907e+01 3.929343e+01
      vertex   9.000000e+00 1.250000e+01 5.740000e+01
    endloop
  endfacet
  facet normal 1.000000e+00 -9.596684e-17 -2.170032e-15
    outer loop
      vertex   9.000000e+00 1.250000e+01 5.740000e+01
      vertex   9.000000e+00 1.470907e+01 3.929343e+01
      vertex   9.000000e+00 4.606068e+01 7.065036e+01
    endloop
  endfacet
  facet normal 1.000000e+00 2.378563e-13 -6.048584e-13
    outer loop
      vertex   9.000000e+00 1.250000e+01 5.740000e+01
      vertex   9.000000e+00 4.606068e+01 7.065036e+01
      vertex   9.000000e+00 1.242672e+01 5.875149e+01
    endloop
  endfacet
  facet normal 1.000000e+00 2.434232e-14 -1.329135e-15
    outer loop
      vertex   9.000000e+00 1.242672e+01 5.875149e+01
      vertex   9.000000e+00 4.606068e+01 7.065036e+01
      vertex   9.000000e+00 1.220776e+01 6.008713e+01
    endloop
  endfacet
  facet normal 1.000000e+00 2.397554e-14 -1.536834e-16
    outer loop
      vertex   9.000000e+00 1.220776e+01 6.008713e+01
      vertex   9.000000e+00 4.606068e+01 7.065036e+01
      vertex   9.000000e+00 1.184566e+01 6.139127e+01
    endloop
  endfacet
  facet normal 1.000000e+00 2.333005e-14 2.231618e-15
    outer loop
      vertex   9.000000e+00 1.184566e+01 6.139127e+01
      vertex   9.000000e+00 4.606068e+01 7.065036e+01
      vertex   9.000000e+00 1.134469e+01 6.264861e+01
    endloop
  endfacet
  facet normal 1.000000e+00 -1.593596e-14 1.725892e-13
    outer loop
      vertex   9.000000e+00 1.134469e+01 6.264861e+01
      vertex   9.000000e+00 4.606068e+01 7.065036e+01
      vertex   9.000000e+00 1.683597e+01 6.876501e+01
    endloop
  endfacet
  facet normal 1.000000e+00 -6.944960e-14 2.206335e-13
    outer loop
      vertex   9.000000e+00 1.134469e+01 6.264861e+01
      vertex   9.000000e+00 1.683597e+01 6.876501e+01
      vertex   9.000000e+00 1.618100e+01 6.856689e+01
    endloop
  endfacet
  facet normal 1.000000e+00 0.000000e+00 -2.240567e-13
    outer loop
      vertex   9.000000e+00 1.872931e+01 7.065036e+01
      vertex   9.000000e+00 1.840499e+01 7.004782e+01
      vertex   9.000000e+00 4.606068e+01 7.065036e+01
    endloop
  endfacet
  facet normal 1.000000e+00 -4.970882e-15 4.099322e-15
    outer loop
      vertex   9.000000e+00 4.606068e+01 7.065036e+01
      vertex   9.000000e+00 1.840499e+01 7.004782e+01
      vertex   9.000000e+00 1.796964e+01 6.951990e+01
    endloop
  endfacet
  facet normal 1.000000e+00 -4.881123e-15 1.868874e-15
    outer loop
      vertex   9.000000e+00 4.606068e+01 7.065036e+01
      vertex   9.000000e+00 1.796964e+01 6.951990e+01
      vertex   9.000000e+00 1.743988e+01 6.908678e+01
    endloop
  endfacet
  facet normal 1.000000e+00 -4.652910e-15 -2.308469e-15
    outer loop
      vertex   9.000000e+00 1.743988e+01 6.908678e+01
      vertex   9.000000e+00 1.683597e+01 6.876501e+01
      vertex   9.000000e+00 4.606068e+01 7.065036e+01
    endloop
  endfacet
  facet normal 1.000000e+00 -3.587629e-14 3.386917e-13
    outer loop
      vertex   9.000000e+00 1.550000e+01 6.850000e+01
      vertex   9.000000e+00 9.951163e+00 6.496468e+01
      vertex   9.000000e+00 1.618100e+01 6.856689e+01
    endloop
  endfacet
  facet normal 1.000000e+00 1.201808e-13 6.879920e-14
    outer loop
      vertex   9.000000e+00 1.618100e+01 6.856689e+01
      vertex   9.000000e+00 9.951163e+00 6.496468e+01
      vertex   9.000000e+00 1.071071e+01 6.384442e+01
    endloop
  endfacet
  facet normal 1.000000e+00 1.293496e-13 5.817843e-14
    outer loop
      vertex   9.000000e+00 1.618100e+01 6.856689e+01
      vertex   9.000000e+00 1.071071e+01 6.384442e+01
      vertex   9.000000e+00 1.134469e+01 6.264861e+01
    endloop
  endfacet
  facet normal 1.000000e+00 1.238564e-13 8.798455e-14
    outer loop
      vertex   9.000000e+00 9.951163e+00 6.496468e+01
      vertex   9.000000e+00 1.550000e+01 6.850000e+01
      vertex   9.000000e+00 9.074944e+00 6.599624e+01
    endloop
  endfacet
  facet normal 1.000000e+00 2.767012e-14 3.348145e-13
    outer loop
      vertex   9.000000e+00 9.074944e+00 6.599624e+01
      vertex   9.000000e+00 1.550000e+01 6.850000e+01
      vertex   9.000000e+00 1.481900e+01 6.856689e+01
    endloop
  endfacet
  facet normal 1.000000e+00 1.257745e-13 1.156024e-13
    outer loop
      vertex   9.000000e+00 9.074944e+00 6.599624e+01
      vertex   9.000000e+00 1.481900e+01 6.856689e+01
      vertex   9.000000e+00 8.092329e+00 6.692703e+01
    endloop
  endfacet
  facet normal 1.000000e+00 8.403921e-14 2.867991e-13
    outer loop
      vertex   9.000000e+00 8.092329e+00 6.692703e+01
      vertex   9.000000e+00 1.481900e+01 6.856689e+01
      vertex   9.000000e+00 1.416403e+01 6.876501e+01
    endloop
  endfacet
  facet normal 1.000000e+00 1.268920e-13 1.452366e-13
    outer loop
      vertex   9.000000e+00 8.092329e+00 6.692703e+01
      vertex   9.000000e+00 1.416403e+01 6.876501e+01
      vertex   9.000000e+00 7.014838e+00 6.774611e+01
    endloop
  endfacet
  facet normal 1.000000e+00 1.158233e-13 2.229013e-13
    outer loop
      vertex   9.000000e+00 7.014838e+00 6.774611e+01
      vertex   9.000000e+00 1.416403e+01 6.876501e+01
      vertex   9.000000e+00 1.356012e+01 6.908678e+01
    endloop
  endfacet
  facet normal 1.000000e+00 1.284576e-13 1.612192e-13
    outer loop
      vertex   9.000000e+00 7.014838e+00 6.774611e+01
      vertex   9.000000e+00 1.356012e+01 6.908678e+01
      vertex   9.000000e+00 1.303036e+01 6.951990e+01
    endloop
  endfacet
  facet normal 1.000000e+00 1.236536e-13 1.775112e-13
    outer loop
      vertex   9.000000e+00 7.014838e+00 6.774611e+01
      vertex   9.000000e+00 1.303036e+01 6.951990e+01
      vertex   9.000000e+00 5.855106e+00 6.844390e+01
    endloop
  endfacet
  facet normal 1.000000e+00 1.337346e-13 1.102865e-13
    outer loop
      vertex   9.000000e+00 5.855106e+00 6.844390e+01
      vertex   9.000000e+00 1.303036e+01 6.951990e+01
      vertex   9.000000e+00 1.259501e+01 7.004782e+01
    endloop
  endfacet
  facet normal 1.000000e+00 1.115353e-13 2.035713e-13
    outer loop
      vertex   9.000000e+00 5.855106e+00 6.844390e+01
      vertex   9.000000e+00 1.259501e+01 7.004782e+01
      vertex   9.000000e+00 4.626727e+00 6.901221e+01
    endloop
  endfacet
  facet normal 1.000000e+00 1.597677e-13 -1.675422e-13
    outer loop
      vertex   9.000000e+00 4.626727e+00 6.901221e+01
      vertex   9.000000e+00 1.259501e+01 7.004782e+01
      vertex   9.000000e+00 1.227069e+01 7.065036e+01
    endloop
  endfacet
  facet normal 1.000000e+00 8.163124e-14 1.970590e-13
    outer loop
      vertex   9.000000e+00 4.626727e+00 6.901221e+01
      vertex   9.000000e+00 1.227069e+01 7.065036e+01
      vertex   9.000000e+00 3.344104e+00 6.944437e+01
    endloop
  endfacet
  facet normal 1.000000e+00 7.321490e-14 2.593559e-13
    outer loop
      vertex   9.000000e+00 3.344104e+00 6.944437e+01
      vertex   9.000000e+00 1.227069e+01 7.065036e+01
      vertex   9.000000e+00 2.022275e+00 6.973533e+01
    endloop
  endfacet
  facet normal 1.000000e+00 6.006569e-14 4.066283e-13
    outer loop
      vertex   9.000000e+00 2.022275e+00 6.973533e+01
      vertex   9.000000e+00 1.227069e+01 7.065036e+01
      vertex   9.000000e+00 6.767364e-01 6.988167e+01
    endloop
  endfacet
  facet normal 1.000000e+00 0.000000e+00 1.312580e-12
    outer loop
      vertex   9.000000e+00 6.767364e-01 6.988167e+01
      vertex   9.000000e+00 1.227069e+01 7.065036e+01
      vertex   9.000000e+00 -1.227069e+01 7.065036e+01
    endloop
  endfacet
  facet normal 1.000000e+00 1.443688e-14 1.555747e-12
    outer loop
      vertex   9.000000e+00 6.767364e-01 6.988167e+01
      vertex   9.000000e+00 -1.227069e+01 7.065036e+01
      vertex   9.000000e+00 -6.767364e-01 6.988167e+01
    endloop
  endfacet
  facet normal 1.000000e+00 -4.911263e-14 5.972497e-13
    outer loop
      vertex   9.000000e+00 -6.767364e-01 6.988167e+01
      vertex   9.000000e+00 -1.227069e+01 7.065036e+01
      vertex   9.000000e+00 -2.022275e+00 6.973533e+01
    endloop
  endfacet
  facet normal 1.000000e+00 -6.899915e-14 3.745186e-13
    outer loop
      vertex   9.000000e+00 -2.022275e+00 6.973533e+01
      vertex   9.000000e+00 -1.227069e+01 7.065036e+01
      vertex   9.000000e+00 -3.344104e+00 6.944437e+01
    endloop
  endfacet
  facet normal 1.000000e+00 -8.140372e-14 2.827012e-13
    outer loop
      vertex   9.000000e+00 -3.344104e+00 6.944437e+01
      vertex   9.000000e+00 -1.227069e+01 7.065036e+01
      vertex   9.000000e+00 -4.626727e+00 6.901221e+01
    endloop
  endfacet
  facet normal 1.000000e+00 -7.972126e-14 2.905520e-13
    outer loop
      vertex   9.000000e+00 -4.626727e+00 6.901221e+01
      vertex   9.000000e+00 -1.227069e+01 7.065036e+01
      vertex   9.000000e+00 -1.259501e+01 7.004782e+01
    endloop
  endfacet
  facet normal 1.000000e+00 -8.854661e-14 2.226473e-13
    outer loop
      vertex   9.000000e+00 -4.626727e+00 6.901221e+01
      vertex   9.000000e+00 -1.259501e+01 7.004782e+01
      vertex   9.000000e+00 -5.855106e+00 6.844390e+01
    endloop
  endfacet
  facet normal 1.000000e+00 -1.183122e-13 9.756814e-14
    outer loop
      vertex   9.000000e+00 -5.855106e+00 6.844390e+01
      vertex   9.000000e+00 -1.259501e+01 7.004782e+01
      vertex   9.000000e+00 -1.303036e+01 6.951990e+01
    endloop
  endfacet
  facet normal 1.000000e+00 -1.036696e-13 1.952115e-13
    outer loop
      vertex   9.000000e+00 -5.855106e+00 6.844390e+01
      vertex   9.000000e+00 -1.303036e+01 6.951990e+01
      vertex   9.000000e+00 -7.014838e+00 6.774611e+01
    endloop
  endfacet
  facet normal 1.000000e+00 -1.193840e-13 1.419186e-13
    outer loop
      vertex   9.000000e+00 -7.014838e+00 6.774611e+01
      vertex   9.000000e+00 -1.303036e+01 6.951990e+01
      vertex   9.000000e+00 -1.356012e+01 6.908678e+01
    endloop
  endfacet
  facet normal 1.000000e+00 -1.064137e-13 2.052410e-13
    outer loop
      vertex   9.000000e+00 -7.014838e+00 6.774611e+01
      vertex   9.000000e+00 -1.356012e+01 6.908678e+01
      vertex   9.000000e+00 -1.416403e+01 6.876501e+01
    endloop
  endfacet
  facet normal 1.000000e+00 -1.119031e-13 1.667243e-13
    outer loop
      vertex   9.000000e+00 -7.014838e+00 6.774611e+01
      vertex   9.000000e+00 -1.416403e+01 6.876501e+01
      vertex   9.000000e+00 -8.092329e+00 6.692703e+01
    endloop
  endfacet
  facet normal 1.000000e+00 -8.115524e-14 2.682986e-13
    outer loop
      vertex   9.000000e+00 -8.092329e+00 6.692703e+01
      vertex   9.000000e+00 -1.416403e+01 6.876501e+01
      vertex   9.000000e+00 -1.481900e+01 6.856689e+01
    endloop
  endfacet
  facet normal 1.000000e+00 -1.139734e-13 1.336795e-13
    outer loop
      vertex   9.000000e+00 -8.092329e+00 6.692703e+01
      vertex   9.000000e+00 -1.481900e+01 6.856689e+01
      vertex   9.000000e+00 -9.074944e+00 6.599624e+01
    endloop
  endfacet
  facet normal 1.000000e+00 -2.700221e-14 3.280147e-13
    outer loop
      vertex   9.000000e+00 -9.074944e+00 6.599624e+01
      vertex   9.000000e+00 -1.481900e+01 6.856689e+01
      vertex   9.000000e+00 -1.550000e+01 6.850000e+01
    endloop
  endfacet
  facet normal 1.000000e+00 -1.138013e-13 1.052737e-13
    outer loop
      vertex   9.000000e+00 -9.074944e+00 6.599624e+01
      vertex   9.000000e+00 -1.550000e+01 6.850000e+01
      vertex   9.000000e+00 -9.951163e+00 6.496468e+01
    endloop
  endfacet
  facet normal 1.000000e+00 3.605134e-14 3.404738e-13
    outer loop
      vertex   9.000000e+00 -9.951163e+00 6.496468e+01
      vertex   9.000000e+00 -1.550000e+01 6.850000e+01
      vertex   9.000000e+00 -1.618100e+01 6.856689e+01
    endloop
  endfacet
  facet normal 1.000000e+00 -1.115742e-13 8.516322e-14
    outer loop
      vertex   9.000000e+00 -9.951163e+00 6.496468e+01
      vertex   9.000000e+00 -1.618100e+01 6.856689e+01
      vertex   9.000000e+00 -1.071071e+01 6.384442e+01
    endloop
  endfacet
  facet normal 1.000000e+00 -1.243391e-13 7.037689e-14
    outer loop
      vertex   9.000000e+00 -1.071071e+01 6.384442e+01
      vertex   9.000000e+00 -1.618100e+01 6.856689e+01
      vertex   9.000000e+00 -1.134469e+01 6.264861e+01
    endloop
  endfacet
  facet normal 1.000000e+00 7.630838e-14 2.343424e-13
    outer loop
      vertex   9.000000e+00 -1.134469e+01 6.264861e+01
      vertex   9.000000e+00 -1.618100e+01 6.856689e+01
      vertex   9.000000e+00 -1.683597e+01 6.876501e+01
    endloop
  endfacet
  facet normal 1.000000e+00 5.613745e-15 1.708730e-13
    outer loop
      vertex   9.000000e+00 -1.134469e+01 6.264861e+01
      vertex   9.000000e+00 -1.683597e+01 6.876501e+01
      vertex   9.000000e+00 -4.606068e+01 7.065036e+01
    endloop
  endfacet
  facet normal 1.000000e+00 -6.965303e-15 -2.411387e-14
    outer loop
      vertex   9.000000e+00 -4.606068e+01 7.065036e+01
      vertex   9.000000e+00 -1.683597e+01 6.876501e+01
      vertex   9.000000e+00 -1.743988e+01 6.908678e+01
    endloop
  endfacet
  facet normal 1.000000e+00 -6.532555e-15 -1.619259e-14
    outer loop
      vertex   9.000000e+00 -4.606068e+01 7.065036e+01
      vertex   9.000000e+00 -1.743988e+01 6.908678e+01
      vertex   9.000000e+00 -1.796964e+01 6.951990e+01
    endloop
  endfacet
  facet normal 1.000000e+00 -6.362905e-15 -1.197691e-14
    outer loop
      vertex   9.000000e+00 -1.796964e+01 6.951990e+01
      vertex   9.000000e+00 -1.840499e+01 7.004782e+01
      vertex   9.000000e+00 -4.606068e+01 7.065036e+01
    endloop
  endfacet
  facet normal 1.000000e+00 -0.000000e+00 2.800709e-13
    outer loop
      vertex   9.000000e+00 -4.606068e+01 7.065036e+01
      vertex   9.000000e+00 -1.840499e+01 7.004782e+01
      vertex   9.000000e+00 -1.872931e+01 7.065036e+01
    endloop
  endfacet
  facet normal 1.000000e+00 9.596684e-17 -2.170032e-15
    outer loop
      vertex   9.000000e+00 -1.470907e+01 3.929343e+01
      vertex   9.000000e+00 -1.250000e+01 5.740000e+01
      vertex   9.000000e+00 -4.606068e+01 7.065036e+01
    endloop
  endfacet
  facet normal 1.000000e+00 -3.455654e-13 -8.776653e-13
    outer loop
      vertex   9.000000e+00 -4.606068e+01 7.065036e+01
      vertex   9.000000e+00 -1.250000e+01 5.740000e+01
      vertex   9.000000e+00 -1.242672e+01 5.875149e+01
    endloop
  endfacet
  facet normal 1.000000e+00 -3.314632e-14 5.434063e-15
    outer loop
      vertex   9.000000e+00 -4.606068e+01 7.065036e+01
      vertex   9.000000e+00 -1.242672e+01 5.875149e+01
      vertex   9.000000e+00 -1.220776e+01 6.008713e+01
    endloop
  endfacet
  facet normal 1.000000e+00 3.138473e-15 -2.541230e-15
    outer loop
      vertex   9.000000e+00 -1.250000e+01 5.740000e+01
      vertex   9.000000e+00 -1.470907e+01 3.929343e+01
      vertex   9.000000e+00 -1.250000e+01 3.782759e+01
    endloop
  endfacet
  facet normal 1.000000e+00 3.424637e-13 5.088336e-13
    outer loop
      vertex   9.000000e+00 -1.250000e+01 3.782759e+01
      vertex   9.000000e+00 -1.470907e+01 3.929343e+01
      vertex   9.000000e+00 -1.411577e+01 3.872305e+01
    endloop
  endfacet
  facet normal 1.000000e+00 1.704543e-13 1.984612e-13
    outer loop
      vertex   9.000000e+00 -1.250000e+01 3.782759e+01
      vertex   9.000000e+00 -1.411577e+01 3.872305e+01
      vertex   9.000000e+00 -1.350036e+01 3.817659e+01
    endloop
  endfacet
  facet normal 1.000000e+00 5.833542e-14 -1.229085e-13
    outer loop
      vertex   9.000000e+00 -1.350036e+01 3.817659e+01
      vertex   9.000000e+00 -1.286382e+01 3.765491e+01
      vertex   9.000000e+00 -1.250000e+01 3.782759e+01
    endloop
  endfacet
  facet normal 1.000000e+00 -3.167291e-14 1.015603e-14
    outer loop
      vertex   9.000000e+00 -1.220776e+01 6.008713e+01
      vertex   9.000000e+00 -1.184566e+01 6.139127e+01
      vertex   9.000000e+00 -4.606068e+01 7.065036e+01
    endloop
  endfacet
  facet normal 1.000000e+00 -3.003578e-14 1.620570e-14
    outer loop
      vertex   9.000000e+00 -4.606068e+01 7.065036e+01
      vertex   9.000000e+00 -1.184566e+01 6.139127e+01
      vertex   9.000000e+00 -1.134469e+01 6.264861e+01
    endloop
  endfacet
  facet normal 1.295094e-14 -4.287801e-01 -9.034089e-01
    outer loop
      vertex   9.000000e+00 1.250000e+01 3.782759e+01
      vertex   -3.472458e+00 1.265427e+01 3.775437e+01
      vertex   9.000000e+00 1.286382e+01 3.765491e+01
    endloop
  endfacet
  facet normal 2.264378e-14 -4.287801e-01 -9.034089e-01
    outer loop
      vertex   9.000000e+00 1.286382e+01 3.765491e+01
      vertex   -3.472458e+00 1.265427e+01 3.775437e+01
      vertex   -3.122559e+00 1.276594e+01 3.770137e+01
    endloop
  endfacet
  facet normal 2.305318e-14 -4.287801e-01 -9.034089e-01
    outer loop
      vertex   9.000000e+00 1.286382e+01 3.765491e+01
      vertex   -3.122559e+00 1.276594e+01 3.770137e+01
      vertex   -2.745822e+00 1.283817e+01 3.766709e+01
    endloop
  endfacet
  facet normal 1.412648e-14 -4.287801e-01 -9.034089e-01
    outer loop
      vertex   9.000000e+00 1.250000e+01 3.782759e+01
      vertex   -3.800895e+00 1.250000e+01 3.782759e+01
      vertex   -3.472458e+00 1.265427e+01 3.775437e+01
    endloop
  endfacet
  facet normal 2.744838e-14 -4.287801e-01 -9.034089e-01
    outer loop
      vertex   -2.745822e+00 1.283817e+01 3.766709e+01
      vertex   -2.376122e+00 1.286382e+01 3.765491e+01
      vertex   9.000000e+00 1.286382e+01 3.765491e+01
    endloop
  endfacet
  facet normal 0.000000e+00 0.000000e+00 -1.000000e+00
    outer loop
      vertex   -2.300896e+00 -1.900000e+01 7.800000e+01
      vertex   -3.376122e+00 -1.900000e+01 7.800000e+01
      vertex   -2.300896e+00 -1.200000e+01 7.800000e+01
    endloop
  endfacet
  facet normal -0.000000e+00 0.000000e+00 -1.000000e+00
    outer loop
      vertex   -2.300896e+00 -1.200000e+01 7.800000e+01
      vertex   -3.376122e+00 -1.900000e+01 7.800000e+01
      vertex   -3.376122e+00 -1.200000e+01 7.800000e+01
    endloop
  endfacet
  facet normal 1.000000e+00 -3.056132e-15 1.502502e-14
    outer loop
      vertex   -3.376122e+00 -1.200000e+01 7.800000e+01
      vertex   -3.376122e+00 -1.376795e+01 7.300000e+01
      vertex   -3.376122e+00 -1.200000e+01 7.200000e+01
    endloop
  endfacet
  facet normal 1.000000e+00 -3.528723e-15 1.418950e-14
    outer loop
      vertex   -3.376122e+00 -1.200000e+01 7.200000e+01
      vertex   -3.376122e+00 -1.376795e+01 7.300000e+01
      vertex   -3.376122e+00 -1.356815e+01 7.251764e+01
    endloop
  endfacet
  facet normal 1.000000e+00 -3.552714e-15 1.411682e-14
    outer loop
      vertex   -3.376122e+00 -1.200000e+01 7.200000e+01
      vertex   -3.376122e+00 -1.356815e+01 7.251764e+01
      vertex   -3.376122e+00 -1.350000e+01 7.200000e+01
    endloop
  endfacet
  facet normal 1.000000e+00 2.854859e-15 1.204592e-14
    outer loop
      vertex   -3.376122e+00 -1.900000e+01 7.800000e+01
      vertex   -3.376122e+00 -1.550000e+01 7.400000e+01
      vertex   -3.376122e+00 -1.200000e+01 7.800000e+01
    endloop
  endfacet
  facet normal 1.000000e+00 1.716957e-15 1.304158e-14
    outer loop
      vertex   -3.376122e+00 -1.200000e+01 7.800000e+01
      vertex   -3.376122e+00 -1.550000e+01 7.400000e+01
      vertex   -3.376122e+00 -1.498236e+01 7.393185e+01
    endloop
  endfacet
  facet normal 1.000000e+00 2.425023e-15 1.252250e-14
    outer loop
      vertex   -3.376122e+00 -1.200000e+01 7.800000e+01
      vertex   -3.376122e+00 -1.498236e+01 7.393185e+01
      vertex   -3.376122e+00 -1.450000e+01 7.373205e+01
    endloop
  endfacet
  facet normal 1.000000e+00 9.377719e-15 1.495100e-14
    outer loop
      vertex   -3.376122e+00 -1.900000e+01 7.200000e+01
      vertex   -3.376122e+00 -1.723205e+01 7.300000e+01
      vertex   -3.376122e+00 -1.900000e+01 7.800000e+01
    endloop
  endfacet
  facet normal 1.000000e+00 5.880015e-15 1.371425e-14
    outer loop
      vertex   -3.376122e+00 -1.900000e+01 7.800000e+01
      vertex   -3.376122e+00 -1.723205e+01 7.300000e+01
      vertex   -3.376122e+00 -1.691421e+01 7.341421e+01
    endloop
  endfacet
  facet normal 1.000000e+00 4.052237e-15 1.288291e-14
    outer loop
      vertex   -3.376122e+00 -1.900000e+01 7.800000e+01
      vertex   -3.376122e+00 -1.691421e+01 7.341421e+01
      vertex   -3.376122e+00 -1.650000e+01 7.373205e+01
    endloop
  endfacet
  facet normal 1.000000e+00 -6.809368e-15 1.428805e-14
    outer loop
      vertex   -3.376122e+00 -1.893275e+01 7.131718e+01
      vertex   -3.376122e+00 -1.750000e+01 7.200000e+01
      vertex   -3.376122e+00 -1.900000e+01 7.200000e+01
    endloop
  endfacet
  facet normal 1.000000e+00 -6.809368e-15 6.609797e-14
    outer loop
      vertex   -3.376122e+00 -1.900000e+01 7.200000e+01
      vertex   -3.376122e+00 -1.750000e+01 7.200000e+01
      vertex   -3.376122e+00 -1.743185e+01 7.251764e+01
    endloop
  endfacet
  facet normal 1.000000e+00 1.104982e-14 1.199482e-14
    outer loop
      vertex   -3.376122e+00 -1.900000e+01 7.200000e+01
      vertex   -3.376122e+00 -1.743185e+01 7.251764e+01
      vertex   -3.376122e+00 -1.723205e+01 7.300000e+01
    endloop
  endfacet
  facet normal 1.000000e+00 1.500425e-14 -3.148332e-14
    outer loop
      vertex   -3.376122e+00 -1.750000e+01 7.200000e+01
      vertex   -3.376122e+00 -1.893275e+01 7.131718e+01
      vertex   -3.376122e+00 -1.743185e+01 7.148236e+01
    endloop
  endfacet
  facet normal 1.000000e+00 9.798025e-15 1.582326e-14
    outer loop
      vertex   -3.376122e+00 -1.743185e+01 7.148236e+01
      vertex   -3.376122e+00 -1.893275e+01 7.131718e+01
      vertex   -3.376122e+00 -1.873358e+01 7.066061e+01
    endloop
  endfacet
  facet normal 1.000000e+00 8.905784e-15 1.723664e-14
    outer loop
      vertex   -3.376122e+00 -1.743185e+01 7.148236e+01
      vertex   -3.376122e+00 -1.873358e+01 7.066061e+01
      vertex   -3.376122e+00 -1.841014e+01 7.005550e+01
    endloop
  endfacet
  facet normal 1.000000e+00 7.830404e-15 1.797395e-14
    outer loop
      vertex   -3.376122e+00 -1.743185e+01 7.148236e+01
      vertex   -3.376122e+00 -1.841014e+01 7.005550e+01
      vertex   -3.376122e+00 -1.723205e+01 7.100000e+01
    endloop
  endfacet
  facet normal 1.000000e+00 7.341090e-15 1.858428e-14
    outer loop
      vertex   -3.376122e+00 -1.723205e+01 7.100000e+01
      vertex   -3.376122e+00 -1.841014e+01 7.005550e+01
      vertex   -3.376122e+00 -1.797487e+01 6.952513e+01
    endloop
  endfacet
  facet normal 1.000000e+00 5.721472e-15 1.940001e-14
    outer loop
      vertex   -3.376122e+00 -1.723205e+01 7.100000e+01
      vertex   -3.376122e+00 -1.797487e+01 6.952513e+01
      vertex   -3.376122e+00 -1.691421e+01 7.058579e+01
    endloop
  endfacet
  facet normal 1.000000e+00 6.724741e-15 1.839674e-14
    outer loop
      vertex   -3.376122e+00 -1.691421e+01 7.058579e+01
      vertex   -3.376122e+00 -1.797487e+01 6.952513e+01
      vertex   -3.376122e+00 -1.744450e+01 6.908986e+01
    endloop
  endfacet
  facet normal 1.000000e+00 4.107070e-15 1.932466e-14
    outer loop
      vertex   -3.376122e+00 -1.691421e+01 7.058579e+01
      vertex   -3.376122e+00 -1.744450e+01 6.908986e+01
      vertex   -3.376122e+00 -1.650000e+01 7.026795e+01
    endloop
  endfacet
  facet normal 1.000000e+00 5.380229e-15 1.830395e-14
    outer loop
      vertex   -3.376122e+00 -1.650000e+01 7.026795e+01
      vertex   -3.376122e+00 -1.744450e+01 6.908986e+01
      vertex   -3.376122e+00 -1.683939e+01 6.876642e+01
    endloop
  endfacet
  facet normal 1.000000e+00 4.867757e-15 1.841978e-14
    outer loop
      vertex   -3.376122e+00 -1.650000e+01 7.026795e+01
      vertex   -3.376122e+00 -1.683939e+01 6.876642e+01
      vertex   -3.376122e+00 -1.601764e+01 7.006815e+01
    endloop
  endfacet
  facet normal 1.000000e+00 3.768894e-15 1.911347e-14
    outer loop
      vertex   -3.376122e+00 -1.601764e+01 7.006815e+01
      vertex   -3.376122e+00 -1.683939e+01 6.876642e+01
      vertex   -3.376122e+00 -1.618282e+01 6.856725e+01
    endloop
  endfacet
  facet normal 1.000000e+00 2.534225e-15 1.924935e-14
    outer loop
      vertex   -3.376122e+00 -1.601764e+01 7.006815e+01
      vertex   -3.376122e+00 -1.618282e+01 6.856725e+01
      vertex   -3.376122e+00 -1.550000e+01 7.000000e+01
    endloop
  endfacet
  facet normal 1.000000e+00 3.788173e-15 1.865175e-14
    outer loop
      vertex   -3.376122e+00 -1.550000e+01 7.000000e+01
      vertex   -3.376122e+00 -1.618282e+01 6.856725e+01
      vertex   -3.376122e+00 -1.550000e+01 6.850000e+01
    endloop
  endfacet
  facet normal 1.000000e+00 2.715616e-15 1.865175e-14
    outer loop
      vertex   -3.376122e+00 -1.550000e+01 7.000000e+01
      vertex   -3.376122e+00 -1.550000e+01 6.850000e+01
      vertex   -3.376122e+00 -1.481718e+01 6.856725e+01
    endloop
  endfacet
  facet normal 1.000000e+00 1.886071e-15 1.825640e-14
    outer loop
      vertex   -3.376122e+00 -1.550000e+01 7.000000e+01
      vertex   -3.376122e+00 -1.481718e+01 6.856725e+01
      vertex   -3.376122e+00 -1.498236e+01 7.006815e+01
    endloop
  endfacet
  facet normal 1.000000e+00 1.247029e-15 1.818608e-14
    outer loop
      vertex   -3.376122e+00 -1.498236e+01 7.006815e+01
      vertex   -3.376122e+00 -1.481718e+01 6.856725e+01
      vertex   -3.376122e+00 -1.416061e+01 6.876642e+01
    endloop
  endfacet
  facet normal 1.000000e+00 1.585208e-15 1.839956e-14
    outer loop
      vertex   -3.376122e+00 -1.498236e+01 7.006815e+01
      vertex   -3.376122e+00 -1.416061e+01 6.876642e+01
      vertex   -3.376122e+00 -1.450000e+01 7.026795e+01
    endloop
  endfacet
  facet normal 1.000000e+00 5.633661e-16 1.816859e-14
    outer loop
      vertex   -3.376122e+00 -1.450000e+01 7.026795e+01
      vertex   -3.376122e+00 -1.416061e+01 6.876642e+01
      vertex   -3.376122e+00 -1.355550e+01 6.908986e+01
    endloop
  endfacet
  facet normal 1.000000e+00 2.123351e-16 1.788717e-14
    outer loop
      vertex   -3.376122e+00 -1.450000e+01 7.026795e+01
      vertex   -3.376122e+00 -1.355550e+01 6.908986e+01
      vertex   -3.376122e+00 -1.408579e+01 7.058579e+01
    endloop
  endfacet
  facet normal 1.000000e+00 -2.971725e-16 1.770655e-14
    outer loop
      vertex   -3.376122e+00 -1.408579e+01 7.058579e+01
      vertex   -3.376122e+00 -1.355550e+01 6.908986e+01
      vertex   -3.376122e+00 -1.302513e+01 6.952513e+01
    endloop
  endfacet
  facet normal 1.000000e+00 1.258502e-16 1.812958e-14
    outer loop
      vertex   -3.376122e+00 -1.408579e+01 7.058579e+01
      vertex   -3.376122e+00 -1.302513e+01 6.952513e+01
      vertex   -3.376122e+00 -1.376795e+01 7.100000e+01
    endloop
  endfacet
  facet normal 1.000000e+00 -9.967676e-16 1.756417e-14
    outer loop
      vertex   -3.376122e+00 -1.376795e+01 7.100000e+01
      vertex   -3.376122e+00 -1.302513e+01 6.952513e+01
      vertex   -3.376122e+00 -1.258986e+01 7.005550e+01
    endloop
  endfacet
  facet normal 1.000000e+00 -1.345536e-15 1.712914e-14
    outer loop
      vertex   -3.376122e+00 -1.376795e+01 7.100000e+01
      vertex   -3.376122e+00 -1.258986e+01 7.005550e+01
      vertex   -3.376122e+00 -1.356815e+01 7.148236e+01
    endloop
  endfacet
  facet normal 1.000000e+00 -9.604179e-16 1.739319e-14
    outer loop
      vertex   -3.376122e+00 -1.356815e+01 7.148236e+01
      vertex   -3.376122e+00 -1.258986e+01 7.005550e+01
      vertex   -3.376122e+00 -1.226642e+01 7.066061e+01
    endloop
  endfacet
  facet normal 1.000000e+00 -2.495864e-15 1.496091e-14
    outer loop
      vertex   -3.376122e+00 -1.356815e+01 7.148236e+01
      vertex   -3.376122e+00 -1.226642e+01 7.066061e+01
      vertex   -3.376122e+00 -1.206725e+01 7.131718e+01
    endloop
  endfacet
  facet normal 1.000000e+00 -2.221845e-15 1.745080e-14
    outer loop
      vertex   -3.376122e+00 -1.356815e+01 7.148236e+01
      vertex   -3.376122e+00 -1.206725e+01 7.131718e+01
      vertex   -3.376122e+00 -1.350000e+01 7.200000e+01
    endloop
  endfacet
  facet normal 1.000000e+00 -3.552714e-15 1.465825e-14
    outer loop
      vertex   -3.376122e+00 -1.350000e+01 7.200000e+01
      vertex   -3.376122e+00 -1.206725e+01 7.131718e+01
      vertex   -3.376122e+00 -1.200000e+01 7.200000e+01
    endloop
  endfacet
  facet normal 1.000000e+00 3.905809e-15 1.279714e-14
    outer loop
      vertex   -3.376122e+00 -1.650000e+01 7.373205e+01
      vertex   -3.376122e+00 -1.601764e+01 7.393185e+01
      vertex   -3.376122e+00 -1.900000e+01 7.800000e+01
    endloop
  endfacet
  facet normal 1.000000e+00 2.719311e-15 1.192732e-14
    outer loop
      vertex   -3.376122e+00 -1.900000e+01 7.800000e+01
      vertex   -3.376122e+00 -1.601764e+01 7.393185e+01
      vertex   -3.376122e+00 -1.550000e+01 7.400000e+01
    endloop
  endfacet
  facet normal 1.000000e+00 -1.547654e-17 1.395205e-14
    outer loop
      vertex   -3.376122e+00 -1.450000e+01 7.373205e+01
      vertex   -3.376122e+00 -1.408579e+01 7.341421e+01
      vertex   -3.376122e+00 -1.200000e+01 7.800000e+01
    endloop
  endfacet
  facet normal 1.000000e+00 6.031381e-18 1.394227e-14
    outer loop
      vertex   -3.376122e+00 -1.200000e+01 7.800000e+01
      vertex   -3.376122e+00 -1.408579e+01 7.341421e+01
      vertex   -3.376122e+00 -1.376795e+01 7.300000e+01
    endloop
  endfacet
  facet normal -9.465534e-16 9.951847e-01 9.801714e-02
    outer loop
      vertex   -3.376122e+00 -1.900000e+01 7.200000e+01
      vertex   6.924777e+00 -1.900000e+01 7.200000e+01
      vertex   -3.376122e+00 -1.893275e+01 7.131718e+01
    endloop
  endfacet
  facet normal -4.792394e-05 9.951139e-01 9.873315e-02
    outer loop
      vertex   -3.376122e+00 -1.893275e+01 7.131718e+01
      vertex   6.924777e+00 -1.900000e+01 7.200000e+01
      vertex   7.983052e+00 -1.893166e+01 7.131174e+01
    endloop
  endfacet
  facet normal 2.457120e-05 9.695388e-01 2.449379e-01
    outer loop
      vertex   -3.376122e+00 -1.893275e+01 7.131718e+01
      vertex   7.983052e+00 -1.893166e+01 7.131174e+01
      vertex   8.499230e+00 -1.884687e+01 7.097604e+01
    endloop
  endfacet
  facet normal 1.418361e-03 9.569394e-01 2.902844e-01
    outer loop
      vertex   -3.376122e+00 -1.893275e+01 7.131718e+01
      vertex   8.499230e+00 -1.884687e+01 7.097604e+01
      vertex   -3.376122e+00 -1.873358e+01 7.066061e+01
    endloop
  endfacet
  facet normal -4.299669e-05 9.406267e-01 3.394427e-01
    outer loop
      vertex   -3.376122e+00 -1.873358e+01 7.066061e+01
      vertex   8.499230e+00 -1.884687e+01 7.097604e+01
      vertex   9.000000e+00 -1.872931e+01 7.065036e+01
    endloop
  endfacet
  facet normal 8.649123e-05 8.819213e-01 4.713967e-01
    outer loop
      vertex   -3.376122e+00 -1.873358e+01 7.066061e+01
      vertex   9.000000e+00 -1.872931e+01 7.065036e+01
      vertex   -3.376122e+00 -1.841014e+01 7.005550e+01
    endloop
  endfacet
  facet normal -7.207603e-05 8.805472e-01 4.739585e-01
    outer loop
      vertex   -3.376122e+00 -1.841014e+01 7.005550e+01
      vertex   9.000000e+00 -1.872931e+01 7.065036e+01
      vertex   9.000000e+00 -1.840499e+01 7.004782e+01
    endloop
  endfacet
  facet normal 7.227262e-05 7.730105e-01 6.343933e-01
    outer loop
      vertex   -3.376122e+00 -1.841014e+01 7.005550e+01
      vertex   9.000000e+00 -1.840499e+01 7.004782e+01
      vertex   -3.376122e+00 -1.797487e+01 6.952513e+01
    endloop
  endfacet
  facet normal -5.781810e-05 7.714994e-01 6.362301e-01
    outer loop
      vertex   -3.376122e+00 -1.797487e+01 6.952513e+01
      vertex   9.000000e+00 -1.840499e+01 7.004782e+01
      vertex   9.000000e+00 -1.796964e+01 6.951990e+01
    endloop
  endfacet
  facet normal 5.797537e-05 6.343933e-01 7.730105e-01
    outer loop
      vertex   -3.376122e+00 -1.797487e+01 6.952513e+01
      vertex   9.000000e+00 -1.796964e+01 6.951990e+01
      vertex   -3.376122e+00 -1.744450e+01 6.908986e+01
    endloop
  endfacet
  facet normal -4.348153e-05 6.329622e-01 7.741827e-01
    outer loop
      vertex   -3.376122e+00 -1.744450e+01 6.908986e+01
      vertex   9.000000e+00 -1.796964e+01 6.951990e+01
      vertex   9.000000e+00 -1.743988e+01 6.908678e+01
    endloop
  endfacet
  facet normal 4.359948e-05 4.713967e-01 8.819213e-01
    outer loop
      vertex   -3.376122e+00 -1.744450e+01 6.908986e+01
      vertex   9.000000e+00 -1.743988e+01 6.908678e+01
      vertex   -3.376122e+00 -1.683939e+01 6.876642e+01
    endloop
  endfacet
  facet normal -2.906632e-05 4.702310e-01 8.825434e-01
    outer loop
      vertex   -3.376122e+00 -1.683939e+01 6.876642e+01
      vertex   9.000000e+00 -1.743988e+01 6.908678e+01
      vertex   9.000000e+00 -1.683597e+01 6.876501e+01
    endloop
  endfacet
  facet normal 2.914495e-05 2.902847e-01 9.569403e-01
    outer loop
      vertex   -3.376122e+00 -1.683939e+01 6.876642e+01
      vertex   9.000000e+00 -1.683597e+01 6.876501e+01
      vertex   -3.376122e+00 -1.618282e+01 6.856725e+01
    endloop
  endfacet
  facet normal -1.457248e-05 2.895259e-01 9.571702e-01
    outer loop
      vertex   -3.376122e+00 -1.618282e+01 6.856725e+01
      vertex   9.000000e+00 -1.683597e+01 6.876501e+01
      vertex   9.000000e+00 -1.618100e+01 6.856689e+01
    endloop
  endfacet
  facet normal 1.461179e-05 9.801714e-02 9.951847e-01
    outer loop
      vertex   -3.376122e+00 -1.618282e+01 6.856725e+01
      vertex   9.000000e+00 -1.618100e+01 6.856689e+01
      vertex   -3.376122e+00 -1.550000e+01 6.850000e+01
    endloop
  endfacet
  facet normal -1.664389e-14 9.775414e-02 9.952106e-01
    outer loop
      vertex   -3.376122e+00 -1.550000e+01 6.850000e+01
      vertex   9.000000e+00 -1.618100e+01 6.856689e+01
      vertex   9.000000e+00 -1.550000e+01 6.850000e+01
    endloop
  endfacet
  facet normal -1.535306e-14 -9.775414e-02 9.952106e-01
    outer loop
      vertex   -3.376122e+00 -1.550000e+01 6.850000e+01
      vertex   9.000000e+00 -1.550000e+01 6.850000e+01
      vertex   9.000000e+00 -1.481900e+01 6.856689e+01
    endloop
  endfacet
  facet normal 1.461179e-05 -9.801714e-02 9.951847e-01
    outer loop
      vertex   -3.376122e+00 -1.550000e+01 6.850000e+01
      vertex   9.000000e+00 -1.481900e+01 6.856689e+01
      vertex   -3.376122e+00 -1.481718e+01 6.856725e+01
    endloop
  endfacet
  facet normal -1.457248e-05 -2.895259e-01 9.571702e-01
    outer loop
      vertex   -3.376122e+00 -1.481718e+01 6.856725e+01
      vertex   9.000000e+00 -1.481900e+01 6.856689e+01
      vertex   9.000000e+00 -1.416403e+01 6.876501e+01
    endloop
  endfacet
  facet normal 2.914495e-05 -2.902847e-01 9.569403e-01
    outer loop
      vertex   -3.376122e+00 -1.481718e+01 6.856725e+01
      vertex   9.000000e+00 -1.416403e+01 6.876501e+01
      vertex   -3.376122e+00 -1.416061e+01 6.876642e+01
    endloop
  endfacet
  facet normal -2.906632e-05 -4.702310e-01 8.825434e-01
    outer loop
      vertex   -3.376122e+00 -1.416061e+01 6.876642e+01
      vertex   9.000000e+00 -1.416403e+01 6.876501e+01
      vertex   9.000000e+00 -1.356012e+01 6.908678e+01
    endloop
  endfacet
  facet normal 4.359948e-05 -4.713967e-01 8.819213e-01
    outer loop
      vertex   -3.376122e+00 -1.416061e+01 6.876642e+01
      vertex   9.000000e+00 -1.356012e+01 6.908678e+01
      vertex   -3.376122e+00 -1.355550e+01 6.908986e+01
    endloop
  endfacet
  facet normal -4.348153e-05 -6.329622e-01 7.741827e-01
    outer loop
      vertex   -3.376122e+00 -1.355550e+01 6.908986e+01
      vertex   9.000000e+00 -1.356012e+01 6.908678e+01
      vertex   9.000000e+00 -1.303036e+01 6.951990e+01
    endloop
  endfacet
  facet normal 5.797537e-05 -6.343933e-01 7.730105e-01
    outer loop
      vertex   -3.376122e+00 -1.355550e+01 6.908986e+01
      vertex   9.000000e+00 -1.303036e+01 6.951990e+01
      vertex   -3.376122e+00 -1.302513e+01 6.952513e+01
    endloop
  endfacet
  facet normal -5.781810e-05 -7.714994e-01 6.362301e-01
    outer loop
      vertex   -3.376122e+00 -1.302513e+01 6.952513e+01
      vertex   9.000000e+00 -1.303036e+01 6.951990e+01
      vertex   9.000000e+00 -1.259501e+01 7.004782e+01
    endloop
  endfacet
  facet normal 7.227262e-05 -7.730105e-01 6.343933e-01
    outer loop
      vertex   -3.376122e+00 -1.302513e+01 6.952513e+01
      vertex   9.000000e+00 -1.259501e+01 7.004782e+01
      vertex   -3.376122e+00 -1.258986e+01 7.005550e+01
    endloop
  endfacet
  facet normal -7.207603e-05 -8.805472e-01 4.739585e-01
    outer loop
      vertex   -3.376122e+00 -1.258986e+01 7.005550e+01
      vertex   9.000000e+00 -1.259501e+01 7.004782e+01
      vertex   9.000000e+00 -1.227069e+01 7.065036e+01
    endloop
  endfacet
  facet normal 8.649123e-05 -8.819213e-01 4.713967e-01
    outer loop
      vertex   -3.376122e+00 -1.258986e+01 7.005550e+01
      vertex   9.000000e+00 -1.227069e+01 7.065036e+01
      vertex   -3.376122e+00 -1.226642e+01 7.066061e+01
    endloop
  endfacet
  facet normal -4.299669e-05 -9.406267e-01 3.394427e-01
    outer loop
      vertex   -3.376122e+00 -1.226642e+01 7.066061e+01
      vertex   9.000000e+00 -1.227069e+01 7.065036e+01
      vertex   8.499230e+00 -1.215313e+01 7.097604e+01
    endloop
  endfacet
  facet normal 1.418361e-03 -9.569394e-01 2.902844e-01
    outer loop
      vertex   -3.376122e+00 -1.226642e+01 7.066061e+01
      vertex   8.499230e+00 -1.215313e+01 7.097604e+01
      vertex   -3.376122e+00 -1.206725e+01 7.131718e+01
    endloop
  endfacet
  facet normal 2.457120e-05 -9.695388e-01 2.449379e-01
    outer loop
      vertex   -3.376122e+00 -1.206725e+01 7.131718e+01
      vertex   8.499230e+00 -1.215313e+01 7.097604e+01
      vertex   7.983052e+00 -1.206834e+01 7.131174e+01
    endloop
  endfacet
  facet normal -4.792394e-05 -9.951139e-01 9.873315e-02
    outer loop
      vertex   -3.376122e+00 -1.206725e+01 7.131718e+01
      vertex   7.983052e+00 -1.206834e+01 7.131174e+01
      vertex   6.924777e+00 -1.200000e+01 7.200000e+01
    endloop
  endfacet
  facet normal -9.465534e-16 -9.951847e-01 9.801714e-02
    outer loop
      vertex   6.924777e+00 -1.200000e+01 7.200000e+01
      vertex   -3.376122e+00 -1.200000e+01 7.200000e+01
      vertex   -3.376122e+00 -1.206725e+01 7.131718e+01
    endloop
  endfacet
  facet normal -0.000000e+00 -1.000000e+00 0.000000e+00
    outer loop
      vertex   6.924777e+00 -1.200000e+01 7.200000e+01
      vertex   -2.300896e+00 -1.200000e+01 7.800000e+01
      vertex   -3.376122e+00 -1.200000e+01 7.200000e+01
    endloop
  endfacet
  facet normal 0.000000e+00 -1.000000e+00 0.000000e+00
    outer loop
      vertex   -3.376122e+00 -1.200000e+01 7.200000e+01
      vertex   -2.300896e+00 -1.200000e+01 7.800000e+01
      vertex   -3.376122e+00 -1.200000e+01 7.800000e+01
    endloop
  endfacet
  facet normal 1.383906e-14 1.000000e+00 -3.516822e-29
    outer loop
      vertex   9.000000e+00 -1.250000e+01 5.740000e+01
      vertex   9.000000e+00 -1.250000e+01 3.782759e+01
      vertex   -5.376122e+00 -1.250000e+01 4.132759e+01
    endloop
  endfacet
  facet normal 1.554204e-14 1.000000e+00 6.994926e-15
    outer loop
      vertex   -5.376122e+00 -1.250000e+01 4.132759e+01
      vertex   9.000000e+00 -1.250000e+01 3.782759e+01
      vertex   -3.800895e+00 -1.250000e+01 3.782759e+01
    endloop
  endfacet
  facet normal 0.000000e+00 1.000000e+00 0.000000e+00
    outer loop
      vertex   -5.376122e+00 -1.250000e+01 4.132759e+01
      vertex   -3.800895e+00 -1.250000e+01 3.782759e+01
      vertex   -5.352788e+00 -1.250000e+01 4.083886e+01
    endloop
  endfacet
  facet normal 0.000000e+00 1.000000e+00 0.000000e+00
    outer loop
      vertex   -5.352788e+00 -1.250000e+01 4.083886e+01
      vertex   -3.800895e+00 -1.250000e+01 3.782759e+01
      vertex   -5.283900e+00 -1.250000e+01 4.033288e+01
    endloop
  endfacet
  facet normal -1.996222e-14 1.000000e+00 -1.181664e-14
    outer loop
      vertex   -5.283900e+00 -1.250000e+01 4.033288e+01
      vertex   -3.800895e+00 -1.250000e+01 3.782759e+01
      vertex   -5.171132e+00 -1.250000e+01 3.984172e+01
    endloop
  endfacet
  facet normal -5.326627e-15 1.000000e+00 -1.859874e-15
    outer loop
      vertex   -5.171132e+00 -1.250000e+01 3.984172e+01
      vertex   -3.800895e+00 -1.250000e+01 3.782759e+01
      vertex   -5.012576e+00 -1.250000e+01 3.938762e+01
    endloop
  endfacet
  facet normal -6.313437e-14 1.000000e+00 -4.675932e-14
    outer loop
      vertex   -5.012576e+00 -1.250000e+01 3.938762e+01
      vertex   -3.800895e+00 -1.250000e+01 3.782759e+01
      vertex   -4.789321e+00 -1.250000e+01 3.893423e+01
    endloop
  endfacet
  facet normal -1.418105e-13 1.000000e+00 -1.170314e-13
    outer loop
      vertex   -4.789321e+00 -1.250000e+01 3.893423e+01
      vertex   -3.800895e+00 -1.250000e+01 3.782759e+01
      vertex   -4.192835e+00 -1.250000e+01 3.815073e+01
    endloop
  endfacet
  facet normal 6.055162e-15 1.000000e+00 -4.459000e-15
    outer loop
      vertex   -4.789321e+00 -1.250000e+01 3.893423e+01
      vertex   -4.192835e+00 -1.250000e+01 3.815073e+01
      vertex   -4.513891e+00 -1.250000e+01 3.851150e+01
    endloop
  endfacet
  facet normal 1.383906e-14 1.000000e+00 2.508416e-28
    outer loop
      vertex   -5.376122e+00 -1.250000e+01 4.132759e+01
      vertex   -5.376122e+00 -1.250000e+01 5.740000e+01
      vertex   9.000000e+00 -1.250000e+01 5.740000e+01
    endloop
  endfacet
  facet normal 0.000000e+00 1.000000e+00 0.000000e+00
    outer loop
      vertex   6.924777e+00 -1.900000e+01 7.200000e+01
      vertex   -3.376122e+00 -1.900000e+01 7.200000e+01
      vertex   -2.300896e+00 -1.900000e+01 7.800000e+01
    endloop
  endfacet
  facet normal 0.000000e+00 1.000000e+00 0.000000e+00
    outer loop
      vertex   -2.300896e+00 -1.900000e+01 7.800000e+01
      vertex   -3.376122e+00 -1.900000e+01 7.200000e+01
      vertex   -3.376122e+00 -1.900000e+01 7.800000e+01
    endloop
  endfacet
  facet normal -9.987500e-01 -4.998445e-02 0.000000e+00
    outer loop
      vertex   -5.376122e+00 -4.944961e+01 7.828287e+01
      vertex   -5.344788e+00 -5.007570e+01 7.859478e+01
      vertex   -5.376122e+00 -4.944961e+01 8.000000e+01
    endloop
  endfacet
  facet normal -9.978871e-01 -6.464015e-02 6.549058e-03
    outer loop
      vertex   -5.376122e+00 -4.944961e+01 8.000000e+01
      vertex   -5.344788e+00 -5.007570e+01 7.859478e+01
      vertex   -5.326617e+00 -5.021711e+01 7.996781e+01
    endloop
  endfacet
  facet normal -9.865110e-01 -1.636510e-01 -3.798663e-03
    outer loop
      vertex   -5.326617e+00 -5.021711e+01 7.996781e+01
      vertex   -5.344788e+00 -5.007570e+01 7.859478e+01
      vertex   -5.238844e+00 -5.072153e+01 7.890438e+01
    endloop
  endfacet
  facet normal -9.806132e-01 -1.955952e-01 1.184057e-02
    outer loop
      vertex   -5.326617e+00 -5.021711e+01 7.996781e+01
      vertex   -5.238844e+00 -5.072153e+01 7.890438e+01
      vertex   -5.179735e+00 -5.095928e+01 7.987228e+01
    endloop
  endfacet
  facet normal -9.579809e-01 -2.865855e-01 -1.189207e-02
    outer loop
      vertex   -5.179735e+00 -5.095928e+01 7.987228e+01
      vertex   -5.238844e+00 -5.072153e+01 7.890438e+01
      vertex   -5.034142e+00 -5.141848e+01 7.920992e+01
    endloop
  endfacet
  facet normal -9.432995e-01 -3.311954e-01 2.226195e-02
    outer loop
      vertex   -5.179735e+00 -5.095928e+01 7.987228e+01
      vertex   -5.034142e+00 -5.141848e+01 7.920992e+01
      vertex   -4.940324e+00 -5.165163e+01 7.971658e+01
    endloop
  endfacet
  facet normal -9.204556e-01 -3.907349e-01 -9.367552e-03
    outer loop
      vertex   -4.940324e+00 -5.165163e+01 7.971658e+01
      vertex   -5.034142e+00 -5.141848e+01 7.920992e+01
      vertex   -4.869279e+00 -5.181044e+01 7.936002e+01
    endloop
  endfacet
  facet normal -8.949183e-01 -4.457710e-01 2.023399e-02
    outer loop
      vertex   -4.940324e+00 -5.165163e+01 7.971658e+01
      vertex   -4.869279e+00 -5.181044e+01 7.936002e+01
      vertex   -4.759637e+00 -5.202722e+01 7.943364e+01
    endloop
  endfacet
  facet normal -8.700955e-01 -4.849472e-01 8.809113e-02
    outer loop
      vertex   -4.759637e+00 -5.202722e+01 7.943364e+01
      vertex   -4.616285e+00 -5.227131e+01 7.950583e+01
      vertex   -4.940324e+00 -5.165163e+01 7.971658e+01
    endloop
  endfacet
  facet normal 1.111764e-14 -7.071668e-01 -7.070467e-01
    outer loop
      vertex   -2.376122e+00 -1.470907e+01 3.929343e+01
      vertex   9.000000e+00 -4.606068e+01 7.065036e+01
      vertex   -2.376122e+00 -5.157111e+01 7.616173e+01
    endloop
  endfacet
  facet normal 1.559843e-14 -7.071668e-01 -7.070467e-01
    outer loop
      vertex   -2.376122e+00 -5.157111e+01 7.616173e+01
      vertex   9.000000e+00 -4.606068e+01 7.065036e+01
      vertex   -1.881668e+00 -5.313646e+01 7.772735e+01
    endloop
  endfacet
  facet normal -9.584519e-13 -7.071668e-01 -7.070467e-01
    outer loop
      vertex   -2.376122e+00 -5.157111e+01 7.616173e+01
      vertex   -1.881668e+00 -5.313646e+01 7.772735e+01
      vertex   -1.926850e+00 -5.304974e+01 7.764061e+01
    endloop
  endfacet
  facet normal 1.236523e-14 -7.071668e-01 -7.070467e-01
    outer loop
      vertex   -2.376122e+00 -1.470907e+01 3.929343e+01
      vertex   9.000000e+00 -1.470907e+01 3.929343e+01
      vertex   9.000000e+00 -4.606068e+01 7.065036e+01
    endloop
  endfacet
  facet normal -1.265686e-14 -7.071668e-01 -7.070467e-01
    outer loop
      vertex   -1.926850e+00 -5.304974e+01 7.764061e+01
      vertex   -1.974982e+00 -5.296380e+01 7.755466e+01
      vertex   -2.376122e+00 -5.157111e+01 7.616173e+01
    endloop
  endfacet
  facet normal 2.343668e-13 -7.071668e-01 -7.070467e-01
    outer loop
      vertex   -2.376122e+00 -5.157111e+01 7.616173e+01
      vertex   -1.974982e+00 -5.296380e+01 7.755466e+01
      vertex   -2.025514e+00 -5.287854e+01 7.746938e+01
    endloop
  endfacet
  facet normal 7.524856e-13 -7.071668e-01 -7.070467e-01
    outer loop
      vertex   -2.376122e+00 -5.157111e+01 7.616173e+01
      vertex   -2.025514e+00 -5.287854e+01 7.746938e+01
      vertex   -2.077901e+00 -5.279387e+01 7.738469e+01
    endloop
  endfacet
  facet normal -3.889699e-13 -7.071668e-01 -7.070467e-01
    outer loop
      vertex   -2.077901e+00 -5.279387e+01 7.738469e+01
      vertex   -2.220285e+00 -5.249801e+01 7.708878e+01
      vertex   -2.376122e+00 -5.157111e+01 7.616173e+01
    endloop
  endfacet
  facet normal -4.645550e-13 -7.071668e-01 -7.070467e-01
    outer loop
      vertex   -2.376122e+00 -5.157111e+01 7.616173e+01
      vertex   -2.220285e+00 -5.249801e+01 7.708878e+01
      vertex   -2.309565e+00 -5.219252e+01 7.678324e+01
    endloop
  endfacet
  facet normal -1.156796e-12 -7.071668e-01 -7.070467e-01
    outer loop
      vertex   -2.376122e+00 -5.157111e+01 7.616173e+01
      vertex   -2.309565e+00 -5.219252e+01 7.678324e+01
      vertex   -2.360056e+00 -5.188296e+01 7.647364e+01
    endloop
  endfacet
  facet normal -3.481791e-02 -7.705233e-01 -6.364602e-01
    outer loop
      vertex   -2.342472e+00 -5.336319e+01 7.802704e+01
      vertex   -2.299099e+00 -5.328305e+01 7.792765e+01
      vertex   -1.881668e+00 -5.313646e+01 7.772735e+01
    endloop
  endfacet
  facet normal -8.327979e-02 -7.134799e-01 -6.957089e-01
    outer loop
      vertex   -1.881668e+00 -5.313646e+01 7.772735e+01
      vertex   -2.299099e+00 -5.328305e+01 7.792765e+01
      vertex   -2.384317e+00 -5.317457e+01 7.782660e+01
    endloop
  endfacet
  facet normal -7.998998e-02 -7.254268e-01 -6.836356e-01
    outer loop
      vertex   -1.881668e+00 -5.313646e+01 7.772735e+01
      vertex   -2.384317e+00 -5.317457e+01 7.782660e+01
      vertex   -1.926850e+00 -5.304974e+01 7.764061e+01
    endloop
  endfacet
  facet normal -8.716415e-02 -7.146393e-01 -6.940411e-01
    outer loop
      vertex   -1.926850e+00 -5.304974e+01 7.764061e+01
      vertex   -2.384317e+00 -5.317457e+01 7.782660e+01
      vertex   -2.438605e+00 -5.311170e+01 7.776868e+01
    endloop
  endfacet
  facet normal -8.239629e-02 -7.274551e-01 -6.811900e-01
    outer loop
      vertex   -1.926850e+00 -5.304974e+01 7.764061e+01
      vertex   -2.438605e+00 -5.311170e+01 7.776868e+01
      vertex   -1.974982e+00 -5.296380e+01 7.755466e+01
    endloop
  endfacet
  facet normal -9.124061e-02 -7.158140e-01 -6.923044e-01
    outer loop
      vertex   -1.974982e+00 -5.296380e+01 7.755466e+01
      vertex   -2.438605e+00 -5.311170e+01 7.776868e+01
      vertex   -2.495872e+00 -5.304867e+01 7.771106e+01
    endloop
  endfacet
  facet normal -8.499739e-02 -7.293399e-01 -6.788510e-01
    outer loop
      vertex   -1.974982e+00 -5.296380e+01 7.755466e+01
      vertex   -2.495872e+00 -5.304867e+01 7.771106e+01
      vertex   -2.025514e+00 -5.287854e+01 7.746938e+01
    endloop
  endfacet
  facet normal -9.545386e-02 -7.169955e-01 -6.905114e-01
    outer loop
      vertex   -2.025514e+00 -5.287854e+01 7.746938e+01
      vertex   -2.495872e+00 -5.304867e+01 7.771106e+01
      vertex   -2.555653e+00 -5.298543e+01 7.765366e+01
    endloop
  endfacet
  facet normal -5.803564e-02 -7.819976e-01 -6.205736e-01
    outer loop
      vertex   -2.025514e+00 -5.287854e+01 7.746938e+01
      vertex   -2.555653e+00 -5.298543e+01 7.765366e+01
      vertex   -2.481922e+00 -5.289731e+01 7.753572e+01
    endloop
  endfacet
  facet normal -1.572984e-01 -7.414392e-01 -6.523229e-01
    outer loop
      vertex   -2.481922e+00 -5.289731e+01 7.753572e+01
      vertex   -2.555653e+00 -5.298543e+01 7.765366e+01
      vertex   -2.586312e+00 -5.295373e+01 7.762502e+01
    endloop
  endfacet
  facet normal -2.620741e-01 -6.475832e-01 -7.155090e-01
    outer loop
      vertex   -2.481922e+00 -5.289731e+01 7.753572e+01
      vertex   -2.586312e+00 -5.295373e+01 7.762502e+01
      vertex   -2.877036e+00 -5.295197e+01 7.772991e+01
    endloop
  endfacet
  facet normal -2.232823e-01 -7.634440e-01 -6.060513e-01
    outer loop
      vertex   -2.877036e+00 -5.295197e+01 7.772991e+01
      vertex   -2.586312e+00 -5.295373e+01 7.762502e+01
      vertex   -2.555653e+00 -5.298543e+01 7.765366e+01
    endloop
  endfacet
  facet normal -2.091619e-01 -8.297716e-01 -5.174267e-01
    outer loop
      vertex   -2.877036e+00 -5.295197e+01 7.772991e+01
      vertex   -2.555653e+00 -5.298543e+01 7.765366e+01
      vertex   -3.058549e+00 -5.302531e+01 7.792090e+01
    endloop
  endfacet
  facet normal -2.753253e-01 -7.288503e-01 -6.268758e-01
    outer loop
      vertex   -3.058549e+00 -5.302531e+01 7.792090e+01
      vertex   -2.555653e+00 -5.298543e+01 7.765366e+01
      vertex   -2.983725e+00 -5.308682e+01 7.795955e+01
    endloop
  endfacet
  facet normal -3.828404e-01 -7.783798e-01 -4.975521e-01
    outer loop
      vertex   -3.058549e+00 -5.302531e+01 7.792090e+01
      vertex   -2.983725e+00 -5.308682e+01 7.795955e+01
      vertex   -3.370927e+00 -5.305934e+01 7.821450e+01
    endloop
  endfacet
  facet normal -4.161245e-01 -7.208247e-01 -5.543033e-01
    outer loop
      vertex   -3.370927e+00 -5.305934e+01 7.821450e+01
      vertex   -2.983725e+00 -5.308682e+01 7.795955e+01
      vertex   -3.289914e+00 -5.312193e+01 7.823507e+01
    endloop
  endfacet
  facet normal -4.748590e-01 -7.603349e-01 -4.431702e-01
    outer loop
      vertex   -3.370927e+00 -5.305934e+01 7.821450e+01
      vertex   -3.289914e+00 -5.312193e+01 7.823507e+01
      vertex   -3.519615e+00 -5.307864e+01 7.840693e+01
    endloop
  endfacet
  facet normal -5.007198e-01 -7.139729e-01 -4.894102e-01
    outer loop
      vertex   -3.519615e+00 -5.307864e+01 7.840693e+01
      vertex   -3.289914e+00 -5.312193e+01 7.823507e+01
      vertex   -3.438689e+00 -5.314137e+01 7.841565e+01
    endloop
  endfacet
  facet normal -5.329391e-01 -7.436283e-01 -4.037238e-01
    outer loop
      vertex   -3.519615e+00 -5.307864e+01 7.840693e+01
      vertex   -3.438689e+00 -5.314137e+01 7.841565e+01
      vertex   -3.651017e+00 -5.308213e+01 7.858681e+01
    endloop
  endfacet
  facet normal -5.604426e-01 -6.914064e-01 -4.559182e-01
    outer loop
      vertex   -3.651017e+00 -5.308213e+01 7.858681e+01
      vertex   -3.438689e+00 -5.314137e+01 7.841565e+01
      vertex   -3.519533e+00 -5.318652e+01 7.858349e+01
    endloop
  endfacet
  facet normal -5.781144e-01 -7.157038e-01 -3.918569e-01
    outer loop
      vertex   -3.651017e+00 -5.308213e+01 7.858681e+01
      vertex   -3.519533e+00 -5.318652e+01 7.858349e+01
      vertex   -3.714591e+00 -5.311633e+01 7.874306e+01
    endloop
  endfacet
  facet normal -6.058942e-01 -6.540097e-01 -4.529499e-01
    outer loop
      vertex   -3.714591e+00 -5.311633e+01 7.874306e+01
      vertex   -3.519533e+00 -5.318652e+01 7.858349e+01
      vertex   -3.601753e+00 -5.320923e+01 7.872626e+01
    endloop
  endfacet
  facet normal -6.201112e-01 -6.835732e-01 -3.849542e-01
    outer loop
      vertex   -3.714591e+00 -5.311633e+01 7.874306e+01
      vertex   -3.601753e+00 -5.320923e+01 7.872626e+01
      vertex   -3.782275e+00 -5.312876e+01 7.887416e+01
    endloop
  endfacet
  facet normal -6.483094e-01 -6.051539e-01 -4.620429e-01
    outer loop
      vertex   -3.782275e+00 -5.312876e+01 7.887416e+01
      vertex   -3.601753e+00 -5.320923e+01 7.872626e+01
      vertex   -3.692999e+00 -5.320484e+01 7.884855e+01
    endloop
  endfacet
  facet normal -6.595602e-01 -6.426680e-01 -3.898182e-01
    outer loop
      vertex   -3.782275e+00 -5.312876e+01 7.887416e+01
      vertex   -3.692999e+00 -5.320484e+01 7.884855e+01
      vertex   -3.835951e+00 -5.312833e+01 7.896428e+01
    endloop
  endfacet
  facet normal -6.827171e-01 -5.527560e-01 -4.778683e-01
    outer loop
      vertex   -3.835951e+00 -5.312833e+01 7.896428e+01
      vertex   -3.692999e+00 -5.320484e+01 7.884855e+01
      vertex   -3.771905e+00 -5.318369e+01 7.893682e+01
    endloop
  endfacet
  facet normal -6.891553e-01 -5.854198e-01 -4.270229e-01
    outer loop
      vertex   -3.835951e+00 -5.312833e+01 7.896428e+01
      vertex   -3.771905e+00 -5.318369e+01 7.893682e+01
      vertex   -3.840257e+00 -5.314189e+01 7.898982e+01
    endloop
  endfacet
  facet normal -6.992443e-01 -5.159285e-01 -4.948487e-01
    outer loop
      vertex   -3.840257e+00 -5.314189e+01 7.898982e+01
      vertex   -3.771905e+00 -5.318369e+01 7.893682e+01
      vertex   -3.796398e+00 -5.318061e+01 7.896821e+01
    endloop
  endfacet
  facet normal -7.006118e-01 -5.223705e-01 -4.860783e-01
    outer loop
      vertex   -3.840257e+00 -5.314189e+01 7.898982e+01
      vertex   -3.796398e+00 -5.318061e+01 7.896821e+01
      vertex   -3.829774e+00 -5.315777e+01 7.899177e+01
    endloop
  endfacet
  facet normal -7.010321e-01 -4.879458e-01 -5.200604e-01
    outer loop
      vertex   -3.829774e+00 -5.315777e+01 7.899177e+01
      vertex   -3.796398e+00 -5.318061e+01 7.896821e+01
      vertex   -3.796082e+00 -5.318554e+01 7.897241e+01
    endloop
  endfacet
  facet normal -7.062522e-01 -5.282279e-01 -4.713631e-01
    outer loop
      vertex   -3.829774e+00 -5.315777e+01 7.899177e+01
      vertex   -3.796082e+00 -5.318554e+01 7.897241e+01
      vertex   -3.847341e+00 -5.314673e+01 7.900572e+01
    endloop
  endfacet
  facet normal -4.723981e-01 -8.434804e-01 2.556967e-01
    outer loop
      vertex   -3.847341e+00 -5.314673e+01 7.900572e+01
      vertex   -3.796082e+00 -5.318554e+01 7.897241e+01
      vertex   -3.847385e+00 -5.314670e+01 7.900576e+01
    endloop
  endfacet
  facet normal -2.288007e-01 -7.902557e-01 5.684595e-01
    outer loop
      vertex   -3.847385e+00 -5.314670e+01 7.900576e+01
      vertex   -3.796082e+00 -5.318554e+01 7.897241e+01
      vertex   -3.847719e+00 -5.314643e+01 7.900599e+01
    endloop
  endfacet
  facet normal -1.127417e-01 -8.898139e-01 -4.421771e-01
    outer loop
      vertex   -2.835092e+00 -5.345998e+01 7.834742e+01
      vertex   -2.650051e+00 -5.340023e+01 7.818001e+01
      vertex   -2.342472e+00 -5.336319e+01 7.802704e+01
    endloop
  endfacet
  facet normal -2.390623e-01 -7.173582e-01 -6.544054e-01
    outer loop
      vertex   -2.342472e+00 -5.336319e+01 7.802704e+01
      vertex   -2.650051e+00 -5.340023e+01 7.818001e+01
      vertex   -2.738643e+00 -5.330462e+01 7.810756e+01
    endloop
  endfacet
  facet normal -2.400715e-01 -7.018458e-01 -6.706550e-01
    outer loop
      vertex   -2.342472e+00 -5.336319e+01 7.802704e+01
      vertex   -2.738643e+00 -5.330462e+01 7.810756e+01
      vertex   -2.299099e+00 -5.328305e+01 7.792765e+01
    endloop
  endfacet
  facet normal -2.180413e-01 -7.514058e-01 -6.227739e-01
    outer loop
      vertex   -2.299099e+00 -5.328305e+01 7.792765e+01
      vertex   -2.738643e+00 -5.330462e+01 7.810756e+01
      vertex   -2.384317e+00 -5.317457e+01 7.782660e+01
    endloop
  endfacet
  facet normal -2.924138e-01 -8.644269e-01 -4.089746e-01
    outer loop
      vertex   -3.085792e+00 -5.345231e+01 7.851046e+01
      vertex   -2.915162e+00 -5.345219e+01 7.838821e+01
      vertex   -2.835092e+00 -5.345998e+01 7.834742e+01
    endloop
  endfacet
  facet normal -3.753454e-01 -7.045351e-01 -6.022841e-01
    outer loop
      vertex   -2.835092e+00 -5.345998e+01 7.834742e+01
      vertex   -2.915162e+00 -5.345219e+01 7.838821e+01
      vertex   -2.993172e+00 -5.336892e+01 7.833942e+01
    endloop
  endfacet
  facet normal -3.591501e-01 -6.796951e-01 -6.395512e-01
    outer loop
      vertex   -2.835092e+00 -5.345998e+01 7.834742e+01
      vertex   -2.993172e+00 -5.336892e+01 7.833942e+01
      vertex   -2.650051e+00 -5.340023e+01 7.818001e+01
    endloop
  endfacet
  facet normal -3.352437e-01 -7.463104e-01 -5.750064e-01
    outer loop
      vertex   -2.650051e+00 -5.340023e+01 7.818001e+01
      vertex   -2.993172e+00 -5.336892e+01 7.833942e+01
      vertex   -2.738643e+00 -5.330462e+01 7.810756e+01
    endloop
  endfacet
  facet normal -2.655864e-01 -9.556127e-01 -1.275472e-01
    outer loop
      vertex   -3.332720e+00 -5.340512e+01 7.867106e+01
      vertex   -3.261986e+00 -5.341788e+01 7.861941e+01
      vertex   -3.085792e+00 -5.345231e+01 7.851046e+01
    endloop
  endfacet
  facet normal -4.894870e-01 -6.437398e-01 -5.882190e-01
    outer loop
      vertex   -3.085792e+00 -5.345231e+01 7.851046e+01
      vertex   -3.261986e+00 -5.341788e+01 7.861941e+01
      vertex   -3.323084e+00 -5.335291e+01 7.859915e+01
    endloop
  endfacet
  facet normal -4.885447e-01 -6.912333e-01 -5.324665e-01
    outer loop
      vertex   -3.085792e+00 -5.345231e+01 7.851046e+01
      vertex   -3.323084e+00 -5.335291e+01 7.859915e+01
      vertex   -3.123309e+00 -5.340888e+01 7.848850e+01
    endloop
  endfacet
  facet normal -4.841634e-01 -7.057416e-01 -5.172181e-01
    outer loop
      vertex   -3.123309e+00 -5.340888e+01 7.848850e+01
      vertex   -3.323084e+00 -5.335291e+01 7.859915e+01
      vertex   -3.205940e+00 -5.332980e+01 7.845795e+01
    endloop
  endfacet
  facet normal -4.458136e-01 -6.873696e-01 -5.733876e-01
    outer loop
      vertex   -3.123309e+00 -5.340888e+01 7.848850e+01
      vertex   -3.205940e+00 -5.332980e+01 7.845795e+01
      vertex   -2.993172e+00 -5.336892e+01 7.833942e+01
    endloop
  endfacet
  facet normal -4.284759e-01 -7.340481e-01 -5.268602e-01
    outer loop
      vertex   -2.993172e+00 -5.336892e+01 7.833942e+01
      vertex   -3.205940e+00 -5.332980e+01 7.845795e+01
      vertex   -3.093379e+00 -5.327905e+01 7.829570e+01
    endloop
  endfacet
  facet normal -3.706506e-01 -7.065380e-01 -6.028451e-01
    outer loop
      vertex   -2.993172e+00 -5.336892e+01 7.833942e+01
      vertex   -3.093379e+00 -5.327905e+01 7.829570e+01
      vertex   -2.738643e+00 -5.330462e+01 7.810756e+01
    endloop
  endfacet
  facet normal -3.466848e-01 -7.594740e-01 -5.504624e-01
    outer loop
      vertex   -2.738643e+00 -5.330462e+01 7.810756e+01
      vertex   -3.093379e+00 -5.327905e+01 7.829570e+01
      vertex   -2.844449e+00 -5.320585e+01 7.803793e+01
    endloop
  endfacet
  facet normal -2.479192e-01 -7.214351e-01 -6.465814e-01
    outer loop
      vertex   -2.738643e+00 -5.330462e+01 7.810756e+01
      vertex   -2.844449e+00 -5.320585e+01 7.803793e+01
      vertex   -2.384317e+00 -5.317457e+01 7.782660e+01
    endloop
  endfacet
  facet normal -2.284450e-01 -7.589704e-01 -6.097350e-01
    outer loop
      vertex   -2.384317e+00 -5.317457e+01 7.782660e+01
      vertex   -2.844449e+00 -5.320585e+01 7.803793e+01
      vertex   -2.438605e+00 -5.311170e+01 7.776868e+01
    endloop
  endfacet
  facet normal -5.546059e-01 -5.512906e-01 -6.232904e-01
    outer loop
      vertex   -3.261986e+00 -5.341788e+01 7.861941e+01
      vertex   -3.332720e+00 -5.340512e+01 7.867106e+01
      vertex   -3.450361e+00 -5.334523e+01 7.872276e+01
    endloop
  endfacet
  facet normal -5.551336e-01 -6.918744e-01 -4.616671e-01
    outer loop
      vertex   -3.450361e+00 -5.334523e+01 7.872276e+01
      vertex   -3.332720e+00 -5.340512e+01 7.867106e+01
      vertex   -3.571624e+00 -5.331711e+01 7.882643e+01
    endloop
  endfacet
  facet normal -6.129344e-01 -5.493051e-01 -5.679571e-01
    outer loop
      vertex   -3.450361e+00 -5.334523e+01 7.872276e+01
      vertex   -3.571624e+00 -5.331711e+01 7.882643e+01
      vertex   -3.629015e+00 -5.326204e+01 7.883511e+01
    endloop
  endfacet
  facet normal -6.224638e-01 -5.630789e-01 -5.435816e-01
    outer loop
      vertex   -3.629015e+00 -5.326204e+01 7.883511e+01
      vertex   -3.571624e+00 -5.331711e+01 7.882643e+01
      vertex   -3.585755e+00 -5.330957e+01 7.883481e+01
    endloop
  endfacet
  facet normal -6.470012e-01 -5.857642e-01 -4.881287e-01
    outer loop
      vertex   -3.629015e+00 -5.326204e+01 7.883511e+01
      vertex   -3.585755e+00 -5.330957e+01 7.883481e+01
      vertex   -3.728125e+00 -5.322516e+01 7.892222e+01
    endloop
  endfacet
  facet normal -5.387204e-01 -8.398654e-01 -6.638053e-02
    outer loop
      vertex   -3.728125e+00 -5.322516e+01 7.892222e+01
      vertex   -3.585755e+00 -5.330957e+01 7.883481e+01
      vertex   -3.796082e+00 -5.318554e+01 7.897241e+01
    endloop
  endfacet
  facet normal -6.840338e-01 -4.979337e-01 -5.330664e-01
    outer loop
      vertex   -3.728125e+00 -5.322516e+01 7.892222e+01
      vertex   -3.796082e+00 -5.318554e+01 7.897241e+01
      vertex   -3.796398e+00 -5.318061e+01 7.896821e+01
    endloop
  endfacet
  facet normal 8.813241e-03 -7.360072e-01 6.769164e-01
    outer loop
      vertex   -3.571624e+00 -5.331711e+01 7.882643e+01
      vertex   -3.796082e+00 -5.318554e+01 7.897241e+01
      vertex   -3.585755e+00 -5.330957e+01 7.883481e+01
    endloop
  endfacet
  facet normal -6.654418e-01 -6.853919e-01 -2.956775e-01
    outer loop
      vertex   -3.847341e+00 -5.314673e+01 7.900572e+01
      vertex   -3.847363e+00 -5.314671e+01 7.900573e+01
      vertex   -3.829774e+00 -5.315777e+01 7.899177e+01
    endloop
  endfacet
  facet normal -7.111704e-01 -4.591503e-01 -5.323699e-01
    outer loop
      vertex   -3.829774e+00 -5.315777e+01 7.899177e+01
      vertex   -3.847363e+00 -5.314671e+01 7.900573e+01
      vertex   -3.856480e+00 -5.313950e+01 7.901169e+01
    endloop
  endfacet
  facet normal -7.097520e-01 -4.248705e-01 -5.619049e-01
    outer loop
      vertex   -3.829774e+00 -5.315777e+01 7.899177e+01
      vertex   -3.856480e+00 -5.313950e+01 7.901169e+01
      vertex   -3.871417e+00 -5.312739e+01 7.902140e+01
    endloop
  endfacet
  facet normal -7.261689e-01 -5.194625e-01 -4.503748e-01
    outer loop
      vertex   -3.927783e+00 -5.308038e+01 7.905806e+01
      vertex   -3.873625e+00 -5.312034e+01 7.901683e+01
      vertex   -3.871417e+00 -5.312739e+01 7.902140e+01
    endloop
  endfacet
  facet normal -7.140902e-01 -5.243805e-01 -4.637890e-01
    outer loop
      vertex   -3.871417e+00 -5.312739e+01 7.902140e+01
      vertex   -3.873625e+00 -5.312034e+01 7.901683e+01
      vertex   -3.840257e+00 -5.314189e+01 7.898982e+01
    endloop
  endfacet
  facet normal -7.132115e-01 -5.276577e-01 -4.614181e-01
    outer loop
      vertex   -3.871417e+00 -5.312739e+01 7.902140e+01
      vertex   -3.840257e+00 -5.314189e+01 7.898982e+01
      vertex   -3.829774e+00 -5.315777e+01 7.899177e+01
    endloop
  endfacet
  facet normal -7.220760e-01 -6.812408e-01 -1.204875e-01
    outer loop
      vertex   -4.152687e+00 -5.286787e+01 7.920433e+01
      vertex   -4.024991e+00 -5.298610e+01 7.910756e+01
      vertex   -3.927783e+00 -5.308038e+01 7.905806e+01
    endloop
  endfacet
  facet normal -7.368567e-01 -5.642200e-01 -3.724219e-01
    outer loop
      vertex   -3.927783e+00 -5.308038e+01 7.905806e+01
      vertex   -4.024991e+00 -5.298610e+01 7.910756e+01
      vertex   -3.937219e+00 -5.306579e+01 7.905463e+01
    endloop
  endfacet
  facet normal -7.255425e-01 -5.625466e-01 -3.963955e-01
    outer loop
      vertex   -3.927783e+00 -5.308038e+01 7.905806e+01
      vertex   -3.937219e+00 -5.306579e+01 7.905463e+01
      vertex   -3.904051e+00 -5.308712e+01 7.902418e+01
    endloop
  endfacet
  facet normal -7.250199e-01 -5.646546e-01 -3.943493e-01
    outer loop
      vertex   -3.904051e+00 -5.308712e+01 7.902418e+01
      vertex   -3.937219e+00 -5.306579e+01 7.905463e+01
      vertex   -3.992256e+00 -5.300814e+01 7.907327e+01
    endloop
  endfacet
  facet normal -7.254544e-01 -5.912086e-01 -3.524036e-01
    outer loop
      vertex   -3.904051e+00 -5.308712e+01 7.902418e+01
      vertex   -3.992256e+00 -5.300814e+01 7.907327e+01
      vertex   -3.924800e+00 -5.305058e+01 7.900560e+01
    endloop
  endfacet
  facet normal -7.208710e-01 -6.040728e-01 -3.397663e-01
    outer loop
      vertex   -3.924800e+00 -5.305058e+01 7.900560e+01
      vertex   -3.992256e+00 -5.300814e+01 7.907327e+01
      vertex   -4.037117e+00 -5.294719e+01 7.906007e+01
    endloop
  endfacet
  facet normal -7.207151e-01 -5.996723e-01 -3.477973e-01
    outer loop
      vertex   -3.924800e+00 -5.305058e+01 7.900560e+01
      vertex   -4.037117e+00 -5.294719e+01 7.906007e+01
      vertex   -3.895716e+00 -5.303094e+01 7.891147e+01
    endloop
  endfacet
  facet normal -6.955898e-01 -6.564804e-01 -2.918704e-01
    outer loop
      vertex   -3.895716e+00 -5.303094e+01 7.891147e+01
      vertex   -4.037117e+00 -5.294719e+01 7.906007e+01
      vertex   -4.029612e+00 -5.290999e+01 7.895853e+01
    endloop
  endfacet
  facet normal -6.931011e-01 -6.333994e-01 -3.441165e-01
    outer loop
      vertex   -3.895716e+00 -5.303094e+01 7.891147e+01
      vertex   -4.029612e+00 -5.290999e+01 7.895853e+01
      vertex   -3.848547e+00 -5.300477e+01 7.876829e+01
    endloop
  endfacet
  facet normal -6.589319e-01 -6.984784e-01 -2.791714e-01
    outer loop
      vertex   -3.848547e+00 -5.300477e+01 7.876829e+01
      vertex   -4.029612e+00 -5.290999e+01 7.895853e+01
      vertex   -3.933457e+00 -5.293160e+01 7.878563e+01
    endloop
  endfacet
  facet normal -6.474882e-01 -6.618250e-01 -3.778183e-01
    outer loop
      vertex   -3.848547e+00 -5.300477e+01 7.876829e+01
      vertex   -3.933457e+00 -5.293160e+01 7.878563e+01
      vertex   -3.734739e+00 -5.301493e+01 7.859106e+01
    endloop
  endfacet
  facet normal -6.130390e-01 -7.241255e-01 -3.159516e-01
    outer loop
      vertex   -3.734739e+00 -5.301493e+01 7.859106e+01
      vertex   -3.933457e+00 -5.293160e+01 7.878563e+01
      vertex   -3.822762e+00 -5.294278e+01 7.859649e+01
    endloop
  endfacet
  facet normal -5.929112e-01 -6.924020e-01 -4.111397e-01
    outer loop
      vertex   -3.734739e+00 -5.301493e+01 7.859106e+01
      vertex   -3.822762e+00 -5.294278e+01 7.859649e+01
      vertex   -3.604952e+00 -5.301214e+01 7.839918e+01
    endloop
  endfacet
  facet normal -5.612223e-01 -7.466750e-01 -3.570798e-01
    outer loop
      vertex   -3.604952e+00 -5.301214e+01 7.839918e+01
      vertex   -3.822762e+00 -5.294278e+01 7.859649e+01
      vertex   -3.693793e+00 -5.294199e+01 7.839212e+01
    endloop
  endfacet
  facet normal -5.308508e-01 -7.176411e-01 -4.507645e-01
    outer loop
      vertex   -3.604952e+00 -5.301214e+01 7.839918e+01
      vertex   -3.693793e+00 -5.294199e+01 7.839212e+01
      vertex   -3.455472e+00 -5.299412e+01 7.819447e+01
    endloop
  endfacet
  facet normal -5.014472e-01 -7.658052e-01 -4.026079e-01
    outer loop
      vertex   -3.455472e+00 -5.299412e+01 7.819447e+01
      vertex   -3.693793e+00 -5.294199e+01 7.839212e+01
      vertex   -3.498789e+00 -5.296056e+01 7.818457e+01
    endloop
  endfacet
  facet normal -4.528593e-01 -7.337408e-01 -5.065006e-01
    outer loop
      vertex   -3.455472e+00 -5.299412e+01 7.819447e+01
      vertex   -3.498789e+00 -5.296056e+01 7.818457e+01
      vertex   -3.254950e+00 -5.295761e+01 7.796228e+01
    endloop
  endfacet
  facet normal -5.049470e-01 -6.546158e-01 -5.625893e-01
    outer loop
      vertex   -3.254950e+00 -5.295761e+01 7.796228e+01
      vertex   -3.498789e+00 -5.296056e+01 7.818457e+01
      vertex   -3.607374e+00 -5.291399e+01 7.822785e+01
    endloop
  endfacet
  facet normal -4.844204e-01 -7.994574e-01 -3.552531e-01
    outer loop
      vertex   -3.607374e+00 -5.291399e+01 7.822785e+01
      vertex   -3.498789e+00 -5.296056e+01 7.818457e+01
      vertex   -3.739217e+00 -5.290560e+01 7.838874e+01
    endloop
  endfacet
  facet normal -6.207755e-01 -6.227959e-01 -4.761965e-01
    outer loop
      vertex   -3.607374e+00 -5.291399e+01 7.822785e+01
      vertex   -3.739217e+00 -5.290560e+01 7.838874e+01
      vertex   -3.926054e+00 -5.282094e+01 7.852158e+01
    endloop
  endfacet
  facet normal -5.501057e-01 -7.902057e-01 -2.701085e-01
    outer loop
      vertex   -3.926054e+00 -5.282094e+01 7.852158e+01
      vertex   -3.739217e+00 -5.290560e+01 7.838874e+01
      vertex   -3.960627e+00 -5.282574e+01 7.860602e+01
    endloop
  endfacet
  facet normal -6.915172e-01 -6.476572e-01 -3.199127e-01
    outer loop
      vertex   -3.926054e+00 -5.282094e+01 7.852158e+01
      vertex   -3.960627e+00 -5.282574e+01 7.860602e+01
      vertex   -4.204026e+00 -5.268015e+01 7.883742e+01
    endloop
  endfacet
  facet normal -6.786397e-01 -6.752103e-01 -2.890313e-01
    outer loop
      vertex   -4.204026e+00 -5.268015e+01 7.883742e+01
      vertex   -3.960627e+00 -5.282574e+01 7.860602e+01
      vertex   -4.160736e+00 -5.272213e+01 7.883383e+01
    endloop
  endfacet
  facet normal -6.950208e-01 -7.045711e-01 -1.432678e-01
    outer loop
      vertex   -4.204026e+00 -5.268015e+01 7.883742e+01
      vertex   -4.160736e+00 -5.272213e+01 7.883383e+01
      vertex   -4.337259e+00 -5.259593e+01 7.906957e+01
    endloop
  endfacet
  facet normal -7.567289e-01 -6.075139e-01 -2.414296e-01
    outer loop
      vertex   -4.337259e+00 -5.259593e+01 7.906957e+01
      vertex   -4.160736e+00 -5.272213e+01 7.883383e+01
      vertex   -4.291783e+00 -5.264606e+01 7.905317e+01
    endloop
  endfacet
  facet normal -7.539342e-01 -6.473589e-01 -1.118467e-01
    outer loop
      vertex   -4.337259e+00 -5.259593e+01 7.906957e+01
      vertex   -4.291783e+00 -5.264606e+01 7.905317e+01
      vertex   -4.423057e+00 -5.252751e+01 7.925188e+01
    endloop
  endfacet
  facet normal -7.924712e-01 -5.842823e-01 -1.749389e-01
    outer loop
      vertex   -4.423057e+00 -5.252751e+01 7.925188e+01
      vertex   -4.291783e+00 -5.264606e+01 7.905317e+01
      vertex   -4.336318e+00 -5.263223e+01 7.920873e+01
    endloop
  endfacet
  facet normal -7.891889e-01 -6.004038e-01 -1.292139e-01
    outer loop
      vertex   -4.423057e+00 -5.252751e+01 7.925188e+01
      vertex   -4.336318e+00 -5.263223e+01 7.920873e+01
      vertex   -4.397258e+00 -5.257266e+01 7.930411e+01
    endloop
  endfacet
  facet normal -7.958732e-01 -5.888945e-01 -1.406734e-01
    outer loop
      vertex   -4.397258e+00 -5.257266e+01 7.930411e+01
      vertex   -4.336318e+00 -5.263223e+01 7.920873e+01
      vertex   -4.314018e+00 -5.267379e+01 7.925651e+01
    endloop
  endfacet
  facet normal -7.976421e-01 -5.818931e-01 -1.586426e-01
    outer loop
      vertex   -4.397258e+00 -5.257266e+01 7.930411e+01
      vertex   -4.314018e+00 -5.267379e+01 7.925651e+01
      vertex   -4.343955e+00 -5.264513e+01 7.930194e+01
    endloop
  endfacet
  facet normal -7.892771e-01 -5.970118e-01 -1.435916e-01
    outer loop
      vertex   -4.343955e+00 -5.264513e+01 7.930194e+01
      vertex   -4.314018e+00 -5.267379e+01 7.925651e+01
      vertex   -4.264069e+00 -5.273901e+01 7.925316e+01
    endloop
  endfacet
  facet normal -7.880113e-01 -6.008886e-01 -1.340560e-01
    outer loop
      vertex   -4.343955e+00 -5.264513e+01 7.930194e+01
      vertex   -4.264069e+00 -5.273901e+01 7.925316e+01
      vertex   -4.353140e+00 -5.264040e+01 7.933470e+01
    endloop
  endfacet
  facet normal -7.947966e-01 -5.853237e-01 -1.602951e-01
    outer loop
      vertex   -4.353140e+00 -5.264040e+01 7.933470e+01
      vertex   -4.264069e+00 -5.273901e+01 7.925316e+01
      vertex   -4.242574e+00 -5.277084e+01 7.926279e+01
    endloop
  endfacet
  facet normal -7.833277e-01 -5.891007e-01 -1.983888e-01
    outer loop
      vertex   -4.242574e+00 -5.277084e+01 7.926279e+01
      vertex   -4.264069e+00 -5.273901e+01 7.925316e+01
      vertex   -4.233218e+00 -5.276560e+01 7.921030e+01
    endloop
  endfacet
  facet normal -7.688799e-01 -6.080597e-01 -1.977047e-01
    outer loop
      vertex   -4.242574e+00 -5.277084e+01 7.926279e+01
      vertex   -4.233218e+00 -5.276560e+01 7.921030e+01
      vertex   -4.135411e+00 -5.287769e+01 7.917467e+01
    endloop
  endfacet
  facet normal -7.657829e-01 -5.796898e-01 -2.784534e-01
    outer loop
      vertex   -4.135411e+00 -5.287769e+01 7.917467e+01
      vertex   -4.233218e+00 -5.276560e+01 7.921030e+01
      vertex   -4.103412e+00 -5.290148e+01 7.913619e+01
    endloop
  endfacet
  facet normal -7.370245e-01 -6.400002e-01 -2.172435e-01
    outer loop
      vertex   -4.135411e+00 -5.287769e+01 7.917467e+01
      vertex   -4.103412e+00 -5.290148e+01 7.913619e+01
      vertex   -4.152687e+00 -5.286787e+01 7.920433e+01
    endloop
  endfacet
  facet normal -7.511732e-01 -6.150048e-01 -2.398082e-01
    outer loop
      vertex   -4.152687e+00 -5.286787e+01 7.920433e+01
      vertex   -4.103412e+00 -5.290148e+01 7.913619e+01
      vertex   -4.024991e+00 -5.298610e+01 7.910756e+01
    endloop
  endfacet
  facet normal -7.819499e-01 -5.622250e-01 -2.691790e-01
    outer loop
      vertex   -4.152687e+00 -5.286787e+01 7.920433e+01
      vertex   -4.242574e+00 -5.277084e+01 7.926279e+01
      vertex   -4.135411e+00 -5.287769e+01 7.917467e+01
    endloop
  endfacet
  facet normal -8.079489e-01 -5.714095e-01 -1.439087e-01
    outer loop
      vertex   -4.343955e+00 -5.264513e+01 7.930194e+01
      vertex   -4.353140e+00 -5.264040e+01 7.933470e+01
      vertex   -4.426073e+00 -5.254164e+01 7.935206e+01
    endloop
  endfacet
  facet normal -7.963886e-01 -6.006250e-01 7.081547e-02
    outer loop
      vertex   -4.426073e+00 -5.254164e+01 7.935206e+01
      vertex   -4.353140e+00 -5.264040e+01 7.933470e+01
      vertex   -4.616285e+00 -5.227131e+01 7.950583e+01
    endloop
  endfacet
  facet normal -7.346206e-01 -6.418969e-01 2.197748e-01
    outer loop
      vertex   -4.426073e+00 -5.254164e+01 7.935206e+01
      vertex   -4.616285e+00 -5.227131e+01 7.950583e+01
      vertex   -4.509142e+00 -5.242923e+01 7.940272e+01
    endloop
  endfacet
  facet normal -8.032375e-01 -5.913968e-01 7.112886e-02
    outer loop
      vertex   -4.509142e+00 -5.242923e+01 7.940272e+01
      vertex   -4.616285e+00 -5.227131e+01 7.950583e+01
      vertex   -4.550581e+00 -5.236991e+01 7.942797e+01
    endloop
  endfacet
  facet normal -8.287404e-01 -5.573247e-01 -5.077962e-02
    outer loop
      vertex   -4.509142e+00 -5.242923e+01 7.940272e+01
      vertex   -4.550581e+00 -5.236991e+01 7.942797e+01
      vertex   -4.523865e+00 -5.240493e+01 7.937637e+01
    endloop
  endfacet
  facet normal -8.678021e-01 -4.815992e-01 -1.223999e-01
    outer loop
      vertex   -4.523865e+00 -5.240493e+01 7.937637e+01
      vertex   -4.550581e+00 -5.236991e+01 7.942797e+01
      vertex   -4.616285e+00 -5.227131e+01 7.950583e+01
    endloop
  endfacet
  facet normal -8.830243e-01 -4.312074e-01 -1.852787e-01
    outer loop
      vertex   -4.523865e+00 -5.240493e+01 7.937637e+01
      vertex   -4.616285e+00 -5.227131e+01 7.950583e+01
      vertex   -4.435876e+00 -5.249558e+01 7.916798e+01
    endloop
  endfacet
  facet normal -8.061655e-01 -5.254454e-01 -2.720375e-01
    outer loop
      vertex   -4.204026e+00 -5.268015e+01 7.883742e+01
      vertex   -4.337259e+00 -5.259593e+01 7.906957e+01
      vertex   -4.435876e+00 -5.249558e+01 7.916798e+01
    endloop
  endfacet
  facet normal -7.452060e-01 -6.630879e-01 -7.058634e-02
    outer loop
      vertex   -4.435876e+00 -5.249558e+01 7.916798e+01
      vertex   -4.337259e+00 -5.259593e+01 7.906957e+01
      vertex   -4.466588e+00 -5.247229e+01 7.927347e+01
    endloop
  endfacet
  facet normal -8.455128e-01 -5.173945e-01 -1.319511e-01
    outer loop
      vertex   -4.435876e+00 -5.249558e+01 7.916798e+01
      vertex   -4.466588e+00 -5.247229e+01 7.927347e+01
      vertex   -4.523865e+00 -5.240493e+01 7.937637e+01
    endloop
  endfacet
  facet normal -8.224098e-01 -5.617190e-01 -9.007727e-02
    outer loop
      vertex   -4.523865e+00 -5.240493e+01 7.937637e+01
      vertex   -4.466588e+00 -5.247229e+01 7.927347e+01
      vertex   -4.481666e+00 -5.246286e+01 7.935232e+01
    endloop
  endfacet
  facet normal -8.194719e-01 -5.692007e-01 -6.690523e-02
    outer loop
      vertex   -4.523865e+00 -5.240493e+01 7.937637e+01
      vertex   -4.481666e+00 -5.246286e+01 7.935232e+01
      vertex   -4.509142e+00 -5.242923e+01 7.940272e+01
    endloop
  endfacet
  facet normal -8.156471e-01 -5.753551e-01 -6.071432e-02
    outer loop
      vertex   -4.509142e+00 -5.242923e+01 7.940272e+01
      vertex   -4.481666e+00 -5.246286e+01 7.935232e+01
      vertex   -4.426073e+00 -5.254164e+01 7.935206e+01
    endloop
  endfacet
  facet normal -4.009072e-01 -6.277380e-01 -6.672469e-01
    outer loop
      vertex   -2.877036e+00 -5.295197e+01 7.772991e+01
      vertex   -3.096944e+00 -5.299406e+01 7.790164e+01
      vertex   -3.254950e+00 -5.295761e+01 7.796228e+01
    endloop
  endfacet
  facet normal -3.744097e-01 -7.743828e-01 -5.100477e-01
    outer loop
      vertex   -3.254950e+00 -5.295761e+01 7.796228e+01
      vertex   -3.096944e+00 -5.299406e+01 7.790164e+01
      vertex   -3.058549e+00 -5.302531e+01 7.792090e+01
    endloop
  endfacet
  facet normal -3.743215e-01 -8.103880e-01 -4.507268e-01
    outer loop
      vertex   -3.254950e+00 -5.295761e+01 7.796228e+01
      vertex   -3.058549e+00 -5.302531e+01 7.792090e+01
      vertex   -3.455472e+00 -5.299412e+01 7.819447e+01
    endloop
  endfacet
  facet normal -4.296184e-01 -7.230791e-01 -5.409109e-01
    outer loop
      vertex   -3.455472e+00 -5.299412e+01 7.819447e+01
      vertex   -3.058549e+00 -5.302531e+01 7.792090e+01
      vertex   -3.370927e+00 -5.305934e+01 7.821450e+01
    endloop
  endfacet
  facet normal -4.882159e-01 -7.630111e-01 -4.236264e-01
    outer loop
      vertex   -3.455472e+00 -5.299412e+01 7.819447e+01
      vertex   -3.370927e+00 -5.305934e+01 7.821450e+01
      vertex   -3.604952e+00 -5.301214e+01 7.839918e+01
    endloop
  endfacet
  facet normal -5.155522e-01 -7.163229e-01 -4.701994e-01
    outer loop
      vertex   -3.604952e+00 -5.301214e+01 7.839918e+01
      vertex   -3.370927e+00 -5.305934e+01 7.821450e+01
      vertex   -3.519615e+00 -5.307864e+01 7.840693e+01
    endloop
  endfacet
  facet normal -5.466746e-01 -7.458272e-01 -3.806423e-01
    outer loop
      vertex   -3.604952e+00 -5.301214e+01 7.839918e+01
      vertex   -3.519615e+00 -5.307864e+01 7.840693e+01
      vertex   -3.734739e+00 -5.301493e+01 7.859106e+01
    endloop
  endfacet
  facet normal -5.769633e-01 -6.913761e-01 -4.348705e-01
    outer loop
      vertex   -3.734739e+00 -5.301493e+01 7.859106e+01
      vertex   -3.519615e+00 -5.307864e+01 7.840693e+01
      vertex   -3.651017e+00 -5.308213e+01 7.858681e+01
    endloop
  endfacet
  facet normal -5.985215e-01 -7.240550e-01 -3.428066e-01
    outer loop
      vertex   -3.734739e+00 -5.301493e+01 7.859106e+01
      vertex   -3.651017e+00 -5.308213e+01 7.858681e+01
      vertex   -3.848547e+00 -5.300477e+01 7.876829e+01
    endloop
  endfacet
  facet normal -6.295303e-01 -6.650800e-01 -4.016966e-01
    outer loop
      vertex   -3.848547e+00 -5.300477e+01 7.876829e+01
      vertex   -3.651017e+00 -5.308213e+01 7.858681e+01
      vertex   -3.714591e+00 -5.311633e+01 7.874306e+01
    endloop
  endfacet
  facet normal -6.391828e-01 -6.913150e-01 -3.369405e-01
    outer loop
      vertex   -3.848547e+00 -5.300477e+01 7.876829e+01
      vertex   -3.714591e+00 -5.311633e+01 7.874306e+01
      vertex   -3.895716e+00 -5.303094e+01 7.891147e+01
    endloop
  endfacet
  facet normal -6.698385e-01 -6.224361e-01 -4.048329e-01
    outer loop
      vertex   -3.895716e+00 -5.303094e+01 7.891147e+01
      vertex   -3.714591e+00 -5.311633e+01 7.874306e+01
      vertex   -3.782275e+00 -5.312876e+01 7.887416e+01
    endloop
  endfacet
  facet normal -6.754488e-01 -6.518809e-01 -3.447030e-01
    outer loop
      vertex   -3.895716e+00 -5.303094e+01 7.891147e+01
      vertex   -3.782275e+00 -5.312876e+01 7.887416e+01
      vertex   -3.924800e+00 -5.305058e+01 7.900560e+01
    endloop
  endfacet
  facet normal -7.008012e-01 -5.804481e-01 -4.146778e-01
    outer loop
      vertex   -3.924800e+00 -5.305058e+01 7.900560e+01
      vertex   -3.782275e+00 -5.312876e+01 7.887416e+01
      vertex   -3.835951e+00 -5.312833e+01 7.896428e+01
    endloop
  endfacet
  facet normal -7.025049e-01 -5.964245e-01 -3.882843e-01
    outer loop
      vertex   -3.924800e+00 -5.305058e+01 7.900560e+01
      vertex   -3.835951e+00 -5.312833e+01 7.896428e+01
      vertex   -3.904051e+00 -5.308712e+01 7.902418e+01
    endloop
  endfacet
  facet normal -7.107742e-01 -5.645699e-01 -4.195961e-01
    outer loop
      vertex   -3.904051e+00 -5.308712e+01 7.902418e+01
      vertex   -3.835951e+00 -5.312833e+01 7.896428e+01
      vertex   -3.840257e+00 -5.314189e+01 7.898982e+01
    endloop
  endfacet
  facet normal -7.098995e-01 -5.537818e-01 -4.351648e-01
    outer loop
      vertex   -3.904051e+00 -5.308712e+01 7.902418e+01
      vertex   -3.840257e+00 -5.314189e+01 7.898982e+01
      vertex   -3.873625e+00 -5.312034e+01 7.901683e+01
    endloop
  endfacet
  facet normal -6.946353e-02 -7.266169e-01 -6.835223e-01
    outer loop
      vertex   -2.481922e+00 -5.289731e+01 7.753572e+01
      vertex   -2.077901e+00 -5.279387e+01 7.738469e+01
      vertex   -2.025514e+00 -5.287854e+01 7.746938e+01
    endloop
  endfacet
  facet normal -8.027989e-01 -5.873707e-01 -1.025160e-01
    outer loop
      vertex   -4.397258e+00 -5.257266e+01 7.930411e+01
      vertex   -4.343955e+00 -5.264513e+01 7.930194e+01
      vertex   -4.426073e+00 -5.254164e+01 7.935206e+01
    endloop
  endfacet
  facet normal -7.614777e-01 -6.137669e-01 -2.084271e-01
    outer loop
      vertex   -4.233218e+00 -5.276560e+01 7.921030e+01
      vertex   -4.168811e+00 -5.281664e+01 7.912529e+01
      vertex   -4.103412e+00 -5.290148e+01 7.913619e+01
    endloop
  endfacet
  facet normal -7.422322e-01 -6.082892e-01 -2.812039e-01
    outer loop
      vertex   -4.103412e+00 -5.290148e+01 7.913619e+01
      vertex   -4.168811e+00 -5.281664e+01 7.912529e+01
      vertex   -4.037117e+00 -5.294719e+01 7.906007e+01
    endloop
  endfacet
  facet normal -7.425698e-01 -6.075293e-01 -2.819542e-01
    outer loop
      vertex   -4.103412e+00 -5.290148e+01 7.913619e+01
      vertex   -4.037117e+00 -5.294719e+01 7.906007e+01
      vertex   -3.992256e+00 -5.300814e+01 7.907327e+01
    endloop
  endfacet
  facet normal -7.831246e-01 -5.895040e-01 -1.979924e-01
    outer loop
      vertex   -4.264069e+00 -5.273901e+01 7.925316e+01
      vertex   -4.314018e+00 -5.267379e+01 7.925651e+01
      vertex   -4.233218e+00 -5.276560e+01 7.921030e+01
    endloop
  endfacet
  facet normal -7.816747e-01 -5.969404e-01 -1.806841e-01
    outer loop
      vertex   -4.233218e+00 -5.276560e+01 7.921030e+01
      vertex   -4.314018e+00 -5.267379e+01 7.925651e+01
      vertex   -4.251152e+00 -5.272880e+01 7.916630e+01
    endloop
  endfacet
  facet normal -7.600660e-01 -6.164067e-01 -2.057727e-01
    outer loop
      vertex   -4.233218e+00 -5.276560e+01 7.921030e+01
      vertex   -4.251152e+00 -5.272880e+01 7.916630e+01
      vertex   -4.168811e+00 -5.281664e+01 7.912529e+01
    endloop
  endfacet
  facet normal -7.619192e-01 -5.973175e-01 -2.503815e-01
    outer loop
      vertex   -4.168811e+00 -5.281664e+01 7.912529e+01
      vertex   -4.251152e+00 -5.272880e+01 7.916630e+01
      vertex   -4.113943e+00 -5.282943e+01 7.898884e+01
    endloop
  endfacet
  facet normal -7.141094e-01 -6.628862e-01 -2.250102e-01
    outer loop
      vertex   -4.168811e+00 -5.281664e+01 7.912529e+01
      vertex   -4.113943e+00 -5.282943e+01 7.898884e+01
      vertex   -4.029612e+00 -5.290999e+01 7.895853e+01
    endloop
  endfacet
  facet normal -7.121699e-01 -6.259303e-01 -3.178448e-01
    outer loop
      vertex   -4.029612e+00 -5.290999e+01 7.895853e+01
      vertex   -4.113943e+00 -5.282943e+01 7.898884e+01
      vertex   -3.933457e+00 -5.293160e+01 7.878563e+01
    endloop
  endfacet
  facet normal -7.421777e-01 -6.097387e-01 -2.781922e-01
    outer loop
      vertex   -4.168811e+00 -5.281664e+01 7.912529e+01
      vertex   -4.029612e+00 -5.290999e+01 7.895853e+01
      vertex   -4.037117e+00 -5.294719e+01 7.906007e+01
    endloop
  endfacet
  facet normal -4.859776e-01 -7.117047e-01 -5.072497e-01
    outer loop
      vertex   -3.438689e+00 -5.314137e+01 7.841565e+01
      vertex   -3.213233e+00 -5.318181e+01 7.825638e+01
      vertex   -3.311983e+00 -5.324095e+01 7.843396e+01
    endloop
  endfacet
  facet normal -4.434964e-01 -7.469451e-01 -4.953624e-01
    outer loop
      vertex   -3.311983e+00 -5.324095e+01 7.843396e+01
      vertex   -3.213233e+00 -5.318181e+01 7.825638e+01
      vertex   -3.093379e+00 -5.327905e+01 7.829570e+01
    endloop
  endfacet
  facet normal -4.646022e-01 -7.006722e-01 -5.414825e-01
    outer loop
      vertex   -3.311983e+00 -5.324095e+01 7.843396e+01
      vertex   -3.093379e+00 -5.327905e+01 7.829570e+01
      vertex   -3.205940e+00 -5.332980e+01 7.845795e+01
    endloop
  endfacet
  facet normal -3.900938e-01 -7.152769e-01 -5.798325e-01
    outer loop
      vertex   -3.093379e+00 -5.327905e+01 7.829570e+01
      vertex   -3.213233e+00 -5.318181e+01 7.825638e+01
      vertex   -2.844449e+00 -5.320585e+01 7.803793e+01
    endloop
  endfacet
  facet normal -3.620718e-01 -7.691551e-01 -5.265970e-01
    outer loop
      vertex   -2.844449e+00 -5.320585e+01 7.803793e+01
      vertex   -3.213233e+00 -5.318181e+01 7.825638e+01
      vertex   -2.912144e+00 -5.314700e+01 7.799851e+01
    endloop
  endfacet
  facet normal -2.567396e-01 -7.240574e-01 -6.401763e-01
    outer loop
      vertex   -2.844449e+00 -5.320585e+01 7.803793e+01
      vertex   -2.912144e+00 -5.314700e+01 7.799851e+01
      vertex   -2.438605e+00 -5.311170e+01 7.776868e+01
    endloop
  endfacet
  facet normal -2.350453e-01 -7.634863e-01 -6.015334e-01
    outer loop
      vertex   -2.438605e+00 -5.311170e+01 7.776868e+01
      vertex   -2.912144e+00 -5.314700e+01 7.799851e+01
      vertex   -2.495872e+00 -5.304867e+01 7.771106e+01
    endloop
  endfacet
  facet normal -4.029912e-01 -7.180327e-01 -5.674743e-01
    outer loop
      vertex   -2.912144e+00 -5.314700e+01 7.799851e+01
      vertex   -3.213233e+00 -5.318181e+01 7.825638e+01
      vertex   -3.289914e+00 -5.312193e+01 7.823507e+01
    endloop
  endfacet
  facet normal -4.623288e-01 -7.566129e-01 -4.623733e-01
    outer loop
      vertex   -3.289914e+00 -5.312193e+01 7.823507e+01
      vertex   -3.213233e+00 -5.318181e+01 7.825638e+01
      vertex   -3.438689e+00 -5.314137e+01 7.841565e+01
    endloop
  endfacet
  facet normal -5.128659e-01 -7.343923e-01 -4.445633e-01
    outer loop
      vertex   -3.438689e+00 -5.314137e+01 7.841565e+01
      vertex   -3.311983e+00 -5.324095e+01 7.843396e+01
      vertex   -3.519533e+00 -5.318652e+01 7.858349e+01
    endloop
  endfacet
  facet normal -5.374623e-01 -6.802298e-01 -4.984193e-01
    outer loop
      vertex   -3.519533e+00 -5.318652e+01 7.858349e+01
      vertex   -3.311983e+00 -5.324095e+01 7.843396e+01
      vertex   -3.409221e+00 -5.327641e+01 7.858721e+01
    endloop
  endfacet
  facet normal -5.600244e-01 -7.052777e-01 -4.346907e-01
    outer loop
      vertex   -3.519533e+00 -5.318652e+01 7.858349e+01
      vertex   -3.409221e+00 -5.327641e+01 7.858721e+01
      vertex   -3.601753e+00 -5.320923e+01 7.872626e+01
    endloop
  endfacet
  facet normal -5.844095e-01 -6.385855e-01 -5.006736e-01
    outer loop
      vertex   -3.601753e+00 -5.320923e+01 7.872626e+01
      vertex   -3.409221e+00 -5.327641e+01 7.858721e+01
      vertex   -3.513358e+00 -5.328475e+01 7.871941e+01
    endloop
  endfacet
  facet normal -6.059943e-01 -6.704322e-01 -4.281256e-01
    outer loop
      vertex   -3.601753e+00 -5.320923e+01 7.872626e+01
      vertex   -3.513358e+00 -5.328475e+01 7.871941e+01
      vertex   -3.692999e+00 -5.320484e+01 7.884855e+01
    endloop
  endfacet
  facet normal -6.290544e-01 -5.827895e-01 -5.144384e-01
    outer loop
      vertex   -3.692999e+00 -5.320484e+01 7.884855e+01
      vertex   -3.513358e+00 -5.328475e+01 7.871941e+01
      vertex   -3.629015e+00 -5.326204e+01 7.883511e+01
    endloop
  endfacet
  facet normal -6.500044e-01 -6.257991e-01 -4.311262e-01
    outer loop
      vertex   -3.692999e+00 -5.320484e+01 7.884855e+01
      vertex   -3.629015e+00 -5.326204e+01 7.883511e+01
      vertex   -3.771905e+00 -5.318369e+01 7.893682e+01
    endloop
  endfacet
  facet normal -6.663943e-01 -5.131158e-01 -5.409536e-01
    outer loop
      vertex   -3.771905e+00 -5.318369e+01 7.893682e+01
      vertex   -3.629015e+00 -5.326204e+01 7.883511e+01
      vertex   -3.728125e+00 -5.322516e+01 7.892222e+01
    endloop
  endfacet
  facet normal -6.826921e-01 -5.523639e-01 -4.783573e-01
    outer loop
      vertex   -3.771905e+00 -5.318369e+01 7.893682e+01
      vertex   -3.728125e+00 -5.322516e+01 7.892222e+01
      vertex   -3.796398e+00 -5.318061e+01 7.896821e+01
    endloop
  endfacet
  facet normal -4.961354e-01 -7.222243e-01 -4.819146e-01
    outer loop
      vertex   -3.409221e+00 -5.327641e+01 7.858721e+01
      vertex   -3.311983e+00 -5.324095e+01 7.843396e+01
      vertex   -3.205940e+00 -5.332980e+01 7.845795e+01
    endloop
  endfacet
  facet normal -7.441838e-01 -5.741510e-01 -3.413812e-01
    outer loop
      vertex   -4.024991e+00 -5.298610e+01 7.910756e+01
      vertex   -4.103412e+00 -5.290148e+01 7.913619e+01
      vertex   -3.992256e+00 -5.300814e+01 7.907327e+01
    endloop
  endfacet
  facet normal -5.469424e-01 -6.897868e-01 -4.743924e-01
    outer loop
      vertex   -3.513358e+00 -5.328475e+01 7.871941e+01
      vertex   -3.409221e+00 -5.327641e+01 7.858721e+01
      vertex   -3.323084e+00 -5.335291e+01 7.859915e+01
    endloop
  endfacet
  facet normal -5.169412e-01 -6.659160e-01 -5.378918e-01
    outer loop
      vertex   -3.323084e+00 -5.335291e+01 7.859915e+01
      vertex   -3.409221e+00 -5.327641e+01 7.858721e+01
      vertex   -3.205940e+00 -5.332980e+01 7.845795e+01
    endloop
  endfacet
  facet normal -7.351477e-01 -5.995140e-01 -3.164504e-01
    outer loop
      vertex   -3.937219e+00 -5.306579e+01 7.905463e+01
      vertex   -4.024991e+00 -5.298610e+01 7.910756e+01
      vertex   -3.992256e+00 -5.300814e+01 7.907327e+01
    endloop
  endfacet
  facet normal -4.296102e-01 -6.746162e-01 -6.002733e-01
    outer loop
      vertex   -3.085792e+00 -5.345231e+01 7.851046e+01
      vertex   -3.123309e+00 -5.340888e+01 7.848850e+01
      vertex   -2.915162e+00 -5.345219e+01 7.838821e+01
    endloop
  endfacet
  facet normal -4.177594e-01 -7.177597e-01 -5.570441e-01
    outer loop
      vertex   -2.915162e+00 -5.345219e+01 7.838821e+01
      vertex   -3.123309e+00 -5.340888e+01 7.848850e+01
      vertex   -2.993172e+00 -5.336892e+01 7.833942e+01
    endloop
  endfacet
  facet normal -5.392409e-01 -6.673029e-01 -5.137374e-01
    outer loop
      vertex   -3.261986e+00 -5.341788e+01 7.861941e+01
      vertex   -3.450361e+00 -5.334523e+01 7.872276e+01
      vertex   -3.323084e+00 -5.335291e+01 7.859915e+01
    endloop
  endfacet
  facet normal -5.658204e-01 -6.195421e-01 -5.440725e-01
    outer loop
      vertex   -3.323084e+00 -5.335291e+01 7.859915e+01
      vertex   -3.450361e+00 -5.334523e+01 7.872276e+01
      vertex   -3.513358e+00 -5.328475e+01 7.871941e+01
    endloop
  endfacet
  facet normal -5.979838e-01 -6.489600e-01 -4.703896e-01
    outer loop
      vertex   -3.450361e+00 -5.334523e+01 7.872276e+01
      vertex   -3.629015e+00 -5.326204e+01 7.883511e+01
      vertex   -3.513358e+00 -5.328475e+01 7.871941e+01
    endloop
  endfacet
  facet normal -7.203257e-01 -5.731869e-01 -3.906247e-01
    outer loop
      vertex   -3.873625e+00 -5.312034e+01 7.901683e+01
      vertex   -3.927783e+00 -5.308038e+01 7.905806e+01
      vertex   -3.904051e+00 -5.308712e+01 7.902418e+01
    endloop
  endfacet
  facet normal -7.748088e-01 -6.093776e-01 -1.683160e-01
    outer loop
      vertex   -4.314018e+00 -5.267379e+01 7.925651e+01
      vertex   -4.336318e+00 -5.263223e+01 7.920873e+01
      vertex   -4.251152e+00 -5.272880e+01 7.916630e+01
    endloop
  endfacet
  facet normal -7.773097e-01 -5.920374e-01 -2.127941e-01
    outer loop
      vertex   -4.251152e+00 -5.272880e+01 7.916630e+01
      vertex   -4.336318e+00 -5.263223e+01 7.920873e+01
      vertex   -4.201731e+00 -5.274131e+01 7.902058e+01
    endloop
  endfacet
  facet normal -7.289330e-01 -6.574685e-01 -1.907667e-01
    outer loop
      vertex   -4.251152e+00 -5.272880e+01 7.916630e+01
      vertex   -4.201731e+00 -5.274131e+01 7.902058e+01
      vertex   -4.113943e+00 -5.282943e+01 7.898884e+01
    endloop
  endfacet
  facet normal -7.284493e-01 -6.231522e-01 -2.846803e-01
    outer loop
      vertex   -4.113943e+00 -5.282943e+01 7.898884e+01
      vertex   -4.201731e+00 -5.274131e+01 7.902058e+01
      vertex   -4.022356e+00 -5.285220e+01 7.880432e+01
    endloop
  endfacet
  facet normal -6.737640e-01 -6.958877e-01 -2.485607e-01
    outer loop
      vertex   -4.113943e+00 -5.282943e+01 7.898884e+01
      vertex   -4.022356e+00 -5.285220e+01 7.880432e+01
      vertex   -3.933457e+00 -5.293160e+01 7.878563e+01
    endloop
  endfacet
  facet normal -6.639262e-01 -6.611200e-01 -3.494600e-01
    outer loop
      vertex   -3.933457e+00 -5.293160e+01 7.878563e+01
      vertex   -4.022356e+00 -5.285220e+01 7.880432e+01
      vertex   -3.822762e+00 -5.294278e+01 7.859649e+01
    endloop
  endfacet
  facet normal -2.659077e-01 -7.265391e-01 -6.335882e-01
    outer loop
      vertex   -2.495872e+00 -5.304867e+01 7.771106e+01
      vertex   -2.912144e+00 -5.314700e+01 7.799851e+01
      vertex   -2.983725e+00 -5.308682e+01 7.795955e+01
    endloop
  endfacet
  facet normal -3.720554e-01 -7.741474e-01 -5.121235e-01
    outer loop
      vertex   -2.983725e+00 -5.308682e+01 7.795955e+01
      vertex   -2.912144e+00 -5.314700e+01 7.799851e+01
      vertex   -3.289914e+00 -5.312193e+01 7.823507e+01
    endloop
  endfacet
  facet normal -3.143259e-01 -7.471418e-01 -5.856436e-01
    outer loop
      vertex   -2.877036e+00 -5.295197e+01 7.772991e+01
      vertex   -3.058549e+00 -5.302531e+01 7.792090e+01
      vertex   -3.096944e+00 -5.299406e+01 7.790164e+01
    endloop
  endfacet
  facet normal -5.400431e-01 -7.153787e-01 -4.433809e-01
    outer loop
      vertex   -3.498789e+00 -5.296056e+01 7.818457e+01
      vertex   -3.693793e+00 -5.294199e+01 7.839212e+01
      vertex   -3.739217e+00 -5.290560e+01 7.838874e+01
    endloop
  endfacet
  facet normal -5.748620e-01 -7.483938e-01 -3.308177e-01
    outer loop
      vertex   -3.739217e+00 -5.290560e+01 7.838874e+01
      vertex   -3.693793e+00 -5.294199e+01 7.839212e+01
      vertex   -3.914075e+00 -5.286588e+01 7.860274e+01
    endloop
  endfacet
  facet normal -6.196192e-01 -6.875057e-01 -3.786925e-01
    outer loop
      vertex   -3.739217e+00 -5.290560e+01 7.838874e+01
      vertex   -3.914075e+00 -5.286588e+01 7.860274e+01
      vertex   -3.960627e+00 -5.282574e+01 7.860602e+01
    endloop
  endfacet
  facet normal -6.415090e-01 -7.228865e-01 -2.567125e-01
    outer loop
      vertex   -3.960627e+00 -5.282574e+01 7.860602e+01
      vertex   -3.914075e+00 -5.286588e+01 7.860274e+01
      vertex   -4.114134e+00 -5.276688e+01 7.882389e+01
    endloop
  endfacet
  facet normal -6.919112e-01 -6.512948e-01 -3.115669e-01
    outer loop
      vertex   -3.960627e+00 -5.282574e+01 7.860602e+01
      vertex   -4.114134e+00 -5.276688e+01 7.882389e+01
      vertex   -4.160736e+00 -5.272213e+01 7.883383e+01
    endloop
  endfacet
  facet normal -7.010563e-01 -6.901406e-01 -1.795159e-01
    outer loop
      vertex   -4.160736e+00 -5.272213e+01 7.883383e+01
      vertex   -4.114134e+00 -5.276688e+01 7.882389e+01
      vertex   -4.291783e+00 -5.264606e+01 7.905317e+01
    endloop
  endfacet
  facet normal -7.978878e-01 -5.973217e-01 -8.112927e-02
    outer loop
      vertex   -4.481666e+00 -5.246286e+01 7.935232e+01
      vertex   -4.466588e+00 -5.247229e+01 7.927347e+01
      vertex   -4.423057e+00 -5.252751e+01 7.925188e+01
    endloop
  endfacet
  facet normal -8.048677e-01 -5.701106e-01 -1.648086e-01
    outer loop
      vertex   -4.423057e+00 -5.252751e+01 7.925188e+01
      vertex   -4.466588e+00 -5.247229e+01 7.927347e+01
      vertex   -4.337259e+00 -5.259593e+01 7.906957e+01
    endloop
  endfacet
  facet normal -2.422262e-01 -7.675972e-01 -5.933979e-01
    outer loop
      vertex   -2.495872e+00 -5.304867e+01 7.771106e+01
      vertex   -2.983725e+00 -5.308682e+01 7.795955e+01
      vertex   -2.555653e+00 -5.298543e+01 7.765366e+01
    endloop
  endfacet
  facet normal -6.092781e-01 -6.919981e-01 -3.871935e-01
    outer loop
      vertex   -3.914075e+00 -5.286588e+01 7.860274e+01
      vertex   -3.693793e+00 -5.294199e+01 7.839212e+01
      vertex   -3.822762e+00 -5.294278e+01 7.859649e+01
    endloop
  endfacet
  facet normal -6.806569e-01 -6.585732e-01 -3.209166e-01
    outer loop
      vertex   -4.114134e+00 -5.276688e+01 7.882389e+01
      vertex   -3.914075e+00 -5.286588e+01 7.860274e+01
      vertex   -4.022356e+00 -5.285220e+01 7.880432e+01
    endloop
  endfacet
  facet normal -6.282624e-01 -7.225607e-01 -2.884309e-01
    outer loop
      vertex   -4.022356e+00 -5.285220e+01 7.880432e+01
      vertex   -3.914075e+00 -5.286588e+01 7.860274e+01
      vertex   -3.822762e+00 -5.294278e+01 7.859649e+01
    endloop
  endfacet
  facet normal -7.447968e-01 -6.181466e-01 -2.513415e-01
    outer loop
      vertex   -4.291783e+00 -5.264606e+01 7.905317e+01
      vertex   -4.114134e+00 -5.276688e+01 7.882389e+01
      vertex   -4.201731e+00 -5.274131e+01 7.902058e+01
    endloop
  endfacet
  facet normal -6.890642e-01 -6.914511e-01 -2.169930e-01
    outer loop
      vertex   -4.201731e+00 -5.274131e+01 7.902058e+01
      vertex   -4.114134e+00 -5.276688e+01 7.882389e+01
      vertex   -4.022356e+00 -5.285220e+01 7.880432e+01
    endloop
  endfacet
  facet normal -7.438142e-01 -6.501287e-01 -1.551554e-01
    outer loop
      vertex   -4.201731e+00 -5.274131e+01 7.902058e+01
      vertex   -4.336318e+00 -5.263223e+01 7.920873e+01
      vertex   -4.291783e+00 -5.264606e+01 7.905317e+01
    endloop
  endfacet
  facet normal -8.095797e-01 -5.784075e-01 -1.001270e-01
    outer loop
      vertex   -4.481666e+00 -5.246286e+01 7.935232e+01
      vertex   -4.423057e+00 -5.252751e+01 7.925188e+01
      vertex   -4.397258e+00 -5.257266e+01 7.930411e+01
    endloop
  endfacet
  facet normal -8.115780e-01 -5.722980e-01 -1.175422e-01
    outer loop
      vertex   -4.397258e+00 -5.257266e+01 7.930411e+01
      vertex   -4.426073e+00 -5.254164e+01 7.935206e+01
      vertex   -4.481666e+00 -5.246286e+01 7.935232e+01
    endloop
  endfacet
  facet normal -5.330065e-01 -5.458560e-01 -6.464869e-01
    outer loop
      vertex   -4.192835e+00 -1.250000e+01 3.815073e+01
      vertex   -3.800895e+00 -1.250000e+01 3.782759e+01
      vertex   -3.677773e+00 -1.354620e+01 3.860943e+01
    endloop
  endfacet
  facet normal -4.254035e-01 -5.733469e-01 -7.002180e-01
    outer loop
      vertex   -3.677773e+00 -1.354620e+01 3.860943e+01
      vertex   -3.800895e+00 -1.250000e+01 3.782759e+01
      vertex   -3.472458e+00 -1.265427e+01 3.775437e+01
    endloop
  endfacet
  facet normal -3.302432e-01 -6.124845e-01 -7.181937e-01
    outer loop
      vertex   -3.677773e+00 -1.354620e+01 3.860943e+01
      vertex   -3.472458e+00 -1.265427e+01 3.775437e+01
      vertex   -3.043685e+00 -1.369280e+01 3.844288e+01
    endloop
  endfacet
  facet normal -3.055362e-01 -6.105527e-01 -7.306662e-01
    outer loop
      vertex   -3.043685e+00 -1.369280e+01 3.844288e+01
      vertex   -3.472458e+00 -1.265427e+01 3.775437e+01
      vertex   -3.122559e+00 -1.276594e+01 3.770137e+01
    endloop
  endfacet
  facet normal -1.885486e-01 -6.232362e-01 -7.589638e-01
    outer loop
      vertex   -3.043685e+00 -1.369280e+01 3.844288e+01
      vertex   -3.122559e+00 -1.276594e+01 3.770137e+01
      vertex   -2.745822e+00 -1.283817e+01 3.766709e+01
    endloop
  endfacet
  facet normal -6.930631e-02 -6.323544e-01 -7.715728e-01
    outer loop
      vertex   -2.376122e+00 -1.286382e+01 3.765491e+01
      vertex   -2.376122e+00 -1.350036e+01 3.817659e+01
      vertex   -2.745822e+00 -1.283817e+01 3.766709e+01
    endloop
  endfacet
  facet normal -1.151983e-01 -6.453441e-01 -7.551559e-01
    outer loop
      vertex   -2.745822e+00 -1.283817e+01 3.766709e+01
      vertex   -2.376122e+00 -1.350036e+01 3.817659e+01
      vertex   -3.043685e+00 -1.369280e+01 3.844288e+01
    endloop
  endfacet
  facet normal -1.062675e-01 -6.602195e-01 -7.435169e-01
    outer loop
      vertex   -2.376122e+00 -1.350036e+01 3.817659e+01
      vertex   -2.376122e+00 -1.411577e+01 3.872305e+01
      vertex   -3.043685e+00 -1.369280e+01 3.844288e+01
    endloop
  endfacet
  facet normal -1.223781e-01 -6.750630e-01 -7.275394e-01
    outer loop
      vertex   -3.043685e+00 -1.369280e+01 3.844288e+01
      vertex   -2.376122e+00 -1.411577e+01 3.872305e+01
      vertex   -2.961393e+00 -1.466831e+01 3.933419e+01
    endloop
  endfacet
  facet normal -2.901929e-01 -6.587271e-01 -6.941662e-01
    outer loop
      vertex   -3.043685e+00 -1.369280e+01 3.844288e+01
      vertex   -2.961393e+00 -1.466831e+01 3.933419e+01
      vertex   -3.524172e+00 -1.454758e+01 3.945489e+01
    endloop
  endfacet
  facet normal -9.799814e-02 -6.897045e-01 -7.174288e-01
    outer loop
      vertex   -2.376122e+00 -1.411577e+01 3.872305e+01
      vertex   -2.376122e+00 -1.470907e+01 3.929343e+01
      vertex   -2.961393e+00 -1.466831e+01 3.933419e+01
    endloop
  endfacet
  facet normal -3.302176e-01 -6.379862e-01 -6.956508e-01
    outer loop
      vertex   -3.043685e+00 -1.369280e+01 3.844288e+01
      vertex   -3.524172e+00 -1.454758e+01 3.945489e+01
      vertex   -3.677773e+00 -1.354620e+01 3.860943e+01
    endloop
  endfacet
  facet normal -4.713109e-01 -6.100597e-01 -6.369405e-01
    outer loop
      vertex   -3.677773e+00 -1.354620e+01 3.860943e+01
      vertex   -3.524172e+00 -1.454758e+01 3.945489e+01
      vertex   -4.042833e+00 -1.435153e+01 3.965090e+01
    endloop
  endfacet
  facet normal -5.319849e-01 -5.693706e-01 -6.267449e-01
    outer loop
      vertex   -3.677773e+00 -1.354620e+01 3.860943e+01
      vertex   -4.042833e+00 -1.435153e+01 3.965090e+01
      vertex   -4.246591e+00 -1.331006e+01 3.887773e+01
    endloop
  endfacet
  facet normal -6.343345e-01 -5.369715e-01 -5.561307e-01
    outer loop
      vertex   -4.246591e+00 -1.331006e+01 3.887773e+01
      vertex   -4.042833e+00 -1.435153e+01 3.965090e+01
      vertex   -4.497442e+00 -1.408770e+01 3.991470e+01
    endloop
  endfacet
  facet normal -7.070860e-01 -4.729308e-01 -5.257051e-01
    outer loop
      vertex   -4.246591e+00 -1.331006e+01 3.887773e+01
      vertex   -4.497442e+00 -1.408770e+01 3.991470e+01
      vertex   -4.721617e+00 -1.299622e+01 3.923430e+01
    endloop
  endfacet
  facet normal -7.729796e-01 -4.422909e-01 -4.548420e-01
    outer loop
      vertex   -4.721617e+00 -1.299622e+01 3.923430e+01
      vertex   -4.497442e+00 -1.408770e+01 3.991470e+01
      vertex   -4.870531e+00 -1.376621e+01 4.023613e+01
    endloop
  endfacet
  facet normal -8.467211e-01 -3.535365e-01 -3.975869e-01
    outer loop
      vertex   -4.721617e+00 -1.299622e+01 3.923430e+01
      vertex   -4.870531e+00 -1.376621e+01 4.023613e+01
      vertex   -5.079029e+00 -1.262040e+01 3.966129e+01
    endloop
  endfacet
  facet normal -8.819087e-01 -3.295783e-01 -3.370685e-01
    outer loop
      vertex   -5.079029e+00 -1.262040e+01 3.966129e+01
      vertex   -4.870531e+00 -1.376621e+01 4.023613e+01
      vertex   -5.147761e+00 -1.339943e+01 4.060284e+01
    endloop
  endfacet
  facet normal -9.186344e-01 -2.688680e-01 -2.895182e-01
    outer loop
      vertex   -5.079029e+00 -1.262040e+01 3.966129e+01
      vertex   -5.147761e+00 -1.339943e+01 4.060284e+01
      vertex   -5.171132e+00 -1.250000e+01 3.984172e+01
    endloop
  endfacet
  facet normal -9.529273e-01 -2.099065e-01 -2.187893e-01
    outer loop
      vertex   -5.171132e+00 -1.250000e+01 3.984172e+01
      vertex   -5.147761e+00 -1.339943e+01 4.060284e+01
      vertex   -5.283900e+00 -1.250000e+01 4.033288e+01
    endloop
  endfacet
  facet normal -9.569396e-01 -2.061785e-01 -2.043456e-01
    outer loop
      vertex   -5.283900e+00 -1.250000e+01 4.033288e+01
      vertex   -5.147761e+00 -1.339943e+01 4.060284e+01
      vertex   -5.318478e+00 -1.300145e+01 4.100075e+01
    endloop
  endfacet
  facet normal -9.847730e-01 -1.106642e-01 -1.340729e-01
    outer loop
      vertex   -5.283900e+00 -1.250000e+01 4.033288e+01
      vertex   -5.318478e+00 -1.300145e+01 4.100075e+01
      vertex   -5.352788e+00 -1.250000e+01 4.083886e+01
    endloop
  endfacet
  facet normal -9.949304e-01 -8.528105e-02 -5.329798e-02
    outer loop
      vertex   -5.352788e+00 -1.250000e+01 4.083886e+01
      vertex   -5.318478e+00 -1.300145e+01 4.100075e+01
      vertex   -5.376122e+00 -1.258757e+01 4.141457e+01
    endloop
  endfacet
  facet normal -9.977293e-01 -4.757388e-02 -4.767586e-02
    outer loop
      vertex   -5.352788e+00 -1.250000e+01 4.083886e+01
      vertex   -5.376122e+00 -1.258757e+01 4.141457e+01
      vertex   -5.376122e+00 -1.255845e+01 4.138551e+01
    endloop
  endfacet
  facet normal -9.977422e-01 -4.732900e-02 -4.765023e-02
    outer loop
      vertex   -5.376122e+00 -1.255845e+01 4.138551e+01
      vertex   -5.376122e+00 -1.252926e+01 4.135651e+01
      vertex   -5.352788e+00 -1.250000e+01 4.083886e+01
    endloop
  endfacet
  facet normal -9.977537e-01 -4.709834e-02 -4.763771e-02
    outer loop
      vertex   -5.352788e+00 -1.250000e+01 4.083886e+01
      vertex   -5.376122e+00 -1.252926e+01 4.135651e+01
      vertex   -5.376122e+00 -1.250000e+01 4.132759e+01
    endloop
  endfacet
  facet normal -9.204394e-01 -2.224920e-01 -3.213856e-01
    outer loop
      vertex   -5.171132e+00 -1.250000e+01 3.984172e+01
      vertex   -5.012576e+00 -1.250000e+01 3.938762e+01
      vertex   -5.079029e+00 -1.262040e+01 3.966129e+01
    endloop
  endfacet
  facet normal -8.460650e-01 -3.808520e-01 -3.729956e-01
    outer loop
      vertex   -5.079029e+00 -1.262040e+01 3.966129e+01
      vertex   -5.012576e+00 -1.250000e+01 3.938762e+01
      vertex   -4.721617e+00 -1.299622e+01 3.923430e+01
    endloop
  endfacet
  facet normal -8.359470e-01 -3.629837e-01 -4.116254e-01
    outer loop
      vertex   -5.012576e+00 -1.250000e+01 3.938762e+01
      vertex   -4.789321e+00 -1.250000e+01 3.893423e+01
      vertex   -4.721617e+00 -1.299622e+01 3.923430e+01
    endloop
  endfacet
  facet normal -7.656345e-01 -4.061397e-01 -4.988530e-01
    outer loop
      vertex   -4.721617e+00 -1.299622e+01 3.923430e+01
      vertex   -4.789321e+00 -1.250000e+01 3.893423e+01
      vertex   -4.513891e+00 -1.250000e+01 3.851150e+01
    endloop
  endfacet
  facet normal -7.070948e-01 -4.715487e-01 -5.269334e-01
    outer loop
      vertex   -4.721617e+00 -1.299622e+01 3.923430e+01
      vertex   -4.513891e+00 -1.250000e+01 3.851150e+01
      vertex   -4.246591e+00 -1.331006e+01 3.887773e+01
    endloop
  endfacet
  facet normal -6.553689e-01 -4.799319e-01 -5.832298e-01
    outer loop
      vertex   -4.246591e+00 -1.331006e+01 3.887773e+01
      vertex   -4.513891e+00 -1.250000e+01 3.851150e+01
      vertex   -4.192835e+00 -1.250000e+01 3.815073e+01
    endloop
  endfacet
  facet normal -5.319450e-01 -5.457541e-01 -6.474465e-01
    outer loop
      vertex   -4.246591e+00 -1.331006e+01 3.887773e+01
      vertex   -4.192835e+00 -1.250000e+01 3.815073e+01
      vertex   -3.677773e+00 -1.354620e+01 3.860943e+01
    endloop
  endfacet
  facet normal -9.951845e-01 -6.982554e-02 -6.879150e-02
    outer loop
      vertex   -5.318478e+00 -1.300145e+01 4.100075e+01
      vertex   -5.300906e+00 -2.227516e+01 5.015964e+01
      vertex   -5.376122e+00 -1.258757e+01 4.141457e+01
    endloop
  endfacet
  facet normal -9.937122e-01 -7.917756e-02 -7.916412e-02
    outer loop
      vertex   -5.376122e+00 -1.258757e+01 4.141457e+01
      vertex   -5.300906e+00 -2.227516e+01 5.015964e+01
      vertex   -5.300906e+00 -3.149067e+01 5.937672e+01
    endloop
  endfacet
  facet normal -9.937122e-01 -7.917756e-02 -7.916412e-02
    outer loop
      vertex   -5.376122e+00 -1.258757e+01 4.141457e+01
      vertex   -5.300906e+00 -3.149067e+01 5.937672e+01
      vertex   -5.300906e+00 -4.070617e+01 6.859379e+01
    endloop
  endfacet
  facet normal -9.438833e-01 -2.335624e-01 -2.335227e-01
    outer loop
      vertex   -5.300906e+00 -4.070617e+01 6.859379e+01
      vertex   -5.300906e+00 -3.149067e+01 5.937672e+01
      vertex   -5.079029e+00 -4.115458e+01 6.814546e+01
    endloop
  endfacet
  facet normal -9.438828e-01 -2.327950e-01 -2.342900e-01
    outer loop
      vertex   -5.300906e+00 -4.070617e+01 6.859379e+01
      vertex   -5.079029e+00 -4.115458e+01 6.814546e+01
      vertex   -5.147761e+00 -5.026147e+01 7.747114e+01
    endloop
  endfacet
  facet normal -8.819209e-01 -3.339956e-01 -3.326597e-01
    outer loop
      vertex   -5.147761e+00 -5.026147e+01 7.747114e+01
      vertex   -5.079029e+00 -4.115458e+01 6.814546e+01
      vertex   -4.870531e+00 -5.062825e+01 7.710442e+01
    endloop
  endfacet
  facet normal -8.467234e-01 -3.752758e-01 -3.771306e-01
    outer loop
      vertex   -4.870531e+00 -5.062825e+01 7.710442e+01
      vertex   -5.079029e+00 -4.115458e+01 6.814546e+01
      vertex   -4.721617e+00 -4.155683e+01 6.774328e+01
    endloop
  endfacet
  facet normal -7.730100e-01 -4.493893e-01 -4.477777e-01
    outer loop
      vertex   -4.870531e+00 -5.062825e+01 7.710442e+01
      vertex   -4.721617e+00 -4.155683e+01 6.774328e+01
      vertex   -4.497442e+00 -5.094973e+01 7.678299e+01
    endloop
  endfacet
  facet normal -7.071060e-01 -4.990187e-01 -5.009805e-01
    outer loop
      vertex   -4.497442e+00 -5.094973e+01 7.678299e+01
      vertex   -4.721617e+00 -4.155683e+01 6.774328e+01
      vertex   -4.246591e+00 -4.189275e+01 6.740742e+01
    endloop
  endfacet
  facet normal -6.343929e-01 -5.474147e-01 -5.457864e-01
    outer loop
      vertex   -4.497442e+00 -5.094973e+01 7.678299e+01
      vertex   -4.246591e+00 -4.189275e+01 6.740742e+01
      vertex   -4.042833e+00 -5.121357e+01 7.651920e+01
    endloop
  endfacet
  facet normal -5.320316e-01 -5.978155e-01 -5.996324e-01
    outer loop
      vertex   -4.042833e+00 -5.121357e+01 7.651920e+01
      vertex   -4.246591e+00 -4.189275e+01 6.740742e+01
      vertex   -3.677773e+00 -4.214550e+01 6.715471e+01
    endloop
  endfacet
  facet normal -4.713965e-01 -6.243048e-01 -6.229196e-01
    outer loop
      vertex   -4.042833e+00 -5.121357e+01 7.651920e+01
      vertex   -3.677773e+00 -4.214550e+01 6.715471e+01
      vertex   -3.524172e+00 -5.140962e+01 7.632319e+01
    endloop
  endfacet
  facet normal -3.302789e-01 -6.667153e-01 -6.681366e-01
    outer loop
      vertex   -3.524172e+00 -5.140962e+01 7.632319e+01
      vertex   -3.677773e+00 -4.214550e+01 6.715471e+01
      vertex   -3.043685e+00 -4.230241e+01 6.699783e+01
    endloop
  endfacet
  facet normal -2.902846e-01 -6.771000e-01 -6.762177e-01
    outer loop
      vertex   -3.524172e+00 -5.140962e+01 7.632319e+01
      vertex   -3.043685e+00 -4.230241e+01 6.699783e+01
      vertex   -2.961393e+00 -5.153034e+01 7.620248e+01
    endloop
  endfacet
  facet normal -9.801711e-02 -7.032504e-01 -7.041531e-01
    outer loop
      vertex   -2.961393e+00 -5.153034e+01 7.620248e+01
      vertex   -3.043685e+00 -4.230241e+01 6.699783e+01
      vertex   -2.376122e+00 -5.157111e+01 7.616173e+01
    endloop
  endfacet
  facet normal -1.119645e-01 -7.027203e-01 -7.026010e-01
    outer loop
      vertex   -2.376122e+00 -5.157111e+01 7.616173e+01
      vertex   -3.043685e+00 -4.230241e+01 6.699783e+01
      vertex   -3.043685e+00 -3.308690e+01 5.778076e+01
    endloop
  endfacet
  facet normal -1.119645e-01 -7.027203e-01 -7.026010e-01
    outer loop
      vertex   -2.376122e+00 -5.157111e+01 7.616173e+01
      vertex   -3.043685e+00 -3.308690e+01 5.778076e+01
      vertex   -3.043685e+00 -2.387139e+01 4.856368e+01
    endloop
  endfacet
  facet normal -3.302791e-01 -6.674830e-01 -6.673696e-01
    outer loop
      vertex   -3.043685e+00 -2.387139e+01 4.856368e+01
      vertex   -3.043685e+00 -3.308690e+01 5.778076e+01
      vertex   -3.677773e+00 -2.371448e+01 4.872056e+01
    endloop
  endfacet
  facet normal -3.302789e-01 -6.682499e-01 -6.666018e-01
    outer loop
      vertex   -3.043685e+00 -2.387139e+01 4.856368e+01
      vertex   -3.677773e+00 -2.371448e+01 4.872056e+01
      vertex   -3.524172e+00 -1.454758e+01 3.945489e+01
    endloop
  endfacet
  facet normal -4.713965e-01 -6.230256e-01 -6.241990e-01
    outer loop
      vertex   -3.524172e+00 -1.454758e+01 3.945489e+01
      vertex   -3.677773e+00 -2.371448e+01 4.872056e+01
      vertex   -4.042833e+00 -1.435153e+01 3.965090e+01
    endloop
  endfacet
  facet normal -5.320316e-01 -5.997340e-01 -5.977136e-01
    outer loop
      vertex   -4.042833e+00 -1.435153e+01 3.965090e+01
      vertex   -3.677773e+00 -2.371448e+01 4.872056e+01
      vertex   -4.246591e+00 -2.346173e+01 4.897327e+01
    endloop
  endfacet
  facet normal -6.343929e-01 -5.458794e-01 -5.473220e-01
    outer loop
      vertex   -4.042833e+00 -1.435153e+01 3.965090e+01
      vertex   -4.246591e+00 -2.346173e+01 4.897327e+01
      vertex   -4.497442e+00 -1.408770e+01 3.991470e+01
    endloop
  endfacet
  facet normal -7.071060e-01 -5.010652e-01 -4.989335e-01
    outer loop
      vertex   -4.497442e+00 -1.408770e+01 3.991470e+01
      vertex   -4.246591e+00 -2.346173e+01 4.897327e+01
      vertex   -4.721617e+00 -2.312581e+01 4.930913e+01
    endloop
  endfacet
  facet normal -7.730100e-01 -4.478540e-01 -4.493132e-01
    outer loop
      vertex   -4.497442e+00 -1.408770e+01 3.991470e+01
      vertex   -4.721617e+00 -2.312581e+01 4.930913e+01
      vertex   -4.870531e+00 -1.376621e+01 4.023613e+01
    endloop
  endfacet
  facet normal -8.467234e-01 -3.771944e-01 -3.752118e-01
    outer loop
      vertex   -4.870531e+00 -1.376621e+01 4.023613e+01
      vertex   -4.721617e+00 -2.312581e+01 4.930913e+01
      vertex   -5.079029e+00 -2.272356e+01 4.971131e+01
    endloop
  endfacet
  facet normal -8.819209e-01 -3.327164e-01 -3.339391e-01
    outer loop
      vertex   -4.870531e+00 -1.376621e+01 4.023613e+01
      vertex   -5.079029e+00 -2.272356e+01 4.971131e+01
      vertex   -5.147761e+00 -1.339943e+01 4.060284e+01
    endloop
  endfacet
  facet normal -9.438828e-01 -2.343295e-01 -2.327552e-01
    outer loop
      vertex   -5.147761e+00 -1.339943e+01 4.060284e+01
      vertex   -5.079029e+00 -2.272356e+01 4.971131e+01
      vertex   -5.300906e+00 -2.227516e+01 5.015964e+01
    endloop
  endfacet
  facet normal -9.569402e-01 -2.048960e-01 -2.056285e-01
    outer loop
      vertex   -5.147761e+00 -1.339943e+01 4.060284e+01
      vertex   -5.300906e+00 -2.227516e+01 5.015964e+01
      vertex   -5.318478e+00 -1.300145e+01 4.100075e+01
    endloop
  endfacet
  facet normal -2.902846e-01 -6.763327e-01 -6.769852e-01
    outer loop
      vertex   -3.524172e+00 -1.454758e+01 3.945489e+01
      vertex   -2.961393e+00 -1.466831e+01 3.933419e+01
      vertex   -3.043685e+00 -2.387139e+01 4.856368e+01
    endloop
  endfacet
  facet normal -1.385535e-01 -7.006716e-01 -6.999016e-01
    outer loop
      vertex   -3.043685e+00 -2.387139e+01 4.856368e+01
      vertex   -2.961393e+00 -1.466831e+01 3.933419e+01
      vertex   -2.376122e+00 -5.157111e+01 7.616173e+01
    endloop
  endfacet
  facet normal -9.801714e-02 -7.037616e-01 -7.036421e-01
    outer loop
      vertex   -2.961393e+00 -1.466831e+01 3.933419e+01
      vertex   -2.376122e+00 -1.470907e+01 3.929343e+01
      vertex   -2.376122e+00 -5.157111e+01 7.616173e+01
    endloop
  endfacet
  facet normal -9.569402e-01 -2.056633e-01 -2.048611e-01
    outer loop
      vertex   -5.147761e+00 -5.026147e+01 7.747114e+01
      vertex   -5.318478e+00 -4.986349e+01 7.786905e+01
      vertex   -5.300906e+00 -4.070617e+01 6.859379e+01
    endloop
  endfacet
  facet normal -9.903548e-01 -9.765493e-02 -9.828939e-02
    outer loop
      vertex   -5.300906e+00 -4.070617e+01 6.859379e+01
      vertex   -5.318478e+00 -4.986349e+01 7.786905e+01
      vertex   -5.376122e+00 -1.258757e+01 4.141457e+01
    endloop
  endfacet
  facet normal -9.951847e-01 -6.931447e-02 -6.930270e-02
    outer loop
      vertex   -5.318478e+00 -4.986349e+01 7.786905e+01
      vertex   -5.376122e+00 -4.944961e+01 7.828287e+01
      vertex   -5.376122e+00 -1.258757e+01 4.141457e+01
    endloop
  endfacet
  facet normal -9.438833e-01 -2.335624e-01 -2.335227e-01
    outer loop
      vertex   -5.300906e+00 -3.149067e+01 5.937672e+01
      vertex   -5.300906e+00 -2.227516e+01 5.015964e+01
      vertex   -5.079029e+00 -3.193907e+01 5.892839e+01
    endloop
  endfacet
  facet normal -9.438833e-01 -2.335624e-01 -2.335227e-01
    outer loop
      vertex   -5.079029e+00 -3.193907e+01 5.892839e+01
      vertex   -5.300906e+00 -2.227516e+01 5.015964e+01
      vertex   -5.079029e+00 -2.272356e+01 4.971131e+01
    endloop
  endfacet
  facet normal -8.467242e-01 -3.762354e-01 -3.761715e-01
    outer loop
      vertex   -5.079029e+00 -3.193907e+01 5.892839e+01
      vertex   -5.079029e+00 -2.272356e+01 4.971131e+01
      vertex   -4.721617e+00 -3.234132e+01 5.852621e+01
    endloop
  endfacet
  facet normal -8.467242e-01 -3.762354e-01 -3.761715e-01
    outer loop
      vertex   -4.721617e+00 -3.234132e+01 5.852621e+01
      vertex   -5.079029e+00 -2.272356e+01 4.971131e+01
      vertex   -4.721617e+00 -2.312581e+01 4.930913e+01
    endloop
  endfacet
  facet normal -7.071068e-01 -5.000425e-01 -4.999575e-01
    outer loop
      vertex   -4.721617e+00 -3.234132e+01 5.852621e+01
      vertex   -4.721617e+00 -2.312581e+01 4.930913e+01
      vertex   -4.246591e+00 -3.267724e+01 5.819034e+01
    endloop
  endfacet
  facet normal -7.071068e-01 -5.000425e-01 -4.999575e-01
    outer loop
      vertex   -4.246591e+00 -3.267724e+01 5.819034e+01
      vertex   -4.721617e+00 -2.312581e+01 4.930913e+01
      vertex   -4.246591e+00 -2.346173e+01 4.897327e+01
    endloop
  endfacet
  facet normal -5.320321e-01 -5.987753e-01 -5.986736e-01
    outer loop
      vertex   -4.246591e+00 -3.267724e+01 5.819034e+01
      vertex   -4.246591e+00 -2.346173e+01 4.897327e+01
      vertex   -3.677773e+00 -3.292999e+01 5.793764e+01
    endloop
  endfacet
  facet normal -5.320321e-01 -5.987753e-01 -5.986736e-01
    outer loop
      vertex   -3.677773e+00 -3.292999e+01 5.793764e+01
      vertex   -4.246591e+00 -2.346173e+01 4.897327e+01
      vertex   -3.677773e+00 -2.371448e+01 4.872056e+01
    endloop
  endfacet
  facet normal -3.302791e-01 -6.674830e-01 -6.673696e-01
    outer loop
      vertex   -3.677773e+00 -3.292999e+01 5.793764e+01
      vertex   -3.677773e+00 -2.371448e+01 4.872056e+01
      vertex   -3.043685e+00 -3.308690e+01 5.778076e+01
    endloop
  endfacet
  facet normal -8.467242e-01 -3.762354e-01 -3.761715e-01
    outer loop
      vertex   -4.721617e+00 -4.155683e+01 6.774328e+01
      vertex   -5.079029e+00 -4.115458e+01 6.814546e+01
      vertex   -5.079029e+00 -3.193907e+01 5.892839e+01
    endloop
  endfacet
  facet normal -9.438833e-01 -2.335624e-01 -2.335227e-01
    outer loop
      vertex   -5.079029e+00 -3.193907e+01 5.892839e+01
      vertex   -5.079029e+00 -4.115458e+01 6.814546e+01
      vertex   -5.300906e+00 -3.149067e+01 5.937672e+01
    endloop
  endfacet
  facet normal -8.467242e-01 -3.762354e-01 -3.761715e-01
    outer loop
      vertex   -4.721617e+00 -4.155683e+01 6.774328e+01
      vertex   -5.079029e+00 -3.193907e+01 5.892839e+01
      vertex   -4.721617e+00 -3.234132e+01 5.852621e+01
    endloop
  endfacet
  facet normal -7.071068e-01 -5.000425e-01 -4.999575e-01
    outer loop
      vertex   -4.246591e+00 -4.189275e+01 6.740742e+01
      vertex   -4.721617e+00 -4.155683e+01 6.774328e+01
      vertex   -4.721617e+00 -3.234132e+01 5.852621e+01
    endloop
  endfacet
  facet normal -7.071068e-01 -5.000425e-01 -4.999575e-01
    outer loop
      vertex   -4.246591e+00 -4.189275e+01 6.740742e+01
      vertex   -4.721617e+00 -3.234132e+01 5.852621e+01
      vertex   -4.246591e+00 -3.267724e+01 5.819034e+01
    endloop
  endfacet
  facet normal -5.320321e-01 -5.987753e-01 -5.986736e-01
    outer loop
      vertex   -3.677773e+00 -4.214550e+01 6.715471e+01
      vertex   -4.246591e+00 -4.189275e+01 6.740742e+01
      vertex   -4.246591e+00 -3.267724e+01 5.819034e+01
    endloop
  endfacet
  facet normal -5.320321e-01 -5.987753e-01 -5.986736e-01
    outer loop
      vertex   -3.677773e+00 -4.214550e+01 6.715471e+01
      vertex   -4.246591e+00 -3.267724e+01 5.819034e+01
      vertex   -3.677773e+00 -3.292999e+01 5.793764e+01
    endloop
  endfacet
  facet normal -3.302791e-01 -6.674830e-01 -6.673696e-01
    outer loop
      vertex   -3.043685e+00 -4.230241e+01 6.699783e+01
      vertex   -3.677773e+00 -4.214550e+01 6.715471e+01
      vertex   -3.677773e+00 -3.292999e+01 5.793764e+01
    endloop
  endfacet
  facet normal -3.302791e-01 -6.674830e-01 -6.673696e-01
    outer loop
      vertex   -3.043685e+00 -4.230241e+01 6.699783e+01
      vertex   -3.677773e+00 -3.292999e+01 5.793764e+01
      vertex   -3.043685e+00 -3.308690e+01 5.778076e+01
    endloop
  endfacet
  facet normal -4.426827e-02 -7.170436e-01 -6.956211e-01
    outer loop
      vertex   -2.220285e+00 -5.249801e+01 7.708878e+01
      vertex   -2.077901e+00 -5.279387e+01 7.738469e+01
      vertex   -2.390070e+00 -5.276831e+01 7.737821e+01
    endloop
  endfacet
  facet normal -4.862652e-02 -7.586289e-01 -6.497058e-01
    outer loop
      vertex   -2.390070e+00 -5.276831e+01 7.737821e+01
      vertex   -2.077901e+00 -5.279387e+01 7.738469e+01
      vertex   -2.481922e+00 -5.289731e+01 7.753572e+01
    endloop
  endfacet
  facet normal -1.393188e-01 -7.247151e-01 -6.748173e-01
    outer loop
      vertex   -2.390070e+00 -5.276831e+01 7.737821e+01
      vertex   -2.481922e+00 -5.289731e+01 7.753572e+01
      vertex   -2.650592e+00 -5.280861e+01 7.747528e+01
    endloop
  endfacet
  facet normal -1.901403e-01 -7.735079e-01 -6.045926e-01
    outer loop
      vertex   -2.650592e+00 -5.280861e+01 7.747528e+01
      vertex   -2.481922e+00 -5.289731e+01 7.753572e+01
      vertex   -2.877036e+00 -5.295197e+01 7.772991e+01
    endloop
  endfacet
  facet normal -2.285013e-01 -7.473063e-01 -6.239555e-01
    outer loop
      vertex   -2.650592e+00 -5.280861e+01 7.747528e+01
      vertex   -2.877036e+00 -5.295197e+01 7.772991e+01
      vertex   -2.963380e+00 -5.283153e+01 7.761729e+01
    endloop
  endfacet
  facet normal -3.240615e-01 -7.596281e-01 -5.638700e-01
    outer loop
      vertex   -2.963380e+00 -5.283153e+01 7.761729e+01
      vertex   -2.877036e+00 -5.295197e+01 7.772991e+01
      vertex   -3.265348e+00 -5.282543e+01 7.778260e+01
    endloop
  endfacet
  facet normal -3.315730e-01 -7.455521e-01 -5.781101e-01
    outer loop
      vertex   -2.963380e+00 -5.283153e+01 7.761729e+01
      vertex   -3.265348e+00 -5.282543e+01 7.778260e+01
      vertex   -3.078854e+00 -5.266558e+01 7.746950e+01
    endloop
  endfacet
  facet normal -3.520365e-01 -7.319583e-01 -5.833587e-01
    outer loop
      vertex   -3.078854e+00 -5.266558e+01 7.746950e+01
      vertex   -3.265348e+00 -5.282543e+01 7.778260e+01
      vertex   -3.399473e+00 -5.264013e+01 7.763105e+01
    endloop
  endfacet
  facet normal -3.525948e-01 -7.306383e-01 -5.846747e-01
    outer loop
      vertex   -3.078854e+00 -5.266558e+01 7.746950e+01
      vertex   -3.399473e+00 -5.264013e+01 7.763105e+01
      vertex   -3.172456e+00 -5.250217e+01 7.732174e+01
    endloop
  endfacet
  facet normal -3.694861e-01 -7.170628e-01 -5.910169e-01
    outer loop
      vertex   -3.172456e+00 -5.250217e+01 7.732174e+01
      vertex   -3.399473e+00 -5.264013e+01 7.763105e+01
      vertex   -3.507599e+00 -5.245984e+01 7.747990e+01
    endloop
  endfacet
  facet normal -3.687967e-01 -7.190561e-01 -5.890224e-01
    outer loop
      vertex   -3.172456e+00 -5.250217e+01 7.732174e+01
      vertex   -3.507599e+00 -5.245984e+01 7.747990e+01
      vertex   -3.222149e+00 -5.240153e+01 7.723000e+01
    endloop
  endfacet
  facet normal -3.796613e-01 -7.056183e-01 -5.982976e-01
    outer loop
      vertex   -3.222149e+00 -5.240153e+01 7.723000e+01
      vertex   -3.507599e+00 -5.245984e+01 7.747990e+01
      vertex   -3.564913e+00 -5.234952e+01 7.738616e+01
    endloop
  endfacet
  facet normal -3.781827e-01 -7.105126e-01 -5.934220e-01
    outer loop
      vertex   -3.222149e+00 -5.240153e+01 7.723000e+01
      vertex   -3.564913e+00 -5.234952e+01 7.738616e+01
      vertex   -3.266557e+00 -5.230132e+01 7.713831e+01
    endloop
  endfacet
  facet normal -3.880315e-01 -6.972675e-01 -6.027019e-01
    outer loop
      vertex   -3.266557e+00 -5.230132e+01 7.713831e+01
      vertex   -3.564913e+00 -5.234952e+01 7.738616e+01
      vertex   -3.616171e+00 -5.224006e+01 7.729253e+01
    endloop
  endfacet
  facet normal -3.898396e-01 -6.902301e-01 -6.095961e-01
    outer loop
      vertex   -3.266557e+00 -5.230132e+01 7.713831e+01
      vertex   -3.616171e+00 -5.224006e+01 7.729253e+01
      vertex   -3.414872e+00 -5.185855e+01 7.673182e+01
    endloop
  endfacet
  facet normal -4.164981e-01 -6.751203e-01 -6.088858e-01
    outer loop
      vertex   -3.414872e+00 -5.185855e+01 7.673182e+01
      vertex   -3.616171e+00 -5.224006e+01 7.729253e+01
      vertex   -3.789140e+00 -5.175906e+01 7.687752e+01
    endloop
  endfacet
  facet normal -4.179070e-01 -6.638671e-01 -6.201889e-01
    outer loop
      vertex   -3.414872e+00 -5.185855e+01 7.673182e+01
      vertex   -3.789140e+00 -5.175906e+01 7.687752e+01
      vertex   -3.463997e+00 -5.163622e+01 7.652694e+01
    endloop
  endfacet
  facet normal -4.302586e-01 -6.497228e-01 -6.266880e-01
    outer loop
      vertex   -3.463997e+00 -5.163622e+01 7.652694e+01
      vertex   -3.789140e+00 -5.175906e+01 7.687752e+01
      vertex   -3.848044e+00 -5.151822e+01 7.666827e+01
    endloop
  endfacet
  facet normal -4.292972e-01 -6.642380e-01 -6.119574e-01
    outer loop
      vertex   -3.463997e+00 -5.163622e+01 7.652694e+01
      vertex   -3.848044e+00 -5.151822e+01 7.666827e+01
      vertex   -3.524172e+00 -5.140962e+01 7.632319e+01
    endloop
  endfacet
  facet normal -4.713342e-01 -6.120699e-01 -6.349917e-01
    outer loop
      vertex   -3.524172e+00 -5.140962e+01 7.632319e+01
      vertex   -3.848044e+00 -5.151822e+01 7.666827e+01
      vertex   -4.042833e+00 -5.121357e+01 7.651920e+01
    endloop
  endfacet
  facet normal -5.486101e-01 -6.233884e-01 -5.571480e-01
    outer loop
      vertex   -4.042833e+00 -5.121357e+01 7.651920e+01
      vertex   -3.848044e+00 -5.151822e+01 7.666827e+01
      vertex   -4.203042e+00 -5.136342e+01 7.684463e+01
    endloop
  endfacet
  facet normal -6.343024e-01 -5.345984e-01 -5.584488e-01
    outer loop
      vertex   -4.042833e+00 -5.121357e+01 7.651920e+01
      vertex   -4.203042e+00 -5.136342e+01 7.684463e+01
      vertex   -4.497442e+00 -5.094973e+01 7.678299e+01
    endloop
  endfacet
  facet normal -6.612942e-01 -5.470702e-01 -5.132292e-01
    outer loop
      vertex   -4.497442e+00 -5.094973e+01 7.678299e+01
      vertex   -4.203042e+00 -5.136342e+01 7.684463e+01
      vertex   -4.521345e+00 -5.117424e+01 7.705311e+01
    endloop
  endfacet
  facet normal -7.729983e-01 -4.525781e-01 -4.445748e-01
    outer loop
      vertex   -4.497442e+00 -5.094973e+01 7.678299e+01
      vertex   -4.521345e+00 -5.117424e+01 7.705311e+01
      vertex   -4.870531e+00 -5.062825e+01 7.710442e+01
    endloop
  endfacet
  facet normal -7.851643e-01 -4.635463e-01 -4.106604e-01
    outer loop
      vertex   -4.870531e+00 -5.062825e+01 7.710442e+01
      vertex   -4.521345e+00 -5.117424e+01 7.705311e+01
      vertex   -4.910330e+00 -5.083595e+01 7.741496e+01
    endloop
  endfacet
  facet normal -8.808980e-01 -3.334404e-01 -3.359111e-01
    outer loop
      vertex   -4.870531e+00 -5.062825e+01 7.710442e+01
      vertex   -4.910330e+00 -5.083595e+01 7.741496e+01
      vertex   -5.093612e+00 -5.060029e+01 7.766169e+01
    endloop
  endfacet
  facet normal -8.796355e-01 -3.656385e-01 -3.042200e-01
    outer loop
      vertex   -5.093612e+00 -5.060029e+01 7.766169e+01
      vertex   -4.910330e+00 -5.083595e+01 7.741496e+01
      vertex   -5.027682e+00 -5.092630e+01 7.786288e+01
    endloop
  endfacet
  facet normal -9.182134e-01 -3.252211e-01 -2.260869e-01
    outer loop
      vertex   -5.093612e+00 -5.060029e+01 7.766169e+01
      vertex   -5.027682e+00 -5.092630e+01 7.786288e+01
      vertex   -5.173983e+00 -5.068998e+01 7.811712e+01
    endloop
  endfacet
  facet normal -9.133570e-01 -3.592058e-01 -1.917031e-01
    outer loop
      vertex   -5.173983e+00 -5.068998e+01 7.811712e+01
      vertex   -5.027682e+00 -5.092630e+01 7.786288e+01
      vertex   -4.979533e+00 -5.139089e+01 7.850401e+01
    endloop
  endfacet
  facet normal -9.265626e-01 -3.426701e-01 -1.551097e-01
    outer loop
      vertex   -5.173983e+00 -5.068998e+01 7.811712e+01
      vertex   -4.979533e+00 -5.139089e+01 7.850401e+01
      vertex   -5.101457e+00 -5.117403e+01 7.875324e+01
    endloop
  endfacet
  facet normal -9.208794e-01 -3.671771e-01 -1.310043e-01
    outer loop
      vertex   -5.101457e+00 -5.117403e+01 7.875324e+01
      vertex   -4.979533e+00 -5.139089e+01 7.850401e+01
      vertex   -5.044095e+00 -5.134779e+01 7.883703e+01
    endloop
  endfacet
  facet normal -9.534877e-01 -2.998378e-01 3.095826e-02
    outer loop
      vertex   -5.101457e+00 -5.117403e+01 7.875324e+01
      vertex   -5.044095e+00 -5.134779e+01 7.883703e+01
      vertex   -5.238844e+00 -5.072153e+01 7.890438e+01
    endloop
  endfacet
  facet normal -9.553752e-01 -2.938470e-01 -3.020133e-02
    outer loop
      vertex   -5.238844e+00 -5.072153e+01 7.890438e+01
      vertex   -5.044095e+00 -5.134779e+01 7.883703e+01
      vertex   -5.034142e+00 -5.141848e+01 7.920992e+01
    endloop
  endfacet
  facet normal -9.292952e-01 -3.666237e-01 -4.469310e-02
    outer loop
      vertex   -5.034142e+00 -5.141848e+01 7.920992e+01
      vertex   -5.044095e+00 -5.134779e+01 7.883703e+01
      vertex   -4.977487e+00 -5.152681e+01 7.892056e+01
    endloop
  endfacet
  facet normal -9.122771e-01 -4.087739e-01 -2.558082e-02
    outer loop
      vertex   -5.034142e+00 -5.141848e+01 7.920992e+01
      vertex   -4.977487e+00 -5.152681e+01 7.892056e+01
      vertex   -4.845204e+00 -5.183040e+01 7.905426e+01
    endloop
  endfacet
  facet normal -8.907359e-01 -4.393716e-01 -1.163712e-01
    outer loop
      vertex   -4.845204e+00 -5.183040e+01 7.905426e+01
      vertex   -4.977487e+00 -5.152681e+01 7.892056e+01
      vertex   -4.847911e+00 -5.172513e+01 7.867755e+01
    endloop
  endfacet
  facet normal -8.677261e-01 -4.802867e-01 -1.279693e-01
    outer loop
      vertex   -4.845204e+00 -5.183040e+01 7.905426e+01
      vertex   -4.847911e+00 -5.172513e+01 7.867755e+01
      vertex   -4.710288e+00 -5.201083e+01 7.881662e+01
    endloop
  endfacet
  facet normal -8.427056e-01 -5.013938e-01 -1.960904e-01
    outer loop
      vertex   -4.710288e+00 -5.201083e+01 7.881662e+01
      vertex   -4.847911e+00 -5.172513e+01 7.867755e+01
      vertex   -4.685277e+00 -5.190585e+01 7.844070e+01
    endloop
  endfacet
  facet normal -8.178705e-01 -5.377965e-01 -2.046040e-01
    outer loop
      vertex   -4.710288e+00 -5.201083e+01 7.881662e+01
      vertex   -4.685277e+00 -5.190585e+01 7.844070e+01
      vertex   -4.545615e+00 -5.217299e+01 7.858460e+01
    endloop
  endfacet
  facet normal -7.840236e-01 -5.572217e-01 -2.735157e-01
    outer loop
      vertex   -4.545615e+00 -5.217299e+01 7.858460e+01
      vertex   -4.685277e+00 -5.190585e+01 7.844070e+01
      vertex   -4.491701e+00 -5.206653e+01 7.821318e+01
    endloop
  endfacet
  facet normal -7.583241e-01 -5.891808e-01 -2.789454e-01
    outer loop
      vertex   -4.545615e+00 -5.217299e+01 7.858460e+01
      vertex   -4.491701e+00 -5.206653e+01 7.821318e+01
      vertex   -4.353173e+00 -5.231485e+01 7.836108e+01
    endloop
  endfacet
  facet normal -6.926579e-01 -6.128891e-01 -3.802525e-01
    outer loop
      vertex   -4.353173e+00 -5.231485e+01 7.836108e+01
      vertex   -4.491701e+00 -5.206653e+01 7.821318e+01
      vertex   -4.114871e+00 -5.227952e+01 7.787004e+01
    endloop
  endfacet
  facet normal -6.624461e-01 -6.522494e-01 -3.684235e-01
    outer loop
      vertex   -4.353173e+00 -5.231485e+01 7.836108e+01
      vertex   -4.114871e+00 -5.227952e+01 7.787004e+01
      vertex   -3.984664e+00 -5.249758e+01 7.802198e+01
    endloop
  endfacet
  facet normal -5.755573e-01 -6.701757e-01 -4.686132e-01
    outer loop
      vertex   -3.984664e+00 -5.249758e+01 7.802198e+01
      vertex   -4.114871e+00 -5.227952e+01 7.787004e+01
      vertex   -3.823441e+00 -5.238537e+01 7.766349e+01
    endloop
  endfacet
  facet normal -5.521900e-01 -6.920344e-01 -4.649458e-01
    outer loop
      vertex   -3.984664e+00 -5.249758e+01 7.802198e+01
      vertex   -3.823441e+00 -5.238537e+01 7.766349e+01
      vertex   -3.702931e+00 -5.258399e+01 7.781599e+01
    endloop
  endfacet
  facet normal -4.754190e-01 -6.988166e-01 -5.344456e-01
    outer loop
      vertex   -3.702931e+00 -5.258399e+01 7.781599e+01
      vertex   -3.823441e+00 -5.238537e+01 7.766349e+01
      vertex   -3.507599e+00 -5.245984e+01 7.747990e+01
    endloop
  endfacet
  facet normal -4.549505e-01 -7.163464e-01 -5.290254e-01
    outer loop
      vertex   -3.702931e+00 -5.258399e+01 7.781599e+01
      vertex   -3.507599e+00 -5.245984e+01 7.747990e+01
      vertex   -3.399473e+00 -5.264013e+01 7.763105e+01
    endloop
  endfacet
  facet normal -3.254688e-01 -7.705450e-01 -5.480242e-01
    outer loop
      vertex   -2.877036e+00 -5.295197e+01 7.772991e+01
      vertex   -3.254950e+00 -5.295761e+01 7.796228e+01
      vertex   -3.265348e+00 -5.282543e+01 7.778260e+01
    endloop
  endfacet
  facet normal -4.274229e-01 -7.398529e-01 -5.195453e-01
    outer loop
      vertex   -3.265348e+00 -5.282543e+01 7.778260e+01
      vertex   -3.254950e+00 -5.295761e+01 7.796228e+01
      vertex   -3.552561e+00 -5.279042e+01 7.796904e+01
    endloop
  endfacet
  facet normal -4.287378e-01 -7.373282e-01 -5.220451e-01
    outer loop
      vertex   -3.265348e+00 -5.282543e+01 7.778260e+01
      vertex   -3.552561e+00 -5.279042e+01 7.796904e+01
      vertex   -3.399473e+00 -5.264013e+01 7.763105e+01
    endloop
  endfacet
  facet normal -4.534498e-01 -7.198942e-01 -5.254861e-01
    outer loop
      vertex   -3.399473e+00 -5.264013e+01 7.763105e+01
      vertex   -3.552561e+00 -5.279042e+01 7.796904e+01
      vertex   -3.702931e+00 -5.258399e+01 7.781599e+01
    endloop
  endfacet
  facet normal -4.425646e-01 -7.691723e-01 -4.609886e-01
    outer loop
      vertex   -3.254950e+00 -5.295761e+01 7.796228e+01
      vertex   -3.607374e+00 -5.291399e+01 7.822785e+01
      vertex   -3.552561e+00 -5.279042e+01 7.796904e+01
    endloop
  endfacet
  facet normal -5.198409e-01 -7.228566e-01 -4.552404e-01
    outer loop
      vertex   -3.552561e+00 -5.279042e+01 7.796904e+01
      vertex   -3.607374e+00 -5.291399e+01 7.822785e+01
      vertex   -3.821084e+00 -5.272663e+01 7.817438e+01
    endloop
  endfacet
  facet normal -5.214813e-01 -7.196910e-01 -4.583690e-01
    outer loop
      vertex   -3.552561e+00 -5.279042e+01 7.796904e+01
      vertex   -3.821084e+00 -5.272663e+01 7.817438e+01
      vertex   -3.702931e+00 -5.258399e+01 7.781599e+01
    endloop
  endfacet
  facet normal -5.496759e-01 -6.979676e-01 -4.590181e-01
    outer loop
      vertex   -3.702931e+00 -5.258399e+01 7.781599e+01
      vertex   -3.821084e+00 -5.272663e+01 7.817438e+01
      vertex   -3.984664e+00 -5.249758e+01 7.802198e+01
    endloop
  endfacet
  facet normal -5.582109e-01 -7.424187e-01 -3.704256e-01
    outer loop
      vertex   -3.607374e+00 -5.291399e+01 7.822785e+01
      vertex   -3.926054e+00 -5.282094e+01 7.852158e+01
      vertex   -3.821084e+00 -5.272663e+01 7.817438e+01
    endloop
  endfacet
  facet normal -6.329246e-01 -6.771729e-01 -3.752910e-01
    outer loop
      vertex   -3.821084e+00 -5.272663e+01 7.817438e+01
      vertex   -3.926054e+00 -5.282094e+01 7.852158e+01
      vertex   -4.176863e+00 -5.257954e+01 7.850898e+01
    endloop
  endfacet
  facet normal -6.267257e-01 -6.893410e-01 -3.633507e-01
    outer loop
      vertex   -3.821084e+00 -5.272663e+01 7.817438e+01
      vertex   -4.176863e+00 -5.257954e+01 7.850898e+01
      vertex   -3.984664e+00 -5.249758e+01 7.802198e+01
    endloop
  endfacet
  facet normal -6.636251e-01 -6.494690e-01 -3.712030e-01
    outer loop
      vertex   -3.984664e+00 -5.249758e+01 7.802198e+01
      vertex   -4.176863e+00 -5.257954e+01 7.850898e+01
      vertex   -4.353173e+00 -5.231485e+01 7.836108e+01
    endloop
  endfacet
  facet normal -6.607973e-01 -7.005980e-01 -2.692757e-01
    outer loop
      vertex   -3.926054e+00 -5.282094e+01 7.852158e+01
      vertex   -4.204026e+00 -5.268015e+01 7.883742e+01
      vertex   -4.176863e+00 -5.257954e+01 7.850898e+01
    endloop
  endfacet
  facet normal -7.118506e-01 -6.528783e-01 -2.588794e-01
    outer loop
      vertex   -4.176863e+00 -5.257954e+01 7.850898e+01
      vertex   -4.204026e+00 -5.268015e+01 7.883742e+01
      vertex   -4.366022e+00 -5.246015e+01 7.872804e+01
    endloop
  endfacet
  facet normal -7.212273e-01 -6.350333e-01 -2.767018e-01
    outer loop
      vertex   -4.176863e+00 -5.257954e+01 7.850898e+01
      vertex   -4.366022e+00 -5.246015e+01 7.872804e+01
      vertex   -4.353173e+00 -5.231485e+01 7.836108e+01
    endloop
  endfacet
  facet normal -7.524193e-01 -6.029808e-01 -2.651026e-01
    outer loop
      vertex   -4.353173e+00 -5.231485e+01 7.836108e+01
      vertex   -4.366022e+00 -5.246015e+01 7.872804e+01
      vertex   -4.545615e+00 -5.217299e+01 7.858460e+01
    endloop
  endfacet
  facet normal -7.510313e-01 -6.378440e-01 -1.706078e-01
    outer loop
      vertex   -4.204026e+00 -5.268015e+01 7.883742e+01
      vertex   -4.435876e+00 -5.249558e+01 7.916798e+01
      vertex   -4.366022e+00 -5.246015e+01 7.872804e+01
    endloop
  endfacet
  facet normal -7.629502e-01 -6.233395e-01 -1.713324e-01
    outer loop
      vertex   -4.366022e+00 -5.246015e+01 7.872804e+01
      vertex   -4.435876e+00 -5.249558e+01 7.916798e+01
      vertex   -4.531055e+00 -5.232045e+01 7.895468e+01
    endloop
  endfacet
  facet normal -7.807278e-01 -5.904413e-01 -2.045560e-01
    outer loop
      vertex   -4.366022e+00 -5.246015e+01 7.872804e+01
      vertex   -4.531055e+00 -5.232045e+01 7.895468e+01
      vertex   -4.545615e+00 -5.217299e+01 7.858460e+01
    endloop
  endfacet
  facet normal -8.110840e-01 -5.536549e-01 -1.887034e-01
    outer loop
      vertex   -4.545615e+00 -5.217299e+01 7.858460e+01
      vertex   -4.531055e+00 -5.232045e+01 7.895468e+01
      vertex   -4.710288e+00 -5.201083e+01 7.881662e+01
    endloop
  endfacet
  facet normal -8.166922e-01 -5.680023e-01 -1.019178e-01
    outer loop
      vertex   -4.531055e+00 -5.232045e+01 7.895468e+01
      vertex   -4.435876e+00 -5.249558e+01 7.916798e+01
      vertex   -4.670141e+00 -5.216204e+01 7.918634e+01
    endloop
  endfacet
  facet normal -8.184539e-01 -5.716828e-01 -5.755005e-02
    outer loop
      vertex   -4.670141e+00 -5.216204e+01 7.918634e+01
      vertex   -4.435876e+00 -5.249558e+01 7.916798e+01
      vertex   -4.616285e+00 -5.227131e+01 7.950583e+01
    endloop
  endfacet
  facet normal -8.578731e-01 -5.129369e-01 -3.081377e-02
    outer loop
      vertex   -4.670141e+00 -5.216204e+01 7.918634e+01
      vertex   -4.616285e+00 -5.227131e+01 7.950583e+01
      vertex   -4.759637e+00 -5.202722e+01 7.943364e+01
    endloop
  endfacet
  facet normal -8.815820e-01 -4.676615e-01 -6.407769e-02
    outer loop
      vertex   -4.759637e+00 -5.202722e+01 7.943364e+01
      vertex   -4.869279e+00 -5.181044e+01 7.936002e+01
      vertex   -4.670141e+00 -5.216204e+01 7.918634e+01
    endloop
  endfacet
  facet normal -8.774117e-01 -4.782404e-01 -3.787909e-02
    outer loop
      vertex   -4.670141e+00 -5.216204e+01 7.918634e+01
      vertex   -4.869279e+00 -5.181044e+01 7.936002e+01
      vertex   -4.845204e+00 -5.183040e+01 7.905426e+01
    endloop
  endfacet
  facet normal -8.601621e-01 -4.979605e-01 -1.102562e-01
    outer loop
      vertex   -4.670141e+00 -5.216204e+01 7.918634e+01
      vertex   -4.845204e+00 -5.183040e+01 7.905426e+01
      vertex   -4.710288e+00 -5.201083e+01 7.881662e+01
    endloop
  endfacet
  facet normal -9.144349e-01 -4.021379e-01 -4.576001e-02
    outer loop
      vertex   -4.869279e+00 -5.181044e+01 7.936002e+01
      vertex   -5.034142e+00 -5.141848e+01 7.920992e+01
      vertex   -4.845204e+00 -5.183040e+01 7.905426e+01
    endloop
  endfacet
  facet normal -9.608511e-01 -2.669332e-01 -7.424224e-02
    outer loop
      vertex   -5.101457e+00 -5.117403e+01 7.875324e+01
      vertex   -5.238844e+00 -5.072153e+01 7.890438e+01
      vertex   -5.276508e+00 -5.043999e+01 7.837958e+01
    endloop
  endfacet
  facet normal -9.848823e-01 -1.718823e-01 -2.152607e-02
    outer loop
      vertex   -5.276508e+00 -5.043999e+01 7.837958e+01
      vertex   -5.238844e+00 -5.072153e+01 7.890438e+01
      vertex   -5.344788e+00 -5.007570e+01 7.859478e+01
    endloop
  endfacet
  facet normal -9.865031e-01 -1.565508e-01 -4.799458e-02
    outer loop
      vertex   -5.276508e+00 -5.043999e+01 7.837958e+01
      vertex   -5.344788e+00 -5.007570e+01 7.859478e+01
      vertex   -5.323734e+00 -5.008462e+01 7.819113e+01
    endloop
  endfacet
  facet normal -9.959224e-01 -7.489674e-02 -5.029049e-02
    outer loop
      vertex   -5.323734e+00 -5.008462e+01 7.819113e+01
      vertex   -5.344788e+00 -5.007570e+01 7.859478e+01
      vertex   -5.376122e+00 -4.944961e+01 7.828287e+01
    endloop
  endfacet
  facet normal -9.951743e-01 -7.255720e-02 -6.605796e-02
    outer loop
      vertex   -5.323734e+00 -5.008462e+01 7.819113e+01
      vertex   -5.376122e+00 -4.944961e+01 7.828287e+01
      vertex   -5.318478e+00 -4.986349e+01 7.786905e+01
    endloop
  endfacet
  facet normal -9.712148e-01 -1.886835e-01 -1.453969e-01
    outer loop
      vertex   -5.323734e+00 -5.008462e+01 7.819113e+01
      vertex   -5.318478e+00 -4.986349e+01 7.786905e+01
      vertex   -5.232191e+00 -5.034838e+01 7.792193e+01
    endloop
  endfacet
  facet normal -9.568166e-01 -1.938844e-01 -2.165890e-01
    outer loop
      vertex   -5.232191e+00 -5.034838e+01 7.792193e+01
      vertex   -5.318478e+00 -4.986349e+01 7.786905e+01
      vertex   -5.147761e+00 -5.026147e+01 7.747114e+01
    endloop
  endfacet
  facet normal -9.332012e-01 -2.775220e-01 -2.282917e-01
    outer loop
      vertex   -5.232191e+00 -5.034838e+01 7.792193e+01
      vertex   -5.147761e+00 -5.026147e+01 7.747114e+01
      vertex   -5.093612e+00 -5.060029e+01 7.766169e+01
    endloop
  endfacet
  facet normal -8.819123e-01 -3.301681e-01 -3.364813e-01
    outer loop
      vertex   -5.093612e+00 -5.060029e+01 7.766169e+01
      vertex   -5.147761e+00 -5.026147e+01 7.747114e+01
      vertex   -4.870531e+00 -5.062825e+01 7.710442e+01
    endloop
  endfacet
  facet normal -3.024643e-01 -6.804562e-01 -6.674539e-01
    outer loop
      vertex   -3.463997e+00 -5.163622e+01 7.652694e+01
      vertex   -3.524172e+00 -5.140962e+01 7.632319e+01
      vertex   -3.058548e+00 -5.171498e+01 7.642350e+01
    endloop
  endfacet
  facet normal -2.902617e-01 -6.677614e-01 -6.854509e-01
    outer loop
      vertex   -3.058548e+00 -5.171498e+01 7.642350e+01
      vertex   -3.524172e+00 -5.140962e+01 7.632319e+01
      vertex   -2.961393e+00 -5.153034e+01 7.620248e+01
    endloop
  endfacet
  facet normal -1.777372e-01 -7.153714e-01 -6.757612e-01
    outer loop
      vertex   -3.058548e+00 -5.171498e+01 7.642350e+01
      vertex   -2.961393e+00 -5.153034e+01 7.620248e+01
      vertex   -2.717152e+00 -5.174849e+01 7.636918e+01
    endloop
  endfacet
  facet normal -9.791733e-02 -6.711443e-01 -7.348316e-01
    outer loop
      vertex   -2.717152e+00 -5.174849e+01 7.636918e+01
      vertex   -2.961393e+00 -5.153034e+01 7.620248e+01
      vertex   -2.376122e+00 -5.157111e+01 7.616173e+01
    endloop
  endfacet
  facet normal -6.040799e-02 -7.074295e-01 -7.041977e-01
    outer loop
      vertex   -2.717152e+00 -5.174849e+01 7.636918e+01
      vertex   -2.376122e+00 -5.157111e+01 7.616173e+01
      vertex   -2.360056e+00 -5.188296e+01 7.647364e+01
    endloop
  endfacet
  facet normal -5.977661e-02 -7.065106e-01 -7.051734e-01
    outer loop
      vertex   -2.717152e+00 -5.174849e+01 7.636918e+01
      vertex   -2.360056e+00 -5.188296e+01 7.647364e+01
      vertex   -2.689868e+00 -5.194100e+01 7.655974e+01
    endloop
  endfacet
  facet normal -5.798118e-02 -7.106891e-01 -7.011128e-01
    outer loop
      vertex   -2.689868e+00 -5.194100e+01 7.655974e+01
      vertex   -2.360056e+00 -5.188296e+01 7.647364e+01
      vertex   -2.309565e+00 -5.219252e+01 7.678324e+01
    endloop
  endfacet
  facet normal -5.614527e-02 -7.092970e-01 -7.026702e-01
    outer loop
      vertex   -2.689868e+00 -5.194100e+01 7.655974e+01
      vertex   -2.309565e+00 -5.219252e+01 7.678324e+01
      vertex   -2.594713e+00 -5.232311e+01 7.693785e+01
    endloop
  endfacet
  facet normal -5.342139e-02 -7.121154e-01 -7.000270e-01
    outer loop
      vertex   -2.594713e+00 -5.232311e+01 7.693785e+01
      vertex   -2.309565e+00 -5.219252e+01 7.678324e+01
      vertex   -2.564802e+00 -5.240891e+01 7.702285e+01
    endloop
  endfacet
  facet normal -1.544737e-01 -7.219917e-01 -6.744374e-01
    outer loop
      vertex   -2.594713e+00 -5.232311e+01 7.693785e+01
      vertex   -2.564802e+00 -5.240891e+01 7.702285e+01
      vertex   -2.864269e+00 -5.241974e+01 7.710304e+01
    endloop
  endfacet
  facet normal -1.549954e-01 -7.202726e-01 -6.761537e-01
    outer loop
      vertex   -2.864269e+00 -5.241974e+01 7.710304e+01
      vertex   -2.564802e+00 -5.240891e+01 7.702285e+01
      vertex   -2.823124e+00 -5.251165e+01 7.719151e+01
    endloop
  endfacet
  facet normal -2.569226e-01 -7.274658e-01 -6.362266e-01
    outer loop
      vertex   -2.864269e+00 -5.241974e+01 7.710304e+01
      vertex   -2.823124e+00 -5.251165e+01 7.719151e+01
      vertex   -3.172456e+00 -5.250217e+01 7.732174e+01
    endloop
  endfacet
  facet normal -2.577471e-01 -7.250799e-01 -6.386122e-01
    outer loop
      vertex   -3.172456e+00 -5.250217e+01 7.732174e+01
      vertex   -2.823124e+00 -5.251165e+01 7.719151e+01
      vertex   -3.078854e+00 -5.266558e+01 7.746950e+01
    endloop
  endfacet
  facet normal -5.084691e-02 -7.136418e-01 -6.986630e-01
    outer loop
      vertex   -2.309565e+00 -5.219252e+01 7.678324e+01
      vertex   -2.220285e+00 -5.249801e+01 7.708878e+01
      vertex   -2.564802e+00 -5.240891e+01 7.702285e+01
    endloop
  endfacet
  facet normal -5.045866e-02 -7.127982e-01 -6.995518e-01
    outer loop
      vertex   -2.564802e+00 -5.240891e+01 7.702285e+01
      vertex   -2.220285e+00 -5.249801e+01 7.708878e+01
      vertex   -2.531100e+00 -5.249454e+01 7.710768e+01
    endloop
  endfacet
  facet normal -1.504841e-01 -7.249907e-01 -6.721183e-01
    outer loop
      vertex   -2.564802e+00 -5.240891e+01 7.702285e+01
      vertex   -2.531100e+00 -5.249454e+01 7.710768e+01
      vertex   -2.823124e+00 -5.251165e+01 7.719151e+01
    endloop
  endfacet
  facet normal -1.507677e-01 -7.241702e-01 -6.729388e-01
    outer loop
      vertex   -2.823124e+00 -5.251165e+01 7.719151e+01
      vertex   -2.531100e+00 -5.249454e+01 7.710768e+01
      vertex   -2.745636e+00 -5.265991e+01 7.733370e+01
    endloop
  endfacet
  facet normal -2.452526e-01 -7.347371e-01 -6.324654e-01
    outer loop
      vertex   -2.823124e+00 -5.251165e+01 7.719151e+01
      vertex   -2.745636e+00 -5.265991e+01 7.733370e+01
      vertex   -3.078854e+00 -5.266558e+01 7.746950e+01
    endloop
  endfacet
  facet normal -2.454161e-01 -7.343510e-01 -6.328504e-01
    outer loop
      vertex   -3.078854e+00 -5.266558e+01 7.746950e+01
      vertex   -2.745636e+00 -5.265991e+01 7.733370e+01
      vertex   -2.963380e+00 -5.283153e+01 7.761729e+01
    endloop
  endfacet
  facet normal -8.317571e-01 -5.396131e-01 -1.303756e-01
    outer loop
      vertex   -4.710288e+00 -5.201083e+01 7.881662e+01
      vertex   -4.531055e+00 -5.232045e+01 7.895468e+01
      vertex   -4.670141e+00 -5.216204e+01 7.918634e+01
    endloop
  endfacet
  facet normal -2.301470e-01 -7.441826e-01 -6.270762e-01
    outer loop
      vertex   -2.963380e+00 -5.283153e+01 7.761729e+01
      vertex   -2.745636e+00 -5.265991e+01 7.733370e+01
      vertex   -2.650592e+00 -5.280861e+01 7.747528e+01
    endloop
  endfacet
  facet normal -1.434973e-01 -7.290025e-01 -6.693010e-01
    outer loop
      vertex   -2.650592e+00 -5.280861e+01 7.747528e+01
      vertex   -2.745636e+00 -5.265991e+01 7.733370e+01
      vertex   -2.467560e+00 -5.263194e+01 7.724361e+01
    endloop
  endfacet
  facet normal -1.345998e-01 -7.337830e-01 -6.659170e-01
    outer loop
      vertex   -2.650592e+00 -5.280861e+01 7.747528e+01
      vertex   -2.467560e+00 -5.263194e+01 7.724361e+01
      vertex   -2.390070e+00 -5.276831e+01 7.737821e+01
    endloop
  endfacet
  facet normal -4.876097e-02 -7.155479e-01 -6.968598e-01
    outer loop
      vertex   -2.390070e+00 -5.276831e+01 7.737821e+01
      vertex   -2.467560e+00 -5.263194e+01 7.724361e+01
      vertex   -2.220285e+00 -5.249801e+01 7.708878e+01
    endloop
  endfacet
  facet normal -5.039227e-02 -7.141080e-01 -6.982195e-01
    outer loop
      vertex   -2.531100e+00 -5.249454e+01 7.710768e+01
      vertex   -2.220285e+00 -5.249801e+01 7.708878e+01
      vertex   -2.467560e+00 -5.263194e+01 7.724361e+01
    endloop
  endfacet
  facet normal -1.435843e-01 -7.287973e-01 -6.695058e-01
    outer loop
      vertex   -2.531100e+00 -5.249454e+01 7.710768e+01
      vertex   -2.467560e+00 -5.263194e+01 7.724361e+01
      vertex   -2.745636e+00 -5.265991e+01 7.733370e+01
    endloop
  endfacet
  facet normal -8.928517e-01 -4.334077e-01 -1.223665e-01
    outer loop
      vertex   -4.847911e+00 -5.172513e+01 7.867755e+01
      vertex   -4.977487e+00 -5.152681e+01 7.892056e+01
      vertex   -4.918234e+00 -5.155579e+01 7.859087e+01
    endloop
  endfacet
  facet normal -9.084291e-01 -3.978672e-01 -1.282900e-01
    outer loop
      vertex   -4.918234e+00 -5.155579e+01 7.859087e+01
      vertex   -4.977487e+00 -5.152681e+01 7.892056e+01
      vertex   -5.044095e+00 -5.134779e+01 7.883703e+01
    endloop
  endfacet
  facet normal -9.070622e-01 -4.023926e-01 -1.237674e-01
    outer loop
      vertex   -4.918234e+00 -5.155579e+01 7.859087e+01
      vertex   -5.044095e+00 -5.134779e+01 7.883703e+01
      vertex   -4.979533e+00 -5.139089e+01 7.850401e+01
    endloop
  endfacet
  facet normal -8.445657e-01 -4.961422e-01 -2.013747e-01
    outer loop
      vertex   -4.685277e+00 -5.190585e+01 7.844070e+01
      vertex   -4.847911e+00 -5.172513e+01 7.867755e+01
      vertex   -4.757439e+00 -5.174668e+01 7.835119e+01
    endloop
  endfacet
  facet normal -8.610268e-01 -4.640532e-01 -2.080565e-01
    outer loop
      vertex   -4.757439e+00 -5.174668e+01 7.835119e+01
      vertex   -4.847911e+00 -5.172513e+01 7.867755e+01
      vertex   -4.918234e+00 -5.155579e+01 7.859087e+01
    endloop
  endfacet
  facet normal -8.597263e-01 -4.683500e-01 -2.037619e-01
    outer loop
      vertex   -4.757439e+00 -5.174668e+01 7.835119e+01
      vertex   -4.918234e+00 -5.155579e+01 7.859087e+01
      vertex   -4.820904e+00 -5.159120e+01 7.826159e+01
    endloop
  endfacet
  facet normal -8.744747e-01 -4.365121e-01 -2.115449e-01
    outer loop
      vertex   -4.820904e+00 -5.159120e+01 7.826159e+01
      vertex   -4.918234e+00 -5.155579e+01 7.859087e+01
      vertex   -4.979533e+00 -5.139089e+01 7.850401e+01
    endloop
  endfacet
  facet normal -8.798256e-01 -4.138190e-01 -2.337963e-01
    outer loop
      vertex   -4.820904e+00 -5.159120e+01 7.826159e+01
      vertex   -4.979533e+00 -5.139089e+01 7.850401e+01
      vertex   -5.027682e+00 -5.092630e+01 7.786288e+01
    endloop
  endfacet
  facet normal -7.855549e-01 -5.528900e-01 -2.778778e-01
    outer loop
      vertex   -4.491701e+00 -5.206653e+01 7.821318e+01
      vertex   -4.685277e+00 -5.190585e+01 7.844070e+01
      vertex   -4.563892e+00 -5.191779e+01 7.812132e+01
    endloop
  endfacet
  facet normal -8.023557e-01 -5.242222e-01 -2.853356e-01
    outer loop
      vertex   -4.563892e+00 -5.191779e+01 7.812132e+01
      vertex   -4.685277e+00 -5.190585e+01 7.844070e+01
      vertex   -4.757439e+00 -5.174668e+01 7.835119e+01
    endloop
  endfacet
  facet normal -8.010745e-01 -5.284463e-01 -2.811123e-01
    outer loop
      vertex   -4.563892e+00 -5.191779e+01 7.812132e+01
      vertex   -4.757439e+00 -5.174668e+01 7.835119e+01
      vertex   -4.627803e+00 -5.177204e+01 7.802945e+01
    endloop
  endfacet
  facet normal -8.162289e-01 -4.999820e-01 -2.894622e-01
    outer loop
      vertex   -4.627803e+00 -5.177204e+01 7.802945e+01
      vertex   -4.757439e+00 -5.174668e+01 7.835119e+01
      vertex   -4.820904e+00 -5.159120e+01 7.826159e+01
    endloop
  endfacet
  facet normal -8.211572e-01 -4.794566e-01 -3.095517e-01
    outer loop
      vertex   -4.627803e+00 -5.177204e+01 7.802945e+01
      vertex   -4.820904e+00 -5.159120e+01 7.826159e+01
      vertex   -4.839938e+00 -5.114505e+01 7.762106e+01
    endloop
  endfacet
  facet normal -8.586044e-01 -4.322709e-01 -2.755727e-01
    outer loop
      vertex   -4.839938e+00 -5.114505e+01 7.762106e+01
      vertex   -4.820904e+00 -5.159120e+01 7.826159e+01
      vertex   -5.027682e+00 -5.092630e+01 7.786288e+01
    endloop
  endfacet
  facet normal -8.629791e-01 -4.012414e-01 -3.070381e-01
    outer loop
      vertex   -4.839938e+00 -5.114505e+01 7.762106e+01
      vertex   -5.027682e+00 -5.092630e+01 7.786288e+01
      vertex   -4.910330e+00 -5.083595e+01 7.741496e+01
    endloop
  endfacet
  facet normal -6.891312e-01 -6.229901e-01 -3.701100e-01
    outer loop
      vertex   -4.114871e+00 -5.227952e+01 7.787004e+01
      vertex   -4.491701e+00 -5.206653e+01 7.821318e+01
      vertex   -4.183397e+00 -5.214774e+01 7.777583e+01
    endloop
  endfacet
  facet normal -7.095093e-01 -5.860493e-01 -3.913346e-01
    outer loop
      vertex   -4.183397e+00 -5.214774e+01 7.777583e+01
      vertex   -4.491701e+00 -5.206653e+01 7.821318e+01
      vertex   -4.563892e+00 -5.191779e+01 7.812132e+01
    endloop
  endfacet
  facet normal -7.044047e-01 -6.030090e-01 -3.744252e-01
    outer loop
      vertex   -4.183397e+00 -5.214774e+01 7.777583e+01
      vertex   -4.563892e+00 -5.191779e+01 7.812132e+01
      vertex   -4.244483e+00 -5.201793e+01 7.768169e+01
    endloop
  endfacet
  facet normal -7.226730e-01 -5.664942e-01 -3.960153e-01
    outer loop
      vertex   -4.244483e+00 -5.201793e+01 7.768169e+01
      vertex   -4.563892e+00 -5.191779e+01 7.812132e+01
      vertex   -4.627803e+00 -5.177204e+01 7.802945e+01
    endloop
  endfacet
  facet normal -7.238294e-01 -5.617357e-01 -4.006546e-01
    outer loop
      vertex   -4.244483e+00 -5.201793e+01 7.768169e+01
      vertex   -4.627803e+00 -5.177204e+01 7.802945e+01
      vertex   -4.450669e+00 -5.145427e+01 7.726391e+01
    endloop
  endfacet
  facet normal -7.649500e-01 -5.127257e-01 -3.898255e-01
    outer loop
      vertex   -4.450669e+00 -5.145427e+01 7.726391e+01
      vertex   -4.627803e+00 -5.177204e+01 7.802945e+01
      vertex   -4.839938e+00 -5.114505e+01 7.762106e+01
    endloop
  endfacet
  facet normal -7.669154e-01 -4.981387e-01 -4.045968e-01
    outer loop
      vertex   -4.450669e+00 -5.145427e+01 7.726391e+01
      vertex   -4.839938e+00 -5.114505e+01 7.762106e+01
      vertex   -4.521345e+00 -5.117424e+01 7.705311e+01
    endloop
  endfacet
  facet normal -7.855523e-01 -4.570361e-01 -4.171638e-01
    outer loop
      vertex   -4.521345e+00 -5.117424e+01 7.705311e+01
      vertex   -4.839938e+00 -5.114505e+01 7.762106e+01
      vertex   -4.910330e+00 -5.083595e+01 7.741496e+01
    endloop
  endfacet
  facet normal -4.750269e-01 -6.999483e-01 -5.333122e-01
    outer loop
      vertex   -3.564913e+00 -5.234952e+01 7.738616e+01
      vertex   -3.507599e+00 -5.245984e+01 7.747990e+01
      vertex   -3.823441e+00 -5.238537e+01 7.766349e+01
    endloop
  endfacet
  facet normal -5.755109e-01 -6.703092e-01 -4.684792e-01
    outer loop
      vertex   -3.823441e+00 -5.238537e+01 7.766349e+01
      vertex   -4.114871e+00 -5.227952e+01 7.787004e+01
      vertex   -3.887137e+00 -5.226462e+01 7.756896e+01
    endloop
  endfacet
  facet normal -5.906070e-01 -6.495137e-01 -4.788688e-01
    outer loop
      vertex   -3.887137e+00 -5.226462e+01 7.756896e+01
      vertex   -4.114871e+00 -5.227952e+01 7.787004e+01
      vertex   -4.183397e+00 -5.214774e+01 7.777583e+01
    endloop
  endfacet
  facet normal -5.889207e-01 -6.551072e-01 -4.732937e-01
    outer loop
      vertex   -3.887137e+00 -5.226462e+01 7.756896e+01
      vertex   -4.183397e+00 -5.214774e+01 7.777583e+01
      vertex   -3.944055e+00 -5.214523e+01 7.747453e+01
    endloop
  endfacet
  facet normal -6.025901e-01 -6.345452e-01 -4.839809e-01
    outer loop
      vertex   -3.944055e+00 -5.214523e+01 7.747453e+01
      vertex   -4.183397e+00 -5.214774e+01 7.777583e+01
      vertex   -4.244483e+00 -5.201793e+01 7.768169e+01
    endloop
  endfacet
  facet normal -6.056955e-01 -6.220649e-01 -4.961535e-01
    outer loop
      vertex   -3.944055e+00 -5.214523e+01 7.747453e+01
      vertex   -4.244483e+00 -5.201793e+01 7.768169e+01
      vertex   -4.136747e+00 -5.162365e+01 7.705583e+01
    endloop
  endfacet
  facet normal -6.418916e-01 -5.941119e-01 -4.847744e-01
    outer loop
      vertex   -4.136747e+00 -5.162365e+01 7.705583e+01
      vertex   -4.244483e+00 -5.201793e+01 7.768169e+01
      vertex   -4.450669e+00 -5.145427e+01 7.726391e+01
    endloop
  endfacet
  facet normal -6.445050e-01 -5.740706e-01 -5.050309e-01
    outer loop
      vertex   -4.136747e+00 -5.162365e+01 7.705583e+01
      vertex   -4.450669e+00 -5.145427e+01 7.726391e+01
      vertex   -4.203042e+00 -5.136342e+01 7.684463e+01
    endloop
  endfacet
  facet normal -6.610883e-01 -5.505754e-01 -5.097342e-01
    outer loop
      vertex   -4.203042e+00 -5.136342e+01 7.684463e+01
      vertex   -4.450669e+00 -5.145427e+01 7.726391e+01
      vertex   -4.521345e+00 -5.117424e+01 7.705311e+01
    endloop
  endfacet
  facet normal -2.649449e-01 -7.177871e-01 -6.438834e-01
    outer loop
      vertex   -2.864269e+00 -5.241974e+01 7.710304e+01
      vertex   -3.172456e+00 -5.250217e+01 7.732174e+01
      vertex   -3.222149e+00 -5.240153e+01 7.723000e+01
    endloop
  endfacet
  facet normal -9.539548e-01 -2.809607e-01 -1.050298e-01
    outer loop
      vertex   -5.101457e+00 -5.117403e+01 7.875324e+01
      vertex   -5.276508e+00 -5.043999e+01 7.837958e+01
      vertex   -5.173983e+00 -5.068998e+01 7.811712e+01
    endloop
  endfacet
  facet normal -9.592240e-01 -2.444879e-01 -1.418274e-01
    outer loop
      vertex   -5.173983e+00 -5.068998e+01 7.811712e+01
      vertex   -5.276508e+00 -5.043999e+01 7.837958e+01
      vertex   -5.232191e+00 -5.034838e+01 7.792193e+01
    endloop
  endfacet
  facet normal -9.327426e-01 -2.850679e-01 -2.207432e-01
    outer loop
      vertex   -5.173983e+00 -5.068998e+01 7.811712e+01
      vertex   -5.232191e+00 -5.034838e+01 7.792193e+01
      vertex   -5.093612e+00 -5.060029e+01 7.766169e+01
    endloop
  endfacet
  facet normal -9.705728e-01 -2.000592e-01 -1.340328e-01
    outer loop
      vertex   -5.323734e+00 -5.008462e+01 7.819113e+01
      vertex   -5.232191e+00 -5.034838e+01 7.792193e+01
      vertex   -5.276508e+00 -5.043999e+01 7.837958e+01
    endloop
  endfacet
  facet normal -5.330512e-01 -6.406150e-01 -5.526924e-01
    outer loop
      vertex   -4.136747e+00 -5.162365e+01 7.705583e+01
      vertex   -3.789140e+00 -5.175906e+01 7.687752e+01
      vertex   -3.944055e+00 -5.214523e+01 7.747453e+01
    endloop
  endfacet
  facet normal -5.010410e-01 -6.615628e-01 -5.579360e-01
    outer loop
      vertex   -3.944055e+00 -5.214523e+01 7.747453e+01
      vertex   -3.789140e+00 -5.175906e+01 7.687752e+01
      vertex   -3.616171e+00 -5.224006e+01 7.729253e+01
    endloop
  endfacet
  facet normal -4.985576e-01 -6.713859e-01 -5.483441e-01
    outer loop
      vertex   -3.944055e+00 -5.214523e+01 7.747453e+01
      vertex   -3.616171e+00 -5.224006e+01 7.729253e+01
      vertex   -3.887137e+00 -5.226462e+01 7.756896e+01
    endloop
  endfacet
  facet normal -4.866162e-01 -6.881993e-01 -5.381323e-01
    outer loop
      vertex   -3.887137e+00 -5.226462e+01 7.756896e+01
      vertex   -3.616171e+00 -5.224006e+01 7.729253e+01
      vertex   -3.564913e+00 -5.234952e+01 7.738616e+01
    endloop
  endfacet
  facet normal -4.882109e-01 -6.829107e-01 -5.433995e-01
    outer loop
      vertex   -3.887137e+00 -5.226462e+01 7.756896e+01
      vertex   -3.564913e+00 -5.234952e+01 7.738616e+01
      vertex   -3.823441e+00 -5.238537e+01 7.766349e+01
    endloop
  endfacet
  facet normal -5.498036e-01 -6.063386e-01 -5.745167e-01
    outer loop
      vertex   -4.203042e+00 -5.136342e+01 7.684463e+01
      vertex   -3.848044e+00 -5.151822e+01 7.666827e+01
      vertex   -4.136747e+00 -5.162365e+01 7.705583e+01
    endloop
  endfacet
  facet normal -5.350556e-01 -6.248568e-01 -5.685679e-01
    outer loop
      vertex   -4.136747e+00 -5.162365e+01 7.705583e+01
      vertex   -3.848044e+00 -5.151822e+01 7.666827e+01
      vertex   -3.789140e+00 -5.175906e+01 7.687752e+01
    endloop
  endfacet
  facet normal -2.922051e-01 -6.980391e-01 -6.537260e-01
    outer loop
      vertex   -3.414872e+00 -5.185855e+01 7.673182e+01
      vertex   -3.020968e+00 -5.192016e+01 7.662154e+01
      vertex   -3.266557e+00 -5.230132e+01 7.713831e+01
    endloop
  endfacet
  facet normal -2.721032e-01 -7.080916e-01 -6.515874e-01
    outer loop
      vertex   -3.266557e+00 -5.230132e+01 7.713831e+01
      vertex   -3.020968e+00 -5.192016e+01 7.662154e+01
      vertex   -2.900940e+00 -5.232789e+01 7.701451e+01
    endloop
  endfacet
  facet normal -2.709873e-01 -7.123721e-01 -6.473731e-01
    outer loop
      vertex   -3.266557e+00 -5.230132e+01 7.713831e+01
      vertex   -2.900940e+00 -5.232789e+01 7.701451e+01
      vertex   -3.222149e+00 -5.240153e+01 7.723000e+01
    endloop
  endfacet
  facet normal -2.636936e-01 -7.219196e-01 -6.397638e-01
    outer loop
      vertex   -3.222149e+00 -5.240153e+01 7.723000e+01
      vertex   -2.900940e+00 -5.232789e+01 7.701451e+01
      vertex   -2.864269e+00 -5.241974e+01 7.710304e+01
    endloop
  endfacet
  facet normal -1.722152e-01 -7.093942e-01 -6.834485e-01
    outer loop
      vertex   -3.020968e+00 -5.192016e+01 7.662154e+01
      vertex   -2.689868e+00 -5.194100e+01 7.655974e+01
      vertex   -2.900940e+00 -5.232789e+01 7.701451e+01
    endloop
  endfacet
  facet normal -1.594613e-01 -7.141567e-01 -6.815807e-01
    outer loop
      vertex   -2.900940e+00 -5.232789e+01 7.701451e+01
      vertex   -2.689868e+00 -5.194100e+01 7.655974e+01
      vertex   -2.594713e+00 -5.232311e+01 7.693785e+01
    endloop
  endfacet
  facet normal -1.586357e-01 -7.172885e-01 -6.784777e-01
    outer loop
      vertex   -2.900940e+00 -5.232789e+01 7.701451e+01
      vertex   -2.594713e+00 -5.232311e+01 7.693785e+01
      vertex   -2.864269e+00 -5.241974e+01 7.710304e+01
    endloop
  endfacet
  facet normal -3.024195e-01 -6.812131e-01 -6.667017e-01
    outer loop
      vertex   -3.463997e+00 -5.163622e+01 7.652694e+01
      vertex   -3.058548e+00 -5.171498e+01 7.642350e+01
      vertex   -3.414872e+00 -5.185855e+01 7.673182e+01
    endloop
  endfacet
  facet normal -2.930492e-01 -6.912371e-01 -6.605402e-01
    outer loop
      vertex   -3.414872e+00 -5.185855e+01 7.673182e+01
      vertex   -3.058548e+00 -5.171498e+01 7.642350e+01
      vertex   -3.020968e+00 -5.192016e+01 7.662154e+01
    endloop
  endfacet
  facet normal -1.787163e-01 -7.000509e-01 -6.913677e-01
    outer loop
      vertex   -3.058548e+00 -5.171498e+01 7.642350e+01
      vertex   -2.717152e+00 -5.174849e+01 7.636918e+01
      vertex   -3.020968e+00 -5.192016e+01 7.662154e+01
    endloop
  endfacet
  facet normal -1.727363e-01 -7.051846e-01 -6.876604e-01
    outer loop
      vertex   -3.020968e+00 -5.192016e+01 7.662154e+01
      vertex   -2.717152e+00 -5.174849e+01 7.636918e+01
      vertex   -2.689868e+00 -5.194100e+01 7.655974e+01
    endloop
  endfacet
  facet normal 1.484550e-14 -6.338786e-01 -7.734326e-01
    outer loop
      vertex   -2.376122e+00 -1.286382e+01 3.765491e+01
      vertex   9.000000e+00 -1.286382e+01 3.765491e+01
      vertex   -2.376122e+00 -1.350036e+01 3.817659e+01
    endloop
  endfacet
  facet normal 1.147576e-14 -6.338786e-01 -7.734326e-01
    outer loop
      vertex   -2.376122e+00 -1.350036e+01 3.817659e+01
      vertex   9.000000e+00 -1.286382e+01 3.765491e+01
      vertex   9.000000e+00 -1.350036e+01 3.817659e+01
    endloop
  endfacet
  facet normal 1.069537e-14 -6.639792e-01 -7.477510e-01
    outer loop
      vertex   -2.376122e+00 -1.350036e+01 3.817659e+01
      vertex   9.000000e+00 -1.350036e+01 3.817659e+01
      vertex   9.000000e+00 -1.411577e+01 3.872305e+01
    endloop
  endfacet
  facet normal 1.260748e-14 -6.930404e-01 -7.208988e-01
    outer loop
      vertex   9.000000e+00 -1.470907e+01 3.929343e+01
      vertex   -2.376122e+00 -1.470907e+01 3.929343e+01
      vertex   9.000000e+00 -1.411577e+01 3.872305e+01
    endloop
  endfacet
  facet normal 8.928110e-15 -6.930404e-01 -7.208988e-01
    outer loop
      vertex   9.000000e+00 -1.411577e+01 3.872305e+01
      vertex   -2.376122e+00 -1.470907e+01 3.929343e+01
      vertex   -2.376122e+00 -1.411577e+01 3.872305e+01
    endloop
  endfacet
  facet normal 9.552003e-15 -6.639792e-01 -7.477510e-01
    outer loop
      vertex   9.000000e+00 -1.411577e+01 3.872305e+01
      vertex   -2.376122e+00 -1.411577e+01 3.872305e+01
      vertex   -2.376122e+00 -1.350036e+01 3.817659e+01
    endloop
  endfacet
  facet normal 1.418598e-14 4.287801e-01 -9.034089e-01
    outer loop
      vertex   -3.800895e+00 -1.250000e+01 3.782759e+01
      vertex   9.000000e+00 -1.250000e+01 3.782759e+01
      vertex   -3.472458e+00 -1.265427e+01 3.775437e+01
    endloop
  endfacet
  facet normal 2.018448e-14 4.287801e-01 -9.034089e-01
    outer loop
      vertex   -3.472458e+00 -1.265427e+01 3.775437e+01
      vertex   9.000000e+00 -1.250000e+01 3.782759e+01
      vertex   9.000000e+00 -1.286382e+01 3.765491e+01
    endloop
  endfacet
  facet normal 2.999573e-14 4.287801e-01 -9.034089e-01
    outer loop
      vertex   -3.472458e+00 -1.265427e+01 3.775437e+01
      vertex   9.000000e+00 -1.286382e+01 3.765491e+01
      vertex   -3.122559e+00 -1.276594e+01 3.770137e+01
    endloop
  endfacet
  facet normal 2.793149e-14 4.287801e-01 -9.034089e-01
    outer loop
      vertex   -3.122559e+00 -1.276594e+01 3.770137e+01
      vertex   9.000000e+00 -1.286382e+01 3.765491e+01
      vertex   -2.745822e+00 -1.283817e+01 3.766709e+01
    endloop
  endfacet
  facet normal 2.738144e-14 4.287801e-01 -9.034089e-01
    outer loop
      vertex   -2.745822e+00 -1.283817e+01 3.766709e+01
      vertex   9.000000e+00 -1.286382e+01 3.765491e+01
      vertex   -2.376122e+00 -1.286382e+01 3.765491e+01
    endloop
  endfacet
  facet normal 2.609427e-14 -9.914449e-01 -1.305262e-01
    outer loop
      vertex   -3.376122e+00 1.743185e+01 7.251764e+01
      vertex   -7.376122e+00 1.743185e+01 7.251764e+01
      vertex   -3.376122e+00 1.750000e+01 7.200000e+01
    endloop
  endfacet
  facet normal 3.246055e-15 -9.914449e-01 -1.305262e-01
    outer loop
      vertex   -3.376122e+00 1.750000e+01 7.200000e+01
      vertex   -7.376122e+00 1.743185e+01 7.251764e+01
      vertex   -7.376122e+00 1.750000e+01 7.200000e+01
    endloop
  endfacet
  facet normal -3.246055e-15 -9.914449e-01 1.305262e-01
    outer loop
      vertex   -3.376122e+00 1.750000e+01 7.200000e+01
      vertex   -7.376122e+00 1.750000e+01 7.200000e+01
      vertex   -3.376122e+00 1.743185e+01 7.148236e+01
    endloop
  endfacet
  facet normal 7.294754e-14 -9.914449e-01 1.305262e-01
    outer loop
      vertex   -3.376122e+00 1.743185e+01 7.148236e+01
      vertex   -7.376122e+00 1.750000e+01 7.200000e+01
      vertex   -7.376122e+00 1.743185e+01 7.148236e+01
    endloop
  endfacet
  facet normal 6.241162e-14 -9.238795e-01 3.826834e-01
    outer loop
      vertex   -3.376122e+00 1.743185e+01 7.148236e+01
      vertex   -7.376122e+00 1.743185e+01 7.148236e+01
      vertex   -3.376122e+00 1.723205e+01 7.100000e+01
    endloop
  endfacet
  facet normal 8.728614e-14 -9.238795e-01 3.826834e-01
    outer loop
      vertex   -3.376122e+00 1.723205e+01 7.100000e+01
      vertex   -7.376122e+00 1.743185e+01 7.148236e+01
      vertex   -7.376122e+00 1.723205e+01 7.100000e+01
    endloop
  endfacet
  facet normal 7.097322e-14 -7.933533e-01 6.087614e-01
    outer loop
      vertex   -3.376122e+00 1.723205e+01 7.100000e+01
      vertex   -7.376122e+00 1.723205e+01 7.100000e+01
      vertex   -3.376122e+00 1.691421e+01 7.058579e+01
    endloop
  endfacet
  facet normal 9.799370e-14 -7.933533e-01 6.087614e-01
    outer loop
      vertex   -3.376122e+00 1.691421e+01 7.058579e+01
      vertex   -7.376122e+00 1.723205e+01 7.100000e+01
      vertex   -7.376122e+00 1.691421e+01 7.058579e+01
    endloop
  endfacet
  facet normal 7.635223e-14 -6.087614e-01 7.933533e-01
    outer loop
      vertex   -3.376122e+00 1.691421e+01 7.058579e+01
      vertex   -7.376122e+00 1.691421e+01 7.058579e+01
      vertex   -3.376122e+00 1.650000e+01 7.026795e+01
    endloop
  endfacet
  facet normal 1.029960e-13 -6.087614e-01 7.933533e-01
    outer loop
      vertex   -3.376122e+00 1.650000e+01 7.026795e+01
      vertex   -7.376122e+00 1.691421e+01 7.058579e+01
      vertex   -7.376122e+00 1.650000e+01 7.026795e+01
    endloop
  endfacet
  facet normal 7.531920e-14 -3.826834e-01 9.238795e-01
    outer loop
      vertex   -3.376122e+00 1.650000e+01 7.026795e+01
      vertex   -7.376122e+00 1.650000e+01 7.026795e+01
      vertex   -3.376122e+00 1.601764e+01 7.006815e+01
    endloop
  endfacet
  facet normal 1.053162e-13 -3.826834e-01 9.238795e-01
    outer loop
      vertex   -3.376122e+00 1.601764e+01 7.006815e+01
      vertex   -7.376122e+00 1.650000e+01 7.026795e+01
      vertex   -7.376122e+00 1.601764e+01 7.006815e+01
    endloop
  endfacet
  facet normal 7.196334e-14 -1.305262e-01 9.914449e-01
    outer loop
      vertex   -3.376122e+00 1.601764e+01 7.006815e+01
      vertex   -7.376122e+00 1.601764e+01 7.006815e+01
      vertex   -3.376122e+00 1.550000e+01 7.000000e+01
    endloop
  endfacet
  facet normal 8.992273e-14 -1.305262e-01 9.914449e-01
    outer loop
      vertex   -3.376122e+00 1.550000e+01 7.000000e+01
      vertex   -7.376122e+00 1.601764e+01 7.006815e+01
      vertex   -7.376122e+00 1.550000e+01 7.000000e+01
    endloop
  endfacet
  facet normal 5.097006e-14 1.305262e-01 9.914449e-01
    outer loop
      vertex   -3.376122e+00 1.550000e+01 7.000000e+01
      vertex   -7.376122e+00 1.550000e+01 7.000000e+01
      vertex   -3.376122e+00 1.498236e+01 7.006815e+01
    endloop
  endfacet
  facet normal 7.938048e-14 1.305262e-01 9.914449e-01
    outer loop
      vertex   -3.376122e+00 1.498236e+01 7.006815e+01
      vertex   -7.376122e+00 1.550000e+01 7.000000e+01
      vertex   -7.376122e+00 1.498236e+01 7.006815e+01
    endloop
  endfacet
  facet normal 3.548189e-14 3.826834e-01 9.238795e-01
    outer loop
      vertex   -3.376122e+00 1.498236e+01 7.006815e+01
      vertex   -7.376122e+00 1.498236e+01 7.006815e+01
      vertex   -3.376122e+00 1.450000e+01 7.026795e+01
    endloop
  endfacet
  facet normal 6.253654e-14 3.826834e-01 9.238795e-01
    outer loop
      vertex   -3.376122e+00 1.450000e+01 7.026795e+01
      vertex   -7.376122e+00 1.498236e+01 7.006815e+01
      vertex   -7.376122e+00 1.450000e+01 7.026795e+01
    endloop
  endfacet
  facet normal 1.538343e-14 6.087614e-01 7.933533e-01
    outer loop
      vertex   -3.376122e+00 1.450000e+01 7.026795e+01
      vertex   -7.376122e+00 1.450000e+01 7.026795e+01
      vertex   -3.376122e+00 1.408579e+01 7.058579e+01
    endloop
  endfacet
  facet normal 4.538642e-14 6.087614e-01 7.933533e-01
    outer loop
      vertex   -3.376122e+00 1.408579e+01 7.058579e+01
      vertex   -7.376122e+00 1.450000e+01 7.026795e+01
      vertex   -7.376122e+00 1.408579e+01 7.058579e+01
    endloop
  endfacet
  facet normal -4.290595e-15 7.933533e-01 6.087614e-01
    outer loop
      vertex   -3.376122e+00 1.408579e+01 7.058579e+01
      vertex   -7.376122e+00 1.408579e+01 7.058579e+01
      vertex   -3.376122e+00 1.376795e+01 7.100000e+01
    endloop
  endfacet
  facet normal 1.840437e-14 7.933533e-01 6.087614e-01
    outer loop
      vertex   -3.376122e+00 1.376795e+01 7.100000e+01
      vertex   -7.376122e+00 1.408579e+01 7.058579e+01
      vertex   -7.376122e+00 1.376795e+01 7.100000e+01
    endloop
  endfacet
  facet normal -3.072341e-14 9.238795e-01 3.826834e-01
    outer loop
      vertex   -3.376122e+00 1.376795e+01 7.100000e+01
      vertex   -7.376122e+00 1.376795e+01 7.100000e+01
      vertex   -3.376122e+00 1.356815e+01 7.148236e+01
    endloop
  endfacet
  facet normal -4.079050e-15 9.238795e-01 3.826834e-01
    outer loop
      vertex   -3.376122e+00 1.356815e+01 7.148236e+01
      vertex   -7.376122e+00 1.376795e+01 7.100000e+01
      vertex   -7.376122e+00 1.356815e+01 7.148236e+01
    endloop
  endfacet
  facet normal -5.215034e-14 9.914449e-01 1.305262e-01
    outer loop
      vertex   -3.376122e+00 1.356815e+01 7.148236e+01
      vertex   -7.376122e+00 1.356815e+01 7.148236e+01
      vertex   -3.376122e+00 1.350000e+01 7.200000e+01
    endloop
  endfacet
  facet normal -2.656666e-14 9.914449e-01 1.305262e-01
    outer loop
      vertex   -3.376122e+00 1.350000e+01 7.200000e+01
      vertex   -7.376122e+00 1.356815e+01 7.148236e+01
      vertex   -7.376122e+00 1.350000e+01 7.200000e+01
    endloop
  endfacet
  facet normal -7.293888e-14 9.914449e-01 -1.305262e-01
    outer loop
      vertex   -3.376122e+00 1.350000e+01 7.200000e+01
      vertex   -7.376122e+00 1.350000e+01 7.200000e+01
      vertex   -3.376122e+00 1.356815e+01 7.251764e+01
    endloop
  endfacet
  facet normal -4.647461e-14 9.914449e-01 -1.305262e-01
    outer loop
      vertex   -3.376122e+00 1.356815e+01 7.251764e+01
      vertex   -7.376122e+00 1.350000e+01 7.200000e+01
      vertex   -7.376122e+00 1.356815e+01 7.251764e+01
    endloop
  endfacet
  facet normal -8.782478e-14 9.238795e-01 -3.826834e-01
    outer loop
      vertex   -3.376122e+00 1.356815e+01 7.251764e+01
      vertex   -7.376122e+00 1.356815e+01 7.251764e+01
      vertex   -3.376122e+00 1.376795e+01 7.300000e+01
    endloop
  endfacet
  facet normal -6.253997e-14 9.238795e-01 -3.826834e-01
    outer loop
      vertex   -3.376122e+00 1.376795e+01 7.300000e+01
      vertex   -7.376122e+00 1.356815e+01 7.251764e+01
      vertex   -7.376122e+00 1.376795e+01 7.300000e+01
    endloop
  endfacet
  facet normal -9.948673e-14 7.933533e-01 -6.087614e-01
    outer loop
      vertex   -3.376122e+00 1.376795e+01 7.300000e+01
      vertex   -7.376122e+00 1.376795e+01 7.300000e+01
      vertex   -3.376122e+00 1.408579e+01 7.341421e+01
    endloop
  endfacet
  facet normal -7.392437e-14 7.933533e-01 -6.087614e-01
    outer loop
      vertex   -3.376122e+00 1.408579e+01 7.341421e+01
      vertex   -7.376122e+00 1.376795e+01 7.300000e+01
      vertex   -7.376122e+00 1.408579e+01 7.341421e+01
    endloop
  endfacet
  facet normal -1.054029e-13 6.087614e-01 -7.933533e-01
    outer loop
      vertex   -3.376122e+00 1.408579e+01 7.341421e+01
      vertex   -7.376122e+00 1.408579e+01 7.341421e+01
      vertex   -3.376122e+00 1.450000e+01 7.373205e+01
    endloop
  endfacet
  facet normal -7.929982e-14 6.087614e-01 -7.933533e-01
    outer loop
      vertex   -3.376122e+00 1.450000e+01 7.373205e+01
      vertex   -7.376122e+00 1.408579e+01 7.341421e+01
      vertex   -7.376122e+00 1.450000e+01 7.373205e+01
    endloop
  endfacet
  facet normal -1.042265e-13 3.826834e-01 -9.238795e-01
    outer loop
      vertex   -3.376122e+00 1.450000e+01 7.373205e+01
      vertex   -7.376122e+00 1.450000e+01 7.373205e+01
      vertex   -3.376122e+00 1.498236e+01 7.393185e+01
    endloop
  endfacet
  facet normal -7.388959e-14 3.826834e-01 -9.238795e-01
    outer loop
      vertex   -3.376122e+00 1.498236e+01 7.393185e+01
      vertex   -7.376122e+00 1.450000e+01 7.373205e+01
      vertex   -7.376122e+00 1.498236e+01 7.393185e+01
    endloop
  endfacet
  facet normal -9.248063e-14 1.305262e-01 -9.914449e-01
    outer loop
      vertex   -3.376122e+00 1.498236e+01 7.393185e+01
      vertex   -7.376122e+00 1.498236e+01 7.393185e+01
      vertex   -3.376122e+00 1.550000e+01 7.400000e+01
    endloop
  endfacet
  facet normal -7.094096e-14 1.305262e-01 -9.914449e-01
    outer loop
      vertex   -3.376122e+00 1.550000e+01 7.400000e+01
      vertex   -7.376122e+00 1.498236e+01 7.393185e+01
      vertex   -7.376122e+00 1.550000e+01 7.400000e+01
    endloop
  endfacet
  facet normal -8.404111e-14 -1.305262e-01 -9.914449e-01
    outer loop
      vertex   -3.376122e+00 1.550000e+01 7.400000e+01
      vertex   -7.376122e+00 1.550000e+01 7.400000e+01
      vertex   -3.376122e+00 1.601764e+01 7.393185e+01
    endloop
  endfacet
  facet normal -5.886318e-14 -1.305262e-01 -9.914449e-01
    outer loop
      vertex   -3.376122e+00 1.601764e+01 7.393185e+01
      vertex   -7.376122e+00 1.550000e+01 7.400000e+01
      vertex   -7.376122e+00 1.601764e+01 7.393185e+01
    endloop
  endfacet
  facet normal -6.690853e-14 -3.826834e-01 -9.238795e-01
    outer loop
      vertex   -3.376122e+00 1.601764e+01 7.393185e+01
      vertex   -7.376122e+00 1.601764e+01 7.393185e+01
      vertex   -3.376122e+00 1.650000e+01 7.373205e+01
    endloop
  endfacet
  facet normal -3.725139e-14 -3.826834e-01 -9.238795e-01
    outer loop
      vertex   -3.376122e+00 1.650000e+01 7.373205e+01
      vertex   -7.376122e+00 1.601764e+01 7.393185e+01
      vertex   -7.376122e+00 1.650000e+01 7.373205e+01
    endloop
  endfacet
  facet normal -4.243883e-14 -6.087614e-01 -7.933533e-01
    outer loop
      vertex   -3.376122e+00 1.650000e+01 7.373205e+01
      vertex   -7.376122e+00 1.650000e+01 7.373205e+01
      vertex   -3.376122e+00 1.691421e+01 7.341421e+01
    endloop
  endfacet
  facet normal -1.753227e-14 -6.087614e-01 -7.933533e-01
    outer loop
      vertex   -3.376122e+00 1.691421e+01 7.341421e+01
      vertex   -7.376122e+00 1.650000e+01 7.373205e+01
      vertex   -7.376122e+00 1.691421e+01 7.341421e+01
    endloop
  endfacet
  facet normal -1.982758e-14 -7.933533e-01 -6.087614e-01
    outer loop
      vertex   -3.376122e+00 1.691421e+01 7.341421e+01
      vertex   -7.376122e+00 1.691421e+01 7.341421e+01
      vertex   -3.376122e+00 1.723205e+01 7.300000e+01
    endloop
  endfacet
  facet normal 6.488265e-15 -7.933533e-01 -6.087614e-01
    outer loop
      vertex   -3.376122e+00 1.723205e+01 7.300000e+01
      vertex   -7.376122e+00 1.691421e+01 7.341421e+01
      vertex   -7.376122e+00 1.723205e+01 7.300000e+01
    endloop
  endfacet
  facet normal 4.078694e-15 -9.238795e-01 -3.826834e-01
    outer loop
      vertex   -3.376122e+00 1.723205e+01 7.300000e+01
      vertex   -7.376122e+00 1.723205e+01 7.300000e+01
      vertex   -3.376122e+00 1.743185e+01 7.251764e+01
    endloop
  endfacet
  facet normal 2.895321e-14 -9.238795e-01 -3.826834e-01
    outer loop
      vertex   -3.376122e+00 1.743185e+01 7.251764e+01
      vertex   -7.376122e+00 1.723205e+01 7.300000e+01
      vertex   -7.376122e+00 1.743185e+01 7.251764e+01
    endloop
  endfacet
  facet normal 2.697485e-14 9.914449e-01 -1.305262e-01
    outer loop
      vertex   -7.376122e+00 -1.743185e+01 7.251764e+01
      vertex   -3.376122e+00 -1.743185e+01 7.251764e+01
      vertex   -7.376122e+00 -1.750000e+01 7.200000e+01
    endloop
  endfacet
  facet normal 3.246055e-15 9.914449e-01 -1.305262e-01
    outer loop
      vertex   -7.376122e+00 -1.750000e+01 7.200000e+01
      vertex   -3.376122e+00 -1.743185e+01 7.251764e+01
      vertex   -3.376122e+00 -1.750000e+01 7.200000e+01
    endloop
  endfacet
  facet normal -3.246055e-15 9.914449e-01 1.305262e-01
    outer loop
      vertex   -7.376122e+00 -1.750000e+01 7.200000e+01
      vertex   -3.376122e+00 -1.750000e+01 7.200000e+01
      vertex   -7.376122e+00 -1.743185e+01 7.148236e+01
    endloop
  endfacet
  facet normal 7.206696e-14 9.914449e-01 1.305262e-01
    outer loop
      vertex   -7.376122e+00 -1.743185e+01 7.148236e+01
      vertex   -3.376122e+00 -1.750000e+01 7.200000e+01
      vertex   -3.376122e+00 -1.743185e+01 7.148236e+01
    endloop
  endfacet
  facet normal 6.159105e-14 9.238795e-01 3.826834e-01
    outer loop
      vertex   -7.376122e+00 -1.743185e+01 7.148236e+01
      vertex   -3.376122e+00 -1.743185e+01 7.148236e+01
      vertex   -7.376122e+00 -1.723205e+01 7.100000e+01
    endloop
  endfacet
  facet normal 8.646557e-14 9.238795e-01 3.826834e-01
    outer loop
      vertex   -7.376122e+00 -1.723205e+01 7.100000e+01
      vertex   -3.376122e+00 -1.743185e+01 7.148236e+01
      vertex   -3.376122e+00 -1.723205e+01 7.100000e+01
    endloop
  endfacet
  facet normal 7.026858e-14 7.933533e-01 6.087614e-01
    outer loop
      vertex   -7.376122e+00 -1.723205e+01 7.100000e+01
      vertex   -3.376122e+00 -1.723205e+01 7.100000e+01
      vertex   -7.376122e+00 -1.691421e+01 7.058579e+01
    endloop
  endfacet
  facet normal 9.728906e-14 7.933533e-01 6.087614e-01
    outer loop
      vertex   -7.376122e+00 -1.691421e+01 7.058579e+01
      vertex   -3.376122e+00 -1.723205e+01 7.100000e+01
      vertex   -3.376122e+00 -1.691421e+01 7.058579e+01
    endloop
  endfacet
  facet normal 7.581154e-14 6.087614e-01 7.933533e-01
    outer loop
      vertex   -7.376122e+00 -1.691421e+01 7.058579e+01
      vertex   -3.376122e+00 -1.691421e+01 7.058579e+01
      vertex   -7.376122e+00 -1.650000e+01 7.026795e+01
    endloop
  endfacet
  facet normal 1.024553e-13 6.087614e-01 7.933533e-01
    outer loop
      vertex   -7.376122e+00 -1.650000e+01 7.026795e+01
      vertex   -3.376122e+00 -1.691421e+01 7.058579e+01
      vertex   -3.376122e+00 -1.650000e+01 7.026795e+01
    endloop
  endfacet
  facet normal 7.497930e-14 3.826834e-01 9.238795e-01
    outer loop
      vertex   -7.376122e+00 -1.650000e+01 7.026795e+01
      vertex   -3.376122e+00 -1.650000e+01 7.026795e+01
      vertex   -7.376122e+00 -1.601764e+01 7.006815e+01
    endloop
  endfacet
  facet normal 1.053162e-13 3.826834e-01 9.238795e-01
    outer loop
      vertex   -7.376122e+00 -1.601764e+01 7.006815e+01
      vertex   -3.376122e+00 -1.650000e+01 7.026795e+01
      vertex   -3.376122e+00 -1.601764e+01 7.006815e+01
    endloop
  endfacet
  facet normal 7.196334e-14 1.305262e-01 9.914449e-01
    outer loop
      vertex   -7.376122e+00 -1.601764e+01 7.006815e+01
      vertex   -3.376122e+00 -1.601764e+01 7.006815e+01
      vertex   -7.376122e+00 -1.550000e+01 7.000000e+01
    endloop
  endfacet
  facet normal 8.992273e-14 1.305262e-01 9.914449e-01
    outer loop
      vertex   -7.376122e+00 -1.550000e+01 7.000000e+01
      vertex   -3.376122e+00 -1.601764e+01 7.006815e+01
      vertex   -3.376122e+00 -1.550000e+01 7.000000e+01
    endloop
  endfacet
  facet normal 5.097006e-14 -1.305262e-01 9.914449e-01
    outer loop
      vertex   -7.376122e+00 -1.550000e+01 7.000000e+01
      vertex   -3.376122e+00 -1.550000e+01 7.000000e+01
      vertex   -7.376122e+00 -1.498236e+01 7.006815e+01
    endloop
  endfacet
  facet normal 7.943845e-14 -1.305262e-01 9.914449e-01
    outer loop
      vertex   -7.376122e+00 -1.498236e+01 7.006815e+01
      vertex   -3.376122e+00 -1.550000e+01 7.000000e+01
      vertex   -3.376122e+00 -1.498236e+01 7.006815e+01
    endloop
  endfacet
  facet normal 3.565184e-14 -3.826834e-01 9.238795e-01
    outer loop
      vertex   -7.376122e+00 -1.498236e+01 7.006815e+01
      vertex   -3.376122e+00 -1.498236e+01 7.006815e+01
      vertex   -7.376122e+00 -1.450000e+01 7.026795e+01
    endloop
  endfacet
  facet normal 6.270649e-14 -3.826834e-01 9.238795e-01
    outer loop
      vertex   -7.376122e+00 -1.450000e+01 7.026795e+01
      vertex   -3.376122e+00 -1.498236e+01 7.006815e+01
      vertex   -3.376122e+00 -1.450000e+01 7.026795e+01
    endloop
  endfacet
  facet normal 1.565378e-14 -6.087614e-01 7.933533e-01
    outer loop
      vertex   -7.376122e+00 -1.450000e+01 7.026795e+01
      vertex   -3.376122e+00 -1.450000e+01 7.026795e+01
      vertex   -7.376122e+00 -1.408579e+01 7.058579e+01
    endloop
  endfacet
  facet normal 4.538642e-14 -6.087614e-01 7.933533e-01
    outer loop
      vertex   -7.376122e+00 -1.408579e+01 7.058579e+01
      vertex   -3.376122e+00 -1.450000e+01 7.026795e+01
      vertex   -3.376122e+00 -1.408579e+01 7.058579e+01
    endloop
  endfacet
  facet normal -4.290595e-15 -7.933533e-01 6.087614e-01
    outer loop
      vertex   -7.376122e+00 -1.408579e+01 7.058579e+01
      vertex   -3.376122e+00 -1.408579e+01 7.058579e+01
      vertex   -7.376122e+00 -1.376795e+01 7.100000e+01
    endloop
  endfacet
  facet normal 1.875669e-14 -7.933533e-01 6.087614e-01
    outer loop
      vertex   -7.376122e+00 -1.376795e+01 7.100000e+01
      vertex   -3.376122e+00 -1.408579e+01 7.058579e+01
      vertex   -3.376122e+00 -1.376795e+01 7.100000e+01
    endloop
  endfacet
  facet normal -3.031313e-14 -9.238795e-01 3.826834e-01
    outer loop
      vertex   -7.376122e+00 -1.376795e+01 7.100000e+01
      vertex   -3.376122e+00 -1.376795e+01 7.100000e+01
      vertex   -7.376122e+00 -1.356815e+01 7.148236e+01
    endloop
  endfacet
  facet normal -4.079050e-15 -9.238795e-01 3.826834e-01
    outer loop
      vertex   -7.376122e+00 -1.356815e+01 7.148236e+01
      vertex   -3.376122e+00 -1.376795e+01 7.100000e+01
      vertex   -3.376122e+00 -1.356815e+01 7.148236e+01
    endloop
  endfacet
  facet normal -5.215034e-14 -9.914449e-01 1.305262e-01
    outer loop
      vertex   -7.376122e+00 -1.356815e+01 7.148236e+01
      vertex   -3.376122e+00 -1.356815e+01 7.148236e+01
      vertex   -7.376122e+00 -1.350000e+01 7.200000e+01
    endloop
  endfacet
  facet normal -2.656666e-14 -9.914449e-01 1.305262e-01
    outer loop
      vertex   -7.376122e+00 -1.350000e+01 7.200000e+01
      vertex   -3.376122e+00 -1.356815e+01 7.148236e+01
      vertex   -3.376122e+00 -1.350000e+01 7.200000e+01
    endloop
  endfacet
  facet normal -7.293888e-14 -9.914449e-01 -1.305262e-01
    outer loop
      vertex   -7.376122e+00 -1.350000e+01 7.200000e+01
      vertex   -3.376122e+00 -1.350000e+01 7.200000e+01
      vertex   -7.376122e+00 -1.356815e+01 7.251764e+01
    endloop
  endfacet
  facet normal -4.647461e-14 -9.914449e-01 -1.305262e-01
    outer loop
      vertex   -7.376122e+00 -1.356815e+01 7.251764e+01
      vertex   -3.376122e+00 -1.350000e+01 7.200000e+01
      vertex   -3.376122e+00 -1.356815e+01 7.251764e+01
    endloop
  endfacet
  facet normal -8.782478e-14 -9.238795e-01 -3.826834e-01
    outer loop
      vertex   -7.376122e+00 -1.356815e+01 7.251764e+01
      vertex   -3.376122e+00 -1.356815e+01 7.251764e+01
      vertex   -7.376122e+00 -1.376795e+01 7.300000e+01
    endloop
  endfacet
  facet normal -6.253997e-14 -9.238795e-01 -3.826834e-01
    outer loop
      vertex   -7.376122e+00 -1.376795e+01 7.300000e+01
      vertex   -3.376122e+00 -1.356815e+01 7.251764e+01
      vertex   -3.376122e+00 -1.376795e+01 7.300000e+01
    endloop
  endfacet
  facet normal -9.948673e-14 -7.933533e-01 -6.087614e-01
    outer loop
      vertex   -7.376122e+00 -1.376795e+01 7.300000e+01
      vertex   -3.376122e+00 -1.376795e+01 7.300000e+01
      vertex   -7.376122e+00 -1.408579e+01 7.341421e+01
    endloop
  endfacet
  facet normal -7.427669e-14 -7.933533e-01 -6.087614e-01
    outer loop
      vertex   -7.376122e+00 -1.408579e+01 7.341421e+01
      vertex   -3.376122e+00 -1.376795e+01 7.300000e+01
      vertex   -3.376122e+00 -1.408579e+01 7.341421e+01
    endloop
  endfacet
  facet normal -1.056732e-13 -6.087614e-01 -7.933533e-01
    outer loop
      vertex   -7.376122e+00 -1.408579e+01 7.341421e+01
      vertex   -3.376122e+00 -1.408579e+01 7.341421e+01
      vertex   -7.376122e+00 -1.450000e+01 7.373205e+01
    endloop
  endfacet
  facet normal -7.902948e-14 -6.087614e-01 -7.933533e-01
    outer loop
      vertex   -7.376122e+00 -1.450000e+01 7.373205e+01
      vertex   -3.376122e+00 -1.408579e+01 7.341421e+01
      vertex   -3.376122e+00 -1.450000e+01 7.373205e+01
    endloop
  endfacet
  facet normal -1.040566e-13 -3.826834e-01 -9.238795e-01
    outer loop
      vertex   -7.376122e+00 -1.450000e+01 7.373205e+01
      vertex   -3.376122e+00 -1.450000e+01 7.373205e+01
      vertex   -7.376122e+00 -1.498236e+01 7.393185e+01
    endloop
  endfacet
  facet normal -7.371965e-14 -3.826834e-01 -9.238795e-01
    outer loop
      vertex   -7.376122e+00 -1.498236e+01 7.393185e+01
      vertex   -3.376122e+00 -1.450000e+01 7.373205e+01
      vertex   -3.376122e+00 -1.498236e+01 7.393185e+01
    endloop
  endfacet
  facet normal -9.242267e-14 -1.305262e-01 -9.914449e-01
    outer loop
      vertex   -7.376122e+00 -1.498236e+01 7.393185e+01
      vertex   -3.376122e+00 -1.498236e+01 7.393185e+01
      vertex   -7.376122e+00 -1.550000e+01 7.400000e+01
    endloop
  endfacet
  facet normal -7.099892e-14 -1.305262e-01 -9.914449e-01
    outer loop
      vertex   -7.376122e+00 -1.550000e+01 7.400000e+01
      vertex   -3.376122e+00 -1.498236e+01 7.393185e+01
      vertex   -3.376122e+00 -1.550000e+01 7.400000e+01
    endloop
  endfacet
  facet normal -8.398314e-14 1.305262e-01 -9.914449e-01
    outer loop
      vertex   -7.376122e+00 -1.550000e+01 7.400000e+01
      vertex   -3.376122e+00 -1.550000e+01 7.400000e+01
      vertex   -7.376122e+00 -1.601764e+01 7.393185e+01
    endloop
  endfacet
  facet normal -5.897911e-14 1.305262e-01 -9.914449e-01
    outer loop
      vertex   -7.376122e+00 -1.601764e+01 7.393185e+01
      vertex   -3.376122e+00 -1.550000e+01 7.400000e+01
      vertex   -3.376122e+00 -1.601764e+01 7.393185e+01
    endloop
  endfacet
  facet normal -6.724842e-14 3.826834e-01 -9.238795e-01
    outer loop
      vertex   -7.376122e+00 -1.601764e+01 7.393185e+01
      vertex   -3.376122e+00 -1.601764e+01 7.393185e+01
      vertex   -7.376122e+00 -1.650000e+01 7.373205e+01
    endloop
  endfacet
  facet normal -3.725139e-14 3.826834e-01 -9.238795e-01
    outer loop
      vertex   -7.376122e+00 -1.650000e+01 7.373205e+01
      vertex   -3.376122e+00 -1.601764e+01 7.393185e+01
      vertex   -3.376122e+00 -1.650000e+01 7.373205e+01
    endloop
  endfacet
  facet normal -4.243883e-14 6.087614e-01 -7.933533e-01
    outer loop
      vertex   -7.376122e+00 -1.650000e+01 7.373205e+01
      vertex   -3.376122e+00 -1.650000e+01 7.373205e+01
      vertex   -7.376122e+00 -1.691421e+01 7.341421e+01
    endloop
  endfacet
  facet normal -1.753227e-14 6.087614e-01 -7.933533e-01
    outer loop
      vertex   -7.376122e+00 -1.691421e+01 7.341421e+01
      vertex   -3.376122e+00 -1.650000e+01 7.373205e+01
      vertex   -3.376122e+00 -1.691421e+01 7.341421e+01
    endloop
  endfacet
  facet normal -1.982758e-14 7.933533e-01 -6.087614e-01
    outer loop
      vertex   -7.376122e+00 -1.691421e+01 7.341421e+01
      vertex   -3.376122e+00 -1.691421e+01 7.341421e+01
      vertex   -7.376122e+00 -1.723205e+01 7.300000e+01
    endloop
  endfacet
  facet normal 7.192904e-15 7.933533e-01 -6.087614e-01
    outer loop
      vertex   -7.376122e+00 -1.723205e+01 7.300000e+01
      vertex   -3.376122e+00 -1.691421e+01 7.341421e+01
      vertex   -3.376122e+00 -1.723205e+01 7.300000e+01
    endloop
  endfacet
  facet normal 4.899264e-15 9.238795e-01 -3.826834e-01
    outer loop
      vertex   -7.376122e+00 -1.723205e+01 7.300000e+01
      vertex   -3.376122e+00 -1.723205e+01 7.300000e+01
      vertex   -7.376122e+00 -1.743185e+01 7.251764e+01
    endloop
  endfacet
  facet normal 2.977378e-14 9.238795e-01 -3.826834e-01
    outer loop
      vertex   -7.376122e+00 -1.743185e+01 7.251764e+01
      vertex   -3.376122e+00 -1.723205e+01 7.300000e+01
      vertex   -3.376122e+00 -1.743185e+01 7.251764e+01
    endloop
  endfacet
  facet normal -1.000000e+00 -4.739795e-14 1.810836e-13
    outer loop
      vertex   -5.376122e+00 1.863851e+01 7.137571e+01
      vertex   -5.376122e+00 1.870000e+01 7.200000e+01
      vertex   -5.376122e+00 4.944961e+01 7.828287e+01
    endloop
  endfacet
  facet normal -1.000000e+00 -1.606862e-08 7.864298e-08
    outer loop
      vertex   -5.376122e+00 4.944961e+01 7.828287e+01
      vertex   -5.376122e+00 1.870000e+01 7.200000e+01
      vertex   -5.376121e+00 1.870000e+01 8.000000e+01
    endloop
  endfacet
  facet normal -1.000000e+00 -2.046024e-08 0.000000e+00
    outer loop
      vertex   -5.376122e+00 4.944961e+01 7.828287e+01
      vertex   -5.376121e+00 1.870000e+01 8.000000e+01
      vertex   -5.376122e+00 4.944961e+01 8.000000e+01
    endloop
  endfacet
  facet normal -1.000000e+00 -2.518809e-16 -1.822563e-14
    outer loop
      vertex   -5.376122e+00 1.258757e+01 4.141457e+01
      vertex   -5.376122e+00 1.250000e+01 5.740000e+01
      vertex   -5.376122e+00 4.944961e+01 7.828287e+01
    endloop
  endfacet
  facet normal -1.000000e+00 1.000374e-13 -1.956750e-13
    outer loop
      vertex   -5.376122e+00 4.944961e+01 7.828287e+01
      vertex   -5.376122e+00 1.250000e+01 5.740000e+01
      vertex   -5.376122e+00 1.242672e+01 5.875149e+01
    endloop
  endfacet
  facet normal -1.000000e+00 4.489674e-15 -1.455854e-14
    outer loop
      vertex   -5.376122e+00 4.944961e+01 7.828287e+01
      vertex   -5.376122e+00 1.242672e+01 5.875149e+01
      vertex   -5.376122e+00 1.220776e+01 6.008713e+01
    endloop
  endfacet
  facet normal -1.000000e+00 1.808640e-14 -1.812517e-14
    outer loop
      vertex   -5.376122e+00 1.258757e+01 4.141457e+01
      vertex   -5.376122e+00 1.255845e+01 4.138551e+01
      vertex   -5.376122e+00 1.250000e+01 5.740000e+01
    endloop
  endfacet
  facet normal -1.000000e+00 1.800328e-14 -1.812548e-14
    outer loop
      vertex   -5.376122e+00 1.250000e+01 5.740000e+01
      vertex   -5.376122e+00 1.255845e+01 4.138551e+01
      vertex   -5.376122e+00 1.252926e+01 4.135651e+01
    endloop
  endfacet
  facet normal -1.000000e+00 1.792040e-14 -1.812563e-14
    outer loop
      vertex   -5.376122e+00 1.250000e+01 5.740000e+01
      vertex   -5.376122e+00 1.252926e+01 4.135651e+01
      vertex   -5.376122e+00 1.250000e+01 4.132759e+01
    endloop
  endfacet
  facet normal -1.000000e+00 -1.363863e-14 2.254529e-14
    outer loop
      vertex   -5.376122e+00 4.944961e+01 7.828287e+01
      vertex   -5.376122e+00 1.220776e+01 6.008713e+01
      vertex   -5.376122e+00 1.727782e+01 6.933930e+01
    endloop
  endfacet
  facet normal -1.000000e+00 3.475191e-14 -3.972100e-15
    outer loop
      vertex   -5.376122e+00 1.727782e+01 6.933930e+01
      vertex   -5.376122e+00 1.220776e+01 6.008713e+01
      vertex   -5.376122e+00 1.184566e+01 6.139127e+01
    endloop
  endfacet
  facet normal -1.000000e+00 -2.171662e-14 3.462189e-14
    outer loop
      vertex   -5.376122e+00 1.727782e+01 6.933930e+01
      vertex   -5.376122e+00 1.184566e+01 6.139127e+01
      vertex   -5.376122e+00 1.672459e+01 6.904359e+01
    endloop
  endfacet
  facet normal -1.000000e+00 3.096318e-14 1.034585e-15
    outer loop
      vertex   -5.376122e+00 1.672459e+01 6.904359e+01
      vertex   -5.376122e+00 1.184566e+01 6.139127e+01
      vertex   -5.376122e+00 1.134469e+01 6.264861e+01
    endloop
  endfacet
  facet normal -1.000000e+00 -1.699000e-14 4.137613e-14
    outer loop
      vertex   -5.376122e+00 1.672459e+01 6.904359e+01
      vertex   -5.376122e+00 1.134469e+01 6.264861e+01
      vertex   -5.376122e+00 1.612429e+01 6.886149e+01
    endloop
  endfacet
  facet normal -1.000000e+00 2.978443e-14 5.392313e-15
    outer loop
      vertex   -5.376122e+00 1.612429e+01 6.886149e+01
      vertex   -5.376122e+00 1.134469e+01 6.264861e+01
      vertex   -5.376122e+00 1.071071e+01 6.384442e+01
    endloop
  endfacet
  facet normal -1.000000e+00 2.451868e-14 1.107423e-14
    outer loop
      vertex   -5.376122e+00 1.612429e+01 6.886149e+01
      vertex   -5.376122e+00 1.071071e+01 6.384442e+01
      vertex   -5.376122e+00 9.951163e+00 6.496468e+01
    endloop
  endfacet
  facet normal -1.000000e+00 -2.317113e-13 4.169807e-13
    outer loop
      vertex   -5.376122e+00 1.612429e+01 6.886149e+01
      vertex   -5.376122e+00 9.951163e+00 6.496468e+01
      vertex   -5.376122e+00 1.550000e+01 6.880000e+01
    endloop
  endfacet
  facet normal -1.000000e+00 3.785124e-14 2.698513e-14
    outer loop
      vertex   -5.376122e+00 1.550000e+01 6.880000e+01
      vertex   -5.376122e+00 9.951163e+00 6.496468e+01
      vertex   -5.376122e+00 9.074944e+00 6.599624e+01
    endloop
  endfacet
  facet normal -1.000000e+00 8.374254e-15 9.453424e-14
    outer loop
      vertex   -5.376122e+00 1.550000e+01 6.880000e+01
      vertex   -5.376122e+00 9.074944e+00 6.599624e+01
      vertex   -5.376122e+00 1.200000e+01 6.880000e+01
    endloop
  endfacet
  facet normal -1.000000e+00 5.056502e-14 5.051816e-14
    outer loop
      vertex   -5.376122e+00 1.200000e+01 6.880000e+01
      vertex   -5.376122e+00 9.074944e+00 6.599624e+01
      vertex   -5.376122e+00 8.092329e+00 6.692703e+01
    endloop
  endfacet
  facet normal -1.000000e+00 4.490569e-14 6.232548e-14
    outer loop
      vertex   -5.376122e+00 1.200000e+01 6.880000e+01
      vertex   -5.376122e+00 8.092329e+00 6.692703e+01
      vertex   -5.376122e+00 7.014838e+00 6.774611e+01
    endloop
  endfacet
  facet normal -1.000000e+00 4.178545e-14 7.708504e-14
    outer loop
      vertex   -5.376122e+00 7.014838e+00 6.774611e+01
      vertex   -5.376122e+00 5.855106e+00 6.844390e+01
      vertex   -5.376122e+00 1.200000e+01 6.880000e+01
    endloop
  endfacet
  facet normal -1.000000e+00 5.246117e-14 -1.071365e-13
    outer loop
      vertex   -5.376122e+00 1.200000e+01 6.880000e+01
      vertex   -5.376122e+00 5.855106e+00 6.844390e+01
      vertex   -5.376122e+00 1.200000e+01 7.040000e+01
    endloop
  endfacet
  facet normal -1.000000e+00 7.927154e-15 3.276272e-14
    outer loop
      vertex   -5.376122e+00 1.200000e+01 7.040000e+01
      vertex   -5.376122e+00 5.855106e+00 6.844390e+01
      vertex   -5.376122e+00 4.626727e+00 6.901221e+01
    endloop
  endfacet
  facet normal -1.000000e+00 5.816070e-15 4.397881e-14
    outer loop
      vertex   -5.376122e+00 1.200000e+01 7.040000e+01
      vertex   -5.376122e+00 4.626727e+00 6.901221e+01
      vertex   -5.376122e+00 3.344104e+00 6.944437e+01
    endloop
  endfacet
  facet normal -1.000000e+00 3.291359e-15 6.684724e-14
    outer loop
      vertex   -5.376122e+00 3.344104e+00 6.944437e+01
      vertex   -5.376122e+00 2.022275e+00 6.973533e+01
      vertex   -5.376122e+00 1.200000e+01 7.040000e+01
    endloop
  endfacet
  facet normal -1.000000e+00 -2.120536e-16 1.194390e-13
    outer loop
      vertex   -5.376122e+00 1.200000e+01 7.040000e+01
      vertex   -5.376122e+00 2.022275e+00 6.973533e+01
      vertex   -5.376122e+00 6.767364e-01 6.988167e+01
    endloop
  endfacet
  facet normal -1.000000e+00 0.000000e+00 1.148066e-13
    outer loop
      vertex   -5.376122e+00 1.200000e+01 7.040000e+01
      vertex   -5.376122e+00 6.767364e-01 6.988167e+01
      vertex   -5.376122e+00 -1.200000e+01 7.040000e+01
    endloop
  endfacet
  facet normal -1.000000e+00 -1.509310e-14 -2.543220e-13
    outer loop
      vertex   -5.376122e+00 -1.200000e+01 7.040000e+01
      vertex   -5.376122e+00 6.767364e-01 6.988167e+01
      vertex   -5.376122e+00 -6.767364e-01 6.988167e+01
    endloop
  endfacet
  facet normal -1.000000e+00 -7.708345e-15 -9.299781e-14
    outer loop
      vertex   -5.376122e+00 -1.200000e+01 7.040000e+01
      vertex   -5.376122e+00 -6.767364e-01 6.988167e+01
      vertex   -5.376122e+00 -2.022275e+00 6.973533e+01
    endloop
  endfacet
  facet normal -1.000000e+00 -5.376591e-15 -5.799449e-14
    outer loop
      vertex   -5.376122e+00 -2.022275e+00 6.973533e+01
      vertex   -5.376122e+00 -3.344104e+00 6.944437e+01
      vertex   -5.376122e+00 -1.200000e+01 7.040000e+01
    endloop
  endfacet
  facet normal -1.000000e+00 -4.354094e-15 -4.873289e-14
    outer loop
      vertex   -5.376122e+00 -1.200000e+01 7.040000e+01
      vertex   -5.376122e+00 -3.344104e+00 6.944437e+01
      vertex   -5.376122e+00 -4.626727e+00 6.901221e+01
    endloop
  endfacet
  facet normal -1.000000e+00 -3.475070e-15 -4.406267e-14
    outer loop
      vertex   -5.376122e+00 -1.200000e+01 7.040000e+01
      vertex   -5.376122e+00 -4.626727e+00 6.901221e+01
      vertex   -5.376122e+00 -5.855106e+00 6.844390e+01
    endloop
  endfacet
  facet normal -1.000000e+00 -2.355332e-14 -1.071365e-13
    outer loop
      vertex   -5.376122e+00 -1.200000e+01 7.040000e+01
      vertex   -5.376122e+00 -5.855106e+00 6.844390e+01
      vertex   -5.376122e+00 -1.200000e+01 6.880000e+01
    endloop
  endfacet
  facet normal -1.000000e+00 -1.810851e-14 -1.318026e-14
    outer loop
      vertex   -5.376122e+00 -1.200000e+01 6.880000e+01
      vertex   -5.376122e+00 -5.855106e+00 6.844390e+01
      vertex   -5.376122e+00 -7.014838e+00 6.774611e+01
    endloop
  endfacet
  facet normal -1.000000e+00 -1.826577e-14 -1.392412e-14
    outer loop
      vertex   -5.376122e+00 -1.200000e+01 6.880000e+01
      vertex   -5.376122e+00 -7.014838e+00 6.774611e+01
      vertex   -5.376122e+00 -8.092329e+00 6.692703e+01
    endloop
  endfacet
  facet normal -1.000000e+00 -1.832653e-14 -1.405089e-14
    outer loop
      vertex   -5.376122e+00 -8.092329e+00 6.692703e+01
      vertex   -5.376122e+00 -9.074944e+00 6.599624e+01
      vertex   -5.376122e+00 -1.200000e+01 6.880000e+01
    endloop
  endfacet
  facet normal -1.000000e+00 -8.374254e-15 -3.668046e-15
    outer loop
      vertex   -5.376122e+00 -1.200000e+01 6.880000e+01
      vertex   -5.376122e+00 -9.074944e+00 6.599624e+01
      vertex   -5.376122e+00 -1.550000e+01 6.880000e+01
    endloop
  endfacet
  facet normal -1.000000e+00 -1.481005e-14 -1.841625e-14
    outer loop
      vertex   -5.376122e+00 -1.550000e+01 6.880000e+01
      vertex   -5.376122e+00 -9.074944e+00 6.599624e+01
      vertex   -5.376122e+00 -9.951163e+00 6.496468e+01
    endloop
  endfacet
  facet normal -1.000000e+00 2.226678e-13 3.251600e-13
    outer loop
      vertex   -5.376122e+00 -1.550000e+01 6.880000e+01
      vertex   -5.376122e+00 -9.951163e+00 6.496468e+01
      vertex   -5.376122e+00 -1.612429e+01 6.886149e+01
    endloop
  endfacet
  facet normal -1.000000e+00 -7.532766e-17 -2.769820e-14
    outer loop
      vertex   -5.376122e+00 -1.612429e+01 6.886149e+01
      vertex   -5.376122e+00 -9.951163e+00 6.496468e+01
      vertex   -5.376122e+00 -1.071071e+01 6.384442e+01
    endloop
  endfacet
  facet normal -1.000000e+00 1.468851e-15 -2.603198e-14
    outer loop
      vertex   -5.376122e+00 -1.612429e+01 6.886149e+01
      vertex   -5.376122e+00 -1.071071e+01 6.384442e+01
      vertex   -5.376122e+00 -1.134469e+01 6.264861e+01
    endloop
  endfacet
  facet normal -1.000000e+00 -4.957786e-15 -3.097602e-14
    outer loop
      vertex   -5.376122e+00 -1.612429e+01 6.886149e+01
      vertex   -5.376122e+00 -1.134469e+01 6.264861e+01
      vertex   -5.376122e+00 -1.672459e+01 6.904359e+01
    endloop
  endfacet
  facet normal -1.000000e+00 2.248805e-15 -2.491334e-14
    outer loop
      vertex   -5.376122e+00 -1.672459e+01 6.904359e+01
      vertex   -5.376122e+00 -1.134469e+01 6.264861e+01
      vertex   -5.376122e+00 -1.184566e+01 6.139127e+01
    endloop
  endfacet
  facet normal -1.000000e+00 -1.649247e-14 -3.686230e-14
    outer loop
      vertex   -5.376122e+00 -1.672459e+01 6.904359e+01
      vertex   -5.376122e+00 -1.184566e+01 6.139127e+01
      vertex   -5.376122e+00 -1.727782e+01 6.933930e+01
    endloop
  endfacet
  facet normal -1.000000e+00 3.950523e-15 -2.289033e-14
    outer loop
      vertex   -5.376122e+00 -1.727782e+01 6.933930e+01
      vertex   -5.376122e+00 -1.184566e+01 6.139127e+01
      vertex   -5.376122e+00 -1.220776e+01 6.008713e+01
    endloop
  endfacet
  facet normal -1.000000e+00 4.789378e-16 -2.479271e-14
    outer loop
      vertex   -5.376122e+00 -1.727782e+01 6.933930e+01
      vertex   -5.376122e+00 -1.220776e+01 6.008713e+01
      vertex   -5.376122e+00 -4.944961e+01 7.828287e+01
    endloop
  endfacet
  facet normal -1.000000e+00 2.634267e-15 -2.038133e-14
    outer loop
      vertex   -5.376122e+00 -4.944961e+01 7.828287e+01
      vertex   -5.376122e+00 -1.220776e+01 6.008713e+01
      vertex   -5.376122e+00 -1.242672e+01 5.875149e+01
    endloop
  endfacet
  facet normal -1.000000e+00 5.312393e-14 7.532480e-14
    outer loop
      vertex   -5.376122e+00 -4.944961e+01 7.828287e+01
      vertex   -5.376122e+00 -1.242672e+01 5.875149e+01
      vertex   -5.376122e+00 -1.250000e+01 5.740000e+01
    endloop
  endfacet
  facet normal -1.000000e+00 -1.792040e-14 -1.812563e-14
    outer loop
      vertex   -5.376122e+00 -1.250000e+01 4.132759e+01
      vertex   -5.376122e+00 -1.252926e+01 4.135651e+01
      vertex   -5.376122e+00 -1.250000e+01 5.740000e+01
    endloop
  endfacet
  facet normal -1.000000e+00 -1.800328e-14 -1.812548e-14
    outer loop
      vertex   -5.376122e+00 -1.250000e+01 5.740000e+01
      vertex   -5.376122e+00 -1.252926e+01 4.135651e+01
      vertex   -5.376122e+00 -1.255845e+01 4.138551e+01
    endloop
  endfacet
  facet normal -1.000000e+00 -1.808640e-14 -1.812517e-14
    outer loop
      vertex   -5.376122e+00 -1.250000e+01 5.740000e+01
      vertex   -5.376122e+00 -1.255845e+01 4.138551e+01
      vertex   -5.376122e+00 -1.258757e+01 4.141457e+01
    endloop
  endfacet
  facet normal -1.000000e+00 2.518809e-16 -1.822563e-14
    outer loop
      vertex   -5.376122e+00 -1.258757e+01 4.141457e+01
      vertex   -5.376122e+00 -4.944961e+01 7.828287e+01
      vertex   -5.376122e+00 -1.250000e+01 5.740000e+01
    endloop
  endfacet
  facet normal -1.000000e+00 2.046024e-08 0.000000e+00
    outer loop
      vertex   -5.376122e+00 -4.944961e+01 8.000000e+01
      vertex   -5.376121e+00 -1.870000e+01 8.000000e+01
      vertex   -5.376122e+00 -4.944961e+01 7.828287e+01
    endloop
  endfacet
  facet normal -1.000000e+00 1.606862e-08 7.864298e-08
    outer loop
      vertex   -5.376122e+00 -4.944961e+01 7.828287e+01
      vertex   -5.376121e+00 -1.870000e+01 8.000000e+01
      vertex   -5.376122e+00 -1.870000e+01 7.200000e+01
    endloop
  endfacet
  facet normal -1.000000e+00 4.739795e-14 1.810836e-13
    outer loop
      vertex   -5.376122e+00 -4.944961e+01 7.828287e+01
      vertex   -5.376122e+00 -1.870000e+01 7.200000e+01
      vertex   -5.376122e+00 -1.863851e+01 7.137571e+01
    endloop
  endfacet
  facet normal -1.000000e+00 3.740599e-15 -1.366093e-14
    outer loop
      vertex   -5.376122e+00 -1.863851e+01 7.137571e+01
      vertex   -5.376122e+00 -1.845641e+01 7.077541e+01
      vertex   -5.376122e+00 -4.944961e+01 7.828287e+01
    endloop
  endfacet
  facet normal -1.000000e+00 4.524438e-15 -1.042499e-14
    outer loop
      vertex   -5.376122e+00 -4.944961e+01 7.828287e+01
      vertex   -5.376122e+00 -1.845641e+01 7.077541e+01
      vertex   -5.376122e+00 -1.816070e+01 7.022218e+01
    endloop
  endfacet
  facet normal -1.000000e+00 4.356265e-15 -1.107778e-14
    outer loop
      vertex   -5.376122e+00 -4.944961e+01 7.828287e+01
      vertex   -5.376122e+00 -1.816070e+01 7.022218e+01
      vertex   -5.376122e+00 -1.776274e+01 6.973726e+01
    endloop
  endfacet
  facet normal -1.000000e+00 6.455828e-15 -3.292663e-15
    outer loop
      vertex   -5.376122e+00 -1.776274e+01 6.973726e+01
      vertex   -5.376122e+00 -1.727782e+01 6.933930e+01
      vertex   -5.376122e+00 -4.944961e+01 7.828287e+01
    endloop
  endfacet
  facet normal -1.000000e+00 -6.455828e-15 -3.292663e-15
    outer loop
      vertex   -5.376122e+00 1.727782e+01 6.933930e+01
      vertex   -5.376122e+00 1.776274e+01 6.973726e+01
      vertex   -5.376122e+00 4.944961e+01 7.828287e+01
    endloop
  endfacet
  facet normal -1.000000e+00 -4.356265e-15 -1.107778e-14
    outer loop
      vertex   -5.376122e+00 4.944961e+01 7.828287e+01
      vertex   -5.376122e+00 1.776274e+01 6.973726e+01
      vertex   -5.376122e+00 1.816070e+01 7.022218e+01
    endloop
  endfacet
  facet normal -1.000000e+00 -4.524438e-15 -1.042499e-14
    outer loop
      vertex   -5.376122e+00 4.944961e+01 7.828287e+01
      vertex   -5.376122e+00 1.816070e+01 7.022218e+01
      vertex   -5.376122e+00 1.845641e+01 7.077541e+01
    endloop
  endfacet
  facet normal -1.000000e+00 -3.740599e-15 -1.366093e-14
    outer loop
      vertex   -5.376122e+00 1.845641e+01 7.077541e+01
      vertex   -5.376122e+00 1.863851e+01 7.137571e+01
      vertex   -5.376122e+00 4.944961e+01 7.828287e+01
    endloop
  endfacet
endsolid
