solid ASCII
  facet normal 0.000000e+00 -9.914449e-01 1.305262e-01
    outer loop
      vertex   2.850000e+01 2.250000e+01 2.250000e+02
      vertex   3.650000e+01 2.250000e+01 2.250000e+02
      vertex   3.250000e+01 2.253407e+01 2.252588e+02
    endloop
  endfacet
  facet normal -4.500331e-14 -9.914449e-01 1.305262e-01
    outer loop
      vertex   3.250000e+01 2.253407e+01 2.252588e+02
      vertex   3.650000e+01 2.250000e+01 2.250000e+02
      vertex   3.650000e+01 2.253407e+01 2.252588e+02
    endloop
  endfacet
  facet normal -4.564618e-14 -9.238795e-01 3.826834e-01
    outer loop
      vertex   3.250000e+01 2.253407e+01 2.252588e+02
      vertex   3.650000e+01 2.253407e+01 2.252588e+02
      vertex   3.250000e+01 2.263397e+01 2.255000e+02
    endloop
  endfacet
  facet normal -3.908162e-14 -9.238795e-01 3.826834e-01
    outer loop
      vertex   3.250000e+01 2.263397e+01 2.255000e+02
      vertex   3.650000e+01 2.253407e+01 2.252588e+02
      vertex   3.650000e+01 2.263397e+01 2.255000e+02
    endloop
  endfacet
  facet normal -3.754123e-14 -7.933533e-01 6.087614e-01
    outer loop
      vertex   3.250000e+01 2.263397e+01 2.255000e+02
      vertex   3.650000e+01 2.263397e+01 2.255000e+02
      vertex   3.250000e+01 2.279289e+01 2.257071e+02
    endloop
  endfacet
  facet normal -4.266906e-14 -7.933533e-01 6.087614e-01
    outer loop
      vertex   3.250000e+01 2.279289e+01 2.257071e+02
      vertex   3.650000e+01 2.263397e+01 2.255000e+02
      vertex   3.650000e+01 2.279289e+01 2.257071e+02
    endloop
  endfacet
  facet normal -4.201325e-14 -6.087614e-01 7.933533e-01
    outer loop
      vertex   3.250000e+01 2.279289e+01 2.257071e+02
      vertex   3.650000e+01 2.279289e+01 2.257071e+02
      vertex   3.250000e+01 2.300000e+01 2.258660e+02
    endloop
  endfacet
  facet normal -4.896197e-14 -6.087614e-01 7.933533e-01
    outer loop
      vertex   3.250000e+01 2.300000e+01 2.258660e+02
      vertex   3.650000e+01 2.279289e+01 2.257071e+02
      vertex   3.650000e+01 2.300000e+01 2.258660e+02
    endloop
  endfacet
  facet normal -4.890431e-14 -3.826834e-01 9.238795e-01
    outer loop
      vertex   3.250000e+01 2.300000e+01 2.258660e+02
      vertex   3.650000e+01 2.300000e+01 2.258660e+02
      vertex   3.250000e+01 2.324118e+01 2.259659e+02
    endloop
  endfacet
  facet normal -5.003061e-14 -3.826834e-01 9.238795e-01
    outer loop
      vertex   3.250000e+01 2.324118e+01 2.259659e+02
      vertex   3.650000e+01 2.300000e+01 2.258660e+02
      vertex   3.650000e+01 2.324118e+01 2.259659e+02
    endloop
  endfacet
  facet normal -5.070364e-14 -1.305262e-01 9.914449e-01
    outer loop
      vertex   3.250000e+01 2.324118e+01 2.259659e+02
      vertex   3.650000e+01 2.324118e+01 2.259659e+02
      vertex   3.650000e+01 2.350000e+01 2.260000e+02
    endloop
  endfacet
  facet normal 0.000000e+00 -1.305262e-01 9.914449e-01
    outer loop
      vertex   3.650000e+01 2.350000e+01 2.260000e+02
      vertex   2.850000e+01 2.350000e+01 2.260000e+02
      vertex   3.250000e+01 2.324118e+01 2.259659e+02
    endloop
  endfacet
  facet normal 4.354307e-14 -1.305262e-01 9.914449e-01
    outer loop
      vertex   3.250000e+01 2.324118e+01 2.259659e+02
      vertex   2.850000e+01 2.350000e+01 2.260000e+02
      vertex   2.850000e+01 2.324118e+01 2.259659e+02
    endloop
  endfacet
  facet normal 4.312616e-14 -3.826834e-01 9.238795e-01
    outer loop
      vertex   3.250000e+01 2.324118e+01 2.259659e+02
      vertex   2.850000e+01 2.324118e+01 2.259659e+02
      vertex   3.250000e+01 2.300000e+01 2.258660e+02
    endloop
  endfacet
  facet normal 4.856441e-14 -3.826834e-01 9.238795e-01
    outer loop
      vertex   3.250000e+01 2.300000e+01 2.258660e+02
      vertex   2.850000e+01 2.324118e+01 2.259659e+02
      vertex   2.850000e+01 2.300000e+01 2.258660e+02
    endloop
  endfacet
  facet normal 4.842128e-14 -6.087614e-01 7.933533e-01
    outer loop
      vertex   3.250000e+01 2.300000e+01 2.258660e+02
      vertex   2.850000e+01 2.300000e+01 2.258660e+02
      vertex   3.250000e+01 2.279289e+01 2.257071e+02
    endloop
  endfacet
  facet normal 4.039119e-14 -6.087614e-01 7.933533e-01
    outer loop
      vertex   3.250000e+01 2.279289e+01 2.257071e+02
      vertex   2.850000e+01 2.300000e+01 2.258660e+02
      vertex   2.850000e+01 2.279289e+01 2.257071e+02
    endloop
  endfacet
  facet normal 4.055514e-14 -7.933533e-01 6.087614e-01
    outer loop
      vertex   3.250000e+01 2.279289e+01 2.257071e+02
      vertex   2.850000e+01 2.279289e+01 2.257071e+02
      vertex   3.250000e+01 2.263397e+01 2.255000e+02
    endloop
  endfacet
  facet normal 3.542731e-14 -7.933533e-01 6.087614e-01
    outer loop
      vertex   3.250000e+01 2.263397e+01 2.255000e+02
      vertex   2.850000e+01 2.279289e+01 2.257071e+02
      vertex   2.850000e+01 2.263397e+01 2.255000e+02
    endloop
  endfacet
  facet normal 3.661991e-14 -9.238795e-01 3.826834e-01
    outer loop
      vertex   3.250000e+01 2.263397e+01 2.255000e+02
      vertex   2.850000e+01 2.263397e+01 2.255000e+02
      vertex   3.250000e+01 2.253407e+01 2.252588e+02
    endloop
  endfacet
  facet normal 4.400504e-14 -9.238795e-01 3.826834e-01
    outer loop
      vertex   3.250000e+01 2.253407e+01 2.252588e+02
      vertex   2.850000e+01 2.263397e+01 2.255000e+02
      vertex   2.850000e+01 2.253407e+01 2.252588e+02
    endloop
  endfacet
  facet normal 4.324215e-14 -9.914449e-01 1.305262e-01
    outer loop
      vertex   3.250000e+01 2.253407e+01 2.252588e+02
      vertex   2.850000e+01 2.253407e+01 2.252588e+02
      vertex   2.850000e+01 2.250000e+01 2.250000e+02
    endloop
  endfacet
  facet normal -1.000000e+00 0.000000e+00 0.000000e+00
    outer loop
      vertex   2.850000e+01 2.250000e+01 2.228000e+02
      vertex   2.850000e+01 2.250000e+01 2.250000e+02
      vertex   2.850000e+01 2.650000e+01 2.260000e+02
    endloop
  endfacet
  facet normal -1.000000e+00 0.000000e+00 0.000000e+00
    outer loop
      vertex   2.850000e+01 2.650000e+01 2.260000e+02
      vertex   2.850000e+01 2.250000e+01 2.250000e+02
      vertex   2.850000e+01 2.253407e+01 2.252588e+02
    endloop
  endfacet
  facet normal -1.000000e+00 0.000000e+00 0.000000e+00
    outer loop
      vertex   2.850000e+01 2.650000e+01 2.260000e+02
      vertex   2.850000e+01 2.253407e+01 2.252588e+02
      vertex   2.850000e+01 2.263397e+01 2.255000e+02
    endloop
  endfacet
  facet normal -1.000000e+00 0.000000e+00 0.000000e+00
    outer loop
      vertex   2.850000e+01 2.263397e+01 2.255000e+02
      vertex   2.850000e+01 2.279289e+01 2.257071e+02
      vertex   2.850000e+01 2.650000e+01 2.260000e+02
    endloop
  endfacet
  facet normal -1.000000e+00 0.000000e+00 0.000000e+00
    outer loop
      vertex   2.850000e+01 2.650000e+01 2.260000e+02
      vertex   2.850000e+01 2.279289e+01 2.257071e+02
      vertex   2.850000e+01 2.300000e+01 2.258660e+02
    endloop
  endfacet
  facet normal -1.000000e+00 -0.000000e+00 0.000000e+00
    outer loop
      vertex   2.850000e+01 2.650000e+01 2.260000e+02
      vertex   2.850000e+01 2.300000e+01 2.258660e+02
      vertex   2.850000e+01 2.350000e+01 2.260000e+02
    endloop
  endfacet
  facet normal -1.000000e+00 0.000000e+00 0.000000e+00
    outer loop
      vertex   2.850000e+01 2.350000e+01 2.260000e+02
      vertex   2.850000e+01 2.300000e+01 2.258660e+02
      vertex   2.850000e+01 2.324118e+01 2.259659e+02
    endloop
  endfacet
  facet normal -1.000000e+00 0.000000e+00 -0.000000e+00
    outer loop
      vertex   2.850000e+01 2.250000e+01 2.228000e+02
      vertex   2.850000e+01 2.650000e+01 2.260000e+02
      vertex   2.850000e+01 2.246593e+01 2.225412e+02
    endloop
  endfacet
  facet normal -1.000000e+00 0.000000e+00 0.000000e+00
    outer loop
      vertex   2.850000e+01 2.246593e+01 2.225412e+02
      vertex   2.850000e+01 2.650000e+01 2.260000e+02
      vertex   2.850000e+01 2.650000e+01 2.183000e+02
    endloop
  endfacet
  facet normal -1.000000e+00 0.000000e+00 -0.000000e+00
    outer loop
      vertex   2.850000e+01 2.246593e+01 2.225412e+02
      vertex   2.850000e+01 2.650000e+01 2.183000e+02
      vertex   2.850000e+01 2.236603e+01 2.223000e+02
    endloop
  endfacet
  facet normal -1.000000e+00 0.000000e+00 -0.000000e+00
    outer loop
      vertex   2.850000e+01 2.236603e+01 2.223000e+02
      vertex   2.850000e+01 2.650000e+01 2.183000e+02
      vertex   2.850000e+01 2.220711e+01 2.220929e+02
    endloop
  endfacet
  facet normal -1.000000e+00 0.000000e+00 -0.000000e+00
    outer loop
      vertex   2.850000e+01 2.220711e+01 2.220929e+02
      vertex   2.850000e+01 2.650000e+01 2.183000e+02
      vertex   2.850000e+01 2.200000e+01 2.219340e+02
    endloop
  endfacet
  facet normal -1.000000e+00 0.000000e+00 -0.000000e+00
    outer loop
      vertex   2.850000e+01 2.200000e+01 2.219340e+02
      vertex   2.850000e+01 2.650000e+01 2.183000e+02
      vertex   2.850000e+01 2.175882e+01 2.218341e+02
    endloop
  endfacet
  facet normal -1.000000e+00 0.000000e+00 -0.000000e+00
    outer loop
      vertex   2.850000e+01 2.175882e+01 2.218341e+02
      vertex   2.850000e+01 2.650000e+01 2.183000e+02
      vertex   2.850000e+01 2.150000e+01 2.218000e+02
    endloop
  endfacet
  facet normal -1.000000e+00 0.000000e+00 -0.000000e+00
    outer loop
      vertex   2.850000e+01 2.150000e+01 2.218000e+02
      vertex   2.850000e+01 2.650000e+01 2.183000e+02
      vertex   2.850000e+01 -2.650000e+01 2.183000e+02
    endloop
  endfacet
  facet normal -1.000000e+00 -0.000000e+00 0.000000e+00
    outer loop
      vertex   2.850000e+01 2.150000e+01 2.218000e+02
      vertex   2.850000e+01 -2.650000e+01 2.183000e+02
      vertex   2.850000e+01 -2.150000e+01 2.218000e+02
    endloop
  endfacet
  facet normal -1.000000e+00 -0.000000e+00 0.000000e+00
    outer loop
      vertex   2.850000e+01 -2.150000e+01 2.218000e+02
      vertex   2.850000e+01 -2.650000e+01 2.183000e+02
      vertex   2.850000e+01 -2.175882e+01 2.218341e+02
    endloop
  endfacet
  facet normal -1.000000e+00 -0.000000e+00 0.000000e+00
    outer loop
      vertex   2.850000e+01 -2.175882e+01 2.218341e+02
      vertex   2.850000e+01 -2.650000e+01 2.183000e+02
      vertex   2.850000e+01 -2.200000e+01 2.219340e+02
    endloop
  endfacet
  facet normal -1.000000e+00 -0.000000e+00 0.000000e+00
    outer loop
      vertex   2.850000e+01 -2.200000e+01 2.219340e+02
      vertex   2.850000e+01 -2.650000e+01 2.183000e+02
      vertex   2.850000e+01 -2.220711e+01 2.220929e+02
    endloop
  endfacet
  facet normal -1.000000e+00 -0.000000e+00 0.000000e+00
    outer loop
      vertex   2.850000e+01 -2.220711e+01 2.220929e+02
      vertex   2.850000e+01 -2.650000e+01 2.183000e+02
      vertex   2.850000e+01 -2.236603e+01 2.223000e+02
    endloop
  endfacet
  facet normal -1.000000e+00 -0.000000e+00 0.000000e+00
    outer loop
      vertex   2.850000e+01 -2.236603e+01 2.223000e+02
      vertex   2.850000e+01 -2.650000e+01 2.183000e+02
      vertex   2.850000e+01 -2.246593e+01 2.225412e+02
    endloop
  endfacet
  facet normal -1.000000e+00 -0.000000e+00 0.000000e+00
    outer loop
      vertex   2.850000e+01 -2.246593e+01 2.225412e+02
      vertex   2.850000e+01 -2.650000e+01 2.183000e+02
      vertex   2.850000e+01 -2.650000e+01 2.260000e+02
    endloop
  endfacet
  facet normal -1.000000e+00 0.000000e+00 0.000000e+00
    outer loop
      vertex   2.850000e+01 -2.246593e+01 2.225412e+02
      vertex   2.850000e+01 -2.650000e+01 2.260000e+02
      vertex   2.850000e+01 -2.250000e+01 2.228000e+02
    endloop
  endfacet
  facet normal -1.000000e+00 0.000000e+00 0.000000e+00
    outer loop
      vertex   2.850000e+01 -2.250000e+01 2.228000e+02
      vertex   2.850000e+01 -2.650000e+01 2.260000e+02
      vertex   2.850000e+01 -2.250000e+01 2.250000e+02
    endloop
  endfacet
  facet normal -1.000000e+00 0.000000e+00 0.000000e+00
    outer loop
      vertex   2.850000e+01 -2.250000e+01 2.250000e+02
      vertex   2.850000e+01 -2.650000e+01 2.260000e+02
      vertex   2.850000e+01 -2.253407e+01 2.252588e+02
    endloop
  endfacet
  facet normal -1.000000e+00 0.000000e+00 0.000000e+00
    outer loop
      vertex   2.850000e+01 -2.253407e+01 2.252588e+02
      vertex   2.850000e+01 -2.650000e+01 2.260000e+02
      vertex   2.850000e+01 -2.263397e+01 2.255000e+02
    endloop
  endfacet
  facet normal -1.000000e+00 0.000000e+00 0.000000e+00
    outer loop
      vertex   2.850000e+01 -2.263397e+01 2.255000e+02
      vertex   2.850000e+01 -2.650000e+01 2.260000e+02
      vertex   2.850000e+01 -2.279289e+01 2.257071e+02
    endloop
  endfacet
  facet normal -1.000000e+00 0.000000e+00 0.000000e+00
    outer loop
      vertex   2.850000e+01 -2.279289e+01 2.257071e+02
      vertex   2.850000e+01 -2.650000e+01 2.260000e+02
      vertex   2.850000e+01 -2.300000e+01 2.258660e+02
    endloop
  endfacet
  facet normal -1.000000e+00 0.000000e+00 0.000000e+00
    outer loop
      vertex   2.850000e+01 -2.300000e+01 2.258660e+02
      vertex   2.850000e+01 -2.650000e+01 2.260000e+02
      vertex   2.850000e+01 -2.350000e+01 2.260000e+02
    endloop
  endfacet
  facet normal -1.000000e+00 0.000000e+00 0.000000e+00
    outer loop
      vertex   2.850000e+01 -2.300000e+01 2.258660e+02
      vertex   2.850000e+01 -2.350000e+01 2.260000e+02
      vertex   2.850000e+01 -2.324118e+01 2.259659e+02
    endloop
  endfacet
  facet normal 0.000000e+00 0.000000e+00 1.000000e+00
    outer loop
      vertex   2.850000e+01 2.350000e+01 2.260000e+02
      vertex   3.650000e+01 2.350000e+01 2.260000e+02
      vertex   2.850000e+01 2.650000e+01 2.260000e+02
    endloop
  endfacet
  facet normal 7.501545e-14 2.000412e-13 1.000000e+00
    outer loop
      vertex   2.850000e+01 2.650000e+01 2.260000e+02
      vertex   3.650000e+01 2.350000e+01 2.260000e+02
      vertex   2.844986e+01 2.694504e+01 2.260000e+02
    endloop
  endfacet
  facet normal -1.116041e-14 -1.328799e-15 1.000000e+00
    outer loop
      vertex   2.844986e+01 2.694504e+01 2.260000e+02
      vertex   3.650000e+01 2.350000e+01 2.260000e+02
      vertex   3.310258e+01 3.064544e+01 2.260000e+02
    endloop
  endfacet
  facet normal -9.557447e-15 -3.344295e-15 1.000000e+00
    outer loop
      vertex   2.844986e+01 2.694504e+01 2.260000e+02
      vertex   3.310258e+01 3.064544e+01 2.260000e+02
      vertex   2.830194e+01 2.736777e+01 2.260000e+02
    endloop
  endfacet
  facet normal -4.409571e-14 4.724220e-14 1.000000e+00
    outer loop
      vertex   2.830194e+01 2.736777e+01 2.260000e+02
      vertex   3.310258e+01 3.064544e+01 2.260000e+02
      vertex   2.806366e+01 2.774698e+01 2.260000e+02
    endloop
  endfacet
  facet normal -8.016969e-14 1.099561e-13 1.000000e+00
    outer loop
      vertex   2.806366e+01 2.774698e+01 2.260000e+02
      vertex   3.310258e+01 3.064544e+01 2.260000e+02
      vertex   3.262244e+01 3.055385e+01 2.260000e+02
    endloop
  endfacet
  facet normal -7.717370e-15 -7.717370e-15 1.000000e+00
    outer loop
      vertex   2.806366e+01 2.774698e+01 2.260000e+02
      vertex   3.262244e+01 3.055385e+01 2.260000e+02
      vertex   2.774698e+01 2.806366e+01 2.260000e+02
    endloop
  endfacet
  facet normal 2.717509e-14 -7.603232e-14 1.000000e+00
    outer loop
      vertex   2.774698e+01 2.806366e+01 2.260000e+02
      vertex   3.262244e+01 3.055385e+01 2.260000e+02
      vertex   2.736777e+01 2.830194e+01 2.260000e+02
    endloop
  endfacet
  facet normal -2.431229e-15 -6.948054e-15 1.000000e+00
    outer loop
      vertex   2.736777e+01 2.830194e+01 2.260000e+02
      vertex   3.262244e+01 3.055385e+01 2.260000e+02
      vertex   2.694504e+01 2.844986e+01 2.260000e+02
    endloop
  endfacet
  facet normal 1.457529e-13 -4.068071e-13 1.000000e+00
    outer loop
      vertex   2.694504e+01 2.844986e+01 2.260000e+02
      vertex   3.262244e+01 3.055385e+01 2.260000e+02
      vertex   2.650000e+01 2.850000e+01 2.260000e+02
    endloop
  endfacet
  facet normal 1.466268e-15 2.330566e-14 1.000000e+00
    outer loop
      vertex   2.650000e+01 2.850000e+01 2.260000e+02
      vertex   3.262244e+01 3.055385e+01 2.260000e+02
      vertex   3.213461e+01 3.058454e+01 2.260000e+02
    endloop
  endfacet
  facet normal 4.717233e-15 1.451815e-14 1.000000e+00
    outer loop
      vertex   2.650000e+01 2.850000e+01 2.260000e+02
      vertex   3.213461e+01 3.058454e+01 2.260000e+02
      vertex   3.166973e+01 3.073559e+01 2.260000e+02
    endloop
  endfacet
  facet normal -1.529509e-15 3.250371e-15 1.000000e+00
    outer loop
      vertex   3.310258e+01 3.064544e+01 2.260000e+02
      vertex   3.650000e+01 2.350000e+01 2.260000e+02
      vertex   3.354486e+01 3.085356e+01 2.260000e+02
    endloop
  endfacet
  facet normal -9.617727e-15 0.000000e+00 1.000000e+00
    outer loop
      vertex   3.354486e+01 3.085356e+01 2.260000e+02
      vertex   3.650000e+01 2.350000e+01 2.260000e+02
      vertex   3.650000e+01 3.250000e+01 2.260000e+02
    endloop
  endfacet
  facet normal -2.945455e-14 3.560443e-14 1.000000e+00
    outer loop
      vertex   3.354486e+01 3.085356e+01 2.260000e+02
      vertex   3.650000e+01 3.250000e+01 2.260000e+02
      vertex   3.392149e+01 3.116513e+01 2.260000e+02
    endloop
  endfacet
  facet normal 4.197139e-14 -1.023663e-13 1.000000e+00
    outer loop
      vertex   3.392149e+01 3.116513e+01 2.260000e+02
      vertex   3.650000e+01 3.250000e+01 2.260000e+02
      vertex   3.420880e+01 3.156058e+01 2.260000e+02
    endloop
  endfacet
  facet normal 0.000000e+00 0.000000e+00 1.000000e+00
    outer loop
      vertex   3.420880e+01 3.156058e+01 2.260000e+02
      vertex   3.650000e+01 3.250000e+01 2.260000e+02
      vertex   3.438874e+01 3.201505e+01 2.260000e+02
    endloop
  endfacet
  facet normal 0.000000e+00 0.000000e+00 1.000000e+00
    outer loop
      vertex   3.438874e+01 3.201505e+01 2.260000e+02
      vertex   3.650000e+01 3.250000e+01 2.260000e+02
      vertex   3.445000e+01 3.250000e+01 2.260000e+02
    endloop
  endfacet
  facet normal -6.967162e-21 -1.172162e-13 1.000000e+00
    outer loop
      vertex   3.445000e+01 3.250000e+01 2.260000e+02
      vertex   3.650000e+01 3.250000e+01 2.260000e+02
      vertex   3.438874e+01 3.298495e+01 2.260000e+02
    endloop
  endfacet
  facet normal 4.665906e-14 8.591919e-14 1.000000e+00
    outer loop
      vertex   3.438874e+01 3.298495e+01 2.260000e+02
      vertex   3.650000e+01 3.250000e+01 2.260000e+02
      vertex   3.643923e+01 3.319459e+01 2.260000e+02
    endloop
  endfacet
  facet normal 5.328656e-14 2.109764e-14 1.000000e+00
    outer loop
      vertex   3.438874e+01 3.298495e+01 2.260000e+02
      vertex   3.643923e+01 3.319459e+01 2.260000e+02
      vertex   3.420880e+01 3.343942e+01 2.260000e+02
    endloop
  endfacet
  facet normal 5.251532e-14 1.407144e-14 1.000000e+00
    outer loop
      vertex   3.420880e+01 3.343942e+01 2.260000e+02
      vertex   3.643923e+01 3.319459e+01 2.260000e+02
      vertex   3.625877e+01 3.386808e+01 2.260000e+02
    endloop
  endfacet
  facet normal 4.814357e-14 3.497835e-14 1.000000e+00
    outer loop
      vertex   3.420880e+01 3.343942e+01 2.260000e+02
      vertex   3.625877e+01 3.386808e+01 2.260000e+02
      vertex   3.392149e+01 3.383487e+01 2.260000e+02
    endloop
  endfacet
  facet normal 4.781921e-14 5.780350e-14 1.000000e+00
    outer loop
      vertex   3.392149e+01 3.383487e+01 2.260000e+02
      vertex   3.625877e+01 3.386808e+01 2.260000e+02
      vertex   3.354486e+01 3.414644e+01 2.260000e+02
    endloop
  endfacet
  facet normal 3.914975e-14 -2.672097e-14 1.000000e+00
    outer loop
      vertex   3.354486e+01 3.414644e+01 2.260000e+02
      vertex   3.625877e+01 3.386808e+01 2.260000e+02
      vertex   3.596410e+01 3.450000e+01 2.260000e+02
    endloop
  endfacet
  facet normal 4.212101e-14 -4.705185e-14 1.000000e+00
    outer loop
      vertex   3.354486e+01 3.414644e+01 2.260000e+02
      vertex   3.596410e+01 3.450000e+01 2.260000e+02
      vertex   3.310258e+01 3.435456e+01 2.260000e+02
    endloop
  endfacet
  facet normal 3.137106e-14 1.644528e-13 1.000000e+00
    outer loop
      vertex   3.310258e+01 3.435456e+01 2.260000e+02
      vertex   3.596410e+01 3.450000e+01 2.260000e+02
      vertex   3.262244e+01 3.444615e+01 2.260000e+02
    endloop
  endfacet
  facet normal 3.364148e-14 2.355602e-14 1.000000e+00
    outer loop
      vertex   3.262244e+01 3.444615e+01 2.260000e+02
      vertex   3.596410e+01 3.450000e+01 2.260000e+02
      vertex   3.556418e+01 3.507115e+01 2.260000e+02
    endloop
  endfacet
  facet normal 2.177268e-14 7.942000e-14 1.000000e+00
    outer loop
      vertex   3.262244e+01 3.444615e+01 2.260000e+02
      vertex   3.556418e+01 3.507115e+01 2.260000e+02
      vertex   3.507115e+01 3.556418e+01 2.260000e+02
    endloop
  endfacet
  facet normal -9.274925e-15 1.474207e-13 1.000000e+00
    outer loop
      vertex   3.262244e+01 3.444615e+01 2.260000e+02
      vertex   3.507115e+01 3.556418e+01 2.260000e+02
      vertex   3.213461e+01 3.441546e+01 2.260000e+02
    endloop
  endfacet
  facet normal 3.104784e-14 4.434091e-14 1.000000e+00
    outer loop
      vertex   3.213461e+01 3.441546e+01 2.260000e+02
      vertex   3.507115e+01 3.556418e+01 2.260000e+02
      vertex   3.450000e+01 3.596410e+01 2.260000e+02
    endloop
  endfacet
  facet normal 3.761508e-14 3.431012e-14 1.000000e+00
    outer loop
      vertex   3.213461e+01 3.441546e+01 2.260000e+02
      vertex   3.450000e+01 3.596410e+01 2.260000e+02
      vertex   3.250000e+01 3.650000e+01 2.260000e+02
    endloop
  endfacet
  facet normal 6.681470e-14 1.432846e-13 1.000000e+00
    outer loop
      vertex   3.250000e+01 3.650000e+01 2.260000e+02
      vertex   3.450000e+01 3.596410e+01 2.260000e+02
      vertex   3.386808e+01 3.625877e+01 2.260000e+02
    endloop
  endfacet
  facet normal 4.029688e-14 -7.105427e-15 1.000000e+00
    outer loop
      vertex   3.250000e+01 3.650000e+01 2.260000e+02
      vertex   3.386808e+01 3.625877e+01 2.260000e+02
      vertex   3.319459e+01 3.643923e+01 2.260000e+02
    endloop
  endfacet
  facet normal -7.892367e-14 5.473790e-14 1.000000e+00
    outer loop
      vertex   3.213461e+01 3.441546e+01 2.260000e+02
      vertex   3.250000e+01 3.650000e+01 2.260000e+02
      vertex   3.166973e+01 3.426441e+01 2.260000e+02
    endloop
  endfacet
  facet normal 0.000000e+00 2.542662e-14 1.000000e+00
    outer loop
      vertex   3.166973e+01 3.426441e+01 2.260000e+02
      vertex   3.250000e+01 3.650000e+01 2.260000e+02
      vertex   -3.250000e+01 3.650000e+01 2.260000e+02
    endloop
  endfacet
  facet normal -4.510014e-17 2.413207e-14 1.000000e+00
    outer loop
      vertex   3.166973e+01 3.426441e+01 2.260000e+02
      vertex   -3.250000e+01 3.650000e+01 2.260000e+02
      vertex   -3.145514e+01 3.414644e+01 2.260000e+02
    endloop
  endfacet
  facet normal 9.559815e-14 6.659286e-14 1.000000e+00
    outer loop
      vertex   -3.145514e+01 3.414644e+01 2.260000e+02
      vertex   -3.250000e+01 3.650000e+01 2.260000e+02
      vertex   -3.189742e+01 3.435456e+01 2.260000e+02
    endloop
  endfacet
  facet normal 8.010473e-15 4.199237e-14 1.000000e+00
    outer loop
      vertex   -3.189742e+01 3.435456e+01 2.260000e+02
      vertex   -3.250000e+01 3.650000e+01 2.260000e+02
      vertex   -3.237756e+01 3.444615e+01 2.260000e+02
    endloop
  endfacet
  facet normal -1.088609e-13 3.502501e-14 1.000000e+00
    outer loop
      vertex   -3.237756e+01 3.444615e+01 2.260000e+02
      vertex   -3.250000e+01 3.650000e+01 2.260000e+02
      vertex   -3.450000e+01 3.596410e+01 2.260000e+02
    endloop
  endfacet
  facet normal -9.139095e-14 5.945200e-14 1.000000e+00
    outer loop
      vertex   -3.237756e+01 3.444615e+01 2.260000e+02
      vertex   -3.450000e+01 3.596410e+01 2.260000e+02
      vertex   -3.507115e+01 3.556418e+01 2.260000e+02
    endloop
  endfacet
  facet normal -4.048337e-13 1.353365e-12 1.000000e+00
    outer loop
      vertex   -3.319459e+01 3.643923e+01 2.260000e+02
      vertex   -3.386808e+01 3.625877e+01 2.260000e+02
      vertex   -3.250000e+01 3.650000e+01 2.260000e+02
    endloop
  endfacet
  facet normal -2.946076e-13 7.282410e-13 1.000000e+00
    outer loop
      vertex   -3.250000e+01 3.650000e+01 2.260000e+02
      vertex   -3.386808e+01 3.625877e+01 2.260000e+02
      vertex   -3.450000e+01 3.596410e+01 2.260000e+02
    endloop
  endfacet
  facet normal -8.202260e-14 8.202260e-14 1.000000e+00
    outer loop
      vertex   -3.507115e+01 3.556418e+01 2.260000e+02
      vertex   -3.556418e+01 3.507115e+01 2.260000e+02
      vertex   -3.237756e+01 3.444615e+01 2.260000e+02
    endloop
  endfacet
  facet normal -2.382794e-14 3.787342e-13 1.000000e+00
    outer loop
      vertex   -3.237756e+01 3.444615e+01 2.260000e+02
      vertex   -3.556418e+01 3.507115e+01 2.260000e+02
      vertex   -3.286539e+01 3.441546e+01 2.260000e+02
    endloop
  endfacet
  facet normal -8.866965e-14 1.118494e-13 1.000000e+00
    outer loop
      vertex   -3.286539e+01 3.441546e+01 2.260000e+02
      vertex   -3.556418e+01 3.507115e+01 2.260000e+02
      vertex   -3.596410e+01 3.450000e+01 2.260000e+02
    endloop
  endfacet
  facet normal -8.935214e-14 8.683343e-14 1.000000e+00
    outer loop
      vertex   -3.286539e+01 3.441546e+01 2.260000e+02
      vertex   -3.596410e+01 3.450000e+01 2.260000e+02
      vertex   -3.333027e+01 3.426441e+01 2.260000e+02
    endloop
  endfacet
  facet normal -8.512161e-14 1.341302e-13 1.000000e+00
    outer loop
      vertex   -3.333027e+01 3.426441e+01 2.260000e+02
      vertex   -3.596410e+01 3.450000e+01 2.260000e+02
      vertex   -3.374298e+01 3.400250e+01 2.260000e+02
    endloop
  endfacet
  facet normal -1.133952e-13 7.900279e-15 1.000000e+00
    outer loop
      vertex   -3.374298e+01 3.400250e+01 2.260000e+02
      vertex   -3.596410e+01 3.450000e+01 2.260000e+02
      vertex   -3.625877e+01 3.386808e+01 2.260000e+02
    endloop
  endfacet
  facet normal -1.189410e-13 1.116930e-13 1.000000e+00
    outer loop
      vertex   -3.374298e+01 3.400250e+01 2.260000e+02
      vertex   -3.625877e+01 3.386808e+01 2.260000e+02
      vertex   -3.407758e+01 3.364618e+01 2.260000e+02
    endloop
  endfacet
  facet normal -1.226668e-13 7.506925e-14 1.000000e+00
    outer loop
      vertex   -3.407758e+01 3.364618e+01 2.260000e+02
      vertex   -3.625877e+01 3.386808e+01 2.260000e+02
      vertex   -3.643923e+01 3.319459e+01 2.260000e+02
    endloop
  endfacet
  facet normal -9.267905e-14 -8.175607e-14 1.000000e+00
    outer loop
      vertex   -3.407758e+01 3.364618e+01 2.260000e+02
      vertex   -3.643923e+01 3.319459e+01 2.260000e+02
      vertex   -3.431306e+01 3.321784e+01 2.260000e+02
    endloop
  endfacet
  facet normal -9.383654e-14 2.409313e-14 1.000000e+00
    outer loop
      vertex   -3.431306e+01 3.321784e+01 2.260000e+02
      vertex   -3.643923e+01 3.319459e+01 2.260000e+02
      vertex   -3.443462e+01 3.274440e+01 2.260000e+02
    endloop
  endfacet
  facet normal -3.424832e-14 2.894260e-13 1.000000e+00
    outer loop
      vertex   -3.443462e+01 3.274440e+01 2.260000e+02
      vertex   -3.643923e+01 3.319459e+01 2.260000e+02
      vertex   -3.650000e+01 3.250000e+01 2.260000e+02
    endloop
  endfacet
  facet normal 0.000000e+00 0.000000e+00 1.000000e+00
    outer loop
      vertex   -3.443462e+01 3.274440e+01 2.260000e+02
      vertex   -3.650000e+01 3.250000e+01 2.260000e+02
      vertex   -3.443462e+01 3.225560e+01 2.260000e+02
    endloop
  endfacet
  facet normal -7.326282e-15 -6.191302e-14 1.000000e+00
    outer loop
      vertex   -3.443462e+01 3.225560e+01 2.260000e+02
      vertex   -3.650000e+01 3.250000e+01 2.260000e+02
      vertex   -3.431306e+01 3.178216e+01 2.260000e+02
    endloop
  endfacet
  facet normal 1.585769e-14 8.717838e-15 1.000000e+00
    outer loop
      vertex   -3.431306e+01 3.178216e+01 2.260000e+02
      vertex   -3.650000e+01 3.250000e+01 2.260000e+02
      vertex   -3.407758e+01 3.135382e+01 2.260000e+02
    endloop
  endfacet
  facet normal 2.111441e-14 1.982775e-14 1.000000e+00
    outer loop
      vertex   -3.407758e+01 3.135382e+01 2.260000e+02
      vertex   -3.650000e+01 3.250000e+01 2.260000e+02
      vertex   -3.374298e+01 3.099750e+01 2.260000e+02
    endloop
  endfacet
  facet normal 1.030884e-14 0.000000e+00 1.000000e+00
    outer loop
      vertex   -3.374298e+01 3.099750e+01 2.260000e+02
      vertex   -3.650000e+01 3.250000e+01 2.260000e+02
      vertex   -3.650000e+01 2.350000e+01 2.260000e+02
    endloop
  endfacet
  facet normal 5.778680e-14 -1.745887e-14 1.000000e+00
    outer loop
      vertex   -3.374298e+01 3.099750e+01 2.260000e+02
      vertex   -3.650000e+01 2.350000e+01 2.260000e+02
      vertex   -3.333027e+01 3.073559e+01 2.260000e+02
    endloop
  endfacet
  facet normal 2.234536e-15 6.877195e-15 1.000000e+00
    outer loop
      vertex   -3.333027e+01 3.073559e+01 2.260000e+02
      vertex   -3.650000e+01 2.350000e+01 2.260000e+02
      vertex   -3.286539e+01 3.058454e+01 2.260000e+02
    endloop
  endfacet
  facet normal 9.171747e-15 3.318173e-15 1.000000e+00
    outer loop
      vertex   -3.286539e+01 3.058454e+01 2.260000e+02
      vertex   -3.650000e+01 2.350000e+01 2.260000e+02
      vertex   -2.844986e+01 2.694504e+01 2.260000e+02
    endloop
  endfacet
  facet normal 4.995859e-15 -1.748127e-15 1.000000e+00
    outer loop
      vertex   -3.286539e+01 3.058454e+01 2.260000e+02
      vertex   -2.844986e+01 2.694504e+01 2.260000e+02
      vertex   -2.830194e+01 2.736777e+01 2.260000e+02
    endloop
  endfacet
  facet normal 0.000000e+00 -0.000000e+00 1.000000e+00
    outer loop
      vertex   -2.850000e+01 2.350000e+01 2.260000e+02
      vertex   -2.850000e+01 2.650000e+01 2.260000e+02
      vertex   -3.650000e+01 2.350000e+01 2.260000e+02
    endloop
  endfacet
  facet normal -7.501545e-14 2.000412e-13 1.000000e+00
    outer loop
      vertex   -3.650000e+01 2.350000e+01 2.260000e+02
      vertex   -2.850000e+01 2.650000e+01 2.260000e+02
      vertex   -2.844986e+01 2.694504e+01 2.260000e+02
    endloop
  endfacet
  facet normal 4.093083e-14 4.923082e-14 1.000000e+00
    outer loop
      vertex   -2.830194e+01 2.736777e+01 2.260000e+02
      vertex   -2.806366e+01 2.774698e+01 2.260000e+02
      vertex   -3.286539e+01 3.058454e+01 2.260000e+02
    endloop
  endfacet
  facet normal 7.440929e-15 -7.440929e-15 1.000000e+00
    outer loop
      vertex   -3.286539e+01 3.058454e+01 2.260000e+02
      vertex   -2.806366e+01 2.774698e+01 2.260000e+02
      vertex   -2.774698e+01 2.806366e+01 2.260000e+02
    endloop
  endfacet
  facet normal -2.670757e-14 -7.677638e-14 1.000000e+00
    outer loop
      vertex   -3.286539e+01 3.058454e+01 2.260000e+02
      vertex   -2.774698e+01 2.806366e+01 2.260000e+02
      vertex   -2.736777e+01 2.830194e+01 2.260000e+02
    endloop
  endfacet
  facet normal -9.232835e-16 -1.467517e-14 1.000000e+00
    outer loop
      vertex   -3.286539e+01 3.058454e+01 2.260000e+02
      vertex   -2.736777e+01 2.830194e+01 2.260000e+02
      vertex   -3.237756e+01 3.055385e+01 2.260000e+02
    endloop
  endfacet
  facet normal 2.483247e-15 -7.096713e-15 1.000000e+00
    outer loop
      vertex   -3.237756e+01 3.055385e+01 2.260000e+02
      vertex   -2.736777e+01 2.830194e+01 2.260000e+02
      vertex   -2.694504e+01 2.844986e+01 2.260000e+02
    endloop
  endfacet
  facet normal -1.472335e-13 -3.936660e-13 1.000000e+00
    outer loop
      vertex   -3.237756e+01 3.055385e+01 2.260000e+02
      vertex   -2.694504e+01 2.844986e+01 2.260000e+02
      vertex   -2.650000e+01 2.850000e+01 2.260000e+02
    endloop
  endfacet
  facet normal 0.000000e+00 8.659460e-15 1.000000e+00
    outer loop
      vertex   2.650000e+01 2.850000e+01 2.260000e+02
      vertex   3.068694e+01 3.178216e+01 2.260000e+02
      vertex   -2.650000e+01 2.850000e+01 2.260000e+02
    endloop
  endfacet
  facet normal 4.599815e-16 6.449344e-16 1.000000e+00
    outer loop
      vertex   -2.650000e+01 2.850000e+01 2.260000e+02
      vertex   3.068694e+01 3.178216e+01 2.260000e+02
      vertex   -3.079120e+01 3.156058e+01 2.260000e+02
    endloop
  endfacet
  facet normal -3.376459e-14 -4.734092e-14 1.000000e+00
    outer loop
      vertex   -2.650000e+01 2.850000e+01 2.260000e+02
      vertex   -3.079120e+01 3.156058e+01 2.260000e+02
      vertex   -3.107851e+01 3.116513e+01 2.260000e+02
    endloop
  endfacet
  facet normal 3.444840e-14 -5.423430e-14 1.000000e+00
    outer loop
      vertex   3.166973e+01 3.073559e+01 2.260000e+02
      vertex   3.125702e+01 3.099750e+01 2.260000e+02
      vertex   2.650000e+01 2.850000e+01 2.260000e+02
    endloop
  endfacet
  facet normal 4.001744e-15 3.757888e-15 1.000000e+00
    outer loop
      vertex   2.650000e+01 2.850000e+01 2.260000e+02
      vertex   3.125702e+01 3.099750e+01 2.260000e+02
      vertex   3.092242e+01 3.135382e+01 2.260000e+02
    endloop
  endfacet
  facet normal 4.743817e-15 2.607935e-15 1.000000e+00
    outer loop
      vertex   2.650000e+01 2.850000e+01 2.260000e+02
      vertex   3.092242e+01 3.135382e+01 2.260000e+02
      vertex   3.068694e+01 3.178216e+01 2.260000e+02
    endloop
  endfacet
  facet normal 4.629666e-16 -1.833014e-16 1.000000e+00
    outer loop
      vertex   -3.079120e+01 3.156058e+01 2.260000e+02
      vertex   3.068694e+01 3.178216e+01 2.260000e+02
      vertex   -3.061126e+01 3.201505e+01 2.260000e+02
    endloop
  endfacet
  facet normal 2.358065e-16 -5.997140e-14 1.000000e+00
    outer loop
      vertex   -3.061126e+01 3.201505e+01 2.260000e+02
      vertex   3.068694e+01 3.178216e+01 2.260000e+02
      vertex   3.056538e+01 3.225560e+01 2.260000e+02
    endloop
  endfacet
  facet normal 0.000000e+00 0.000000e+00 1.000000e+00
    outer loop
      vertex   -3.061126e+01 3.201505e+01 2.260000e+02
      vertex   3.056538e+01 3.225560e+01 2.260000e+02
      vertex   -3.055000e+01 3.250000e+01 2.260000e+02
    endloop
  endfacet
  facet normal -0.000000e+00 0.000000e+00 1.000000e+00
    outer loop
      vertex   -3.055000e+01 3.250000e+01 2.260000e+02
      vertex   3.056538e+01 3.225560e+01 2.260000e+02
      vertex   3.056538e+01 3.274440e+01 2.260000e+02
    endloop
  endfacet
  facet normal 4.685096e-16 -1.171570e-13 1.000000e+00
    outer loop
      vertex   -3.055000e+01 3.250000e+01 2.260000e+02
      vertex   3.056538e+01 3.274440e+01 2.260000e+02
      vertex   -3.061126e+01 3.298495e+01 2.260000e+02
    endloop
  endfacet
  facet normal 9.282316e-16 -2.383294e-16 1.000000e+00
    outer loop
      vertex   -3.061126e+01 3.298495e+01 2.260000e+02
      vertex   3.056538e+01 3.274440e+01 2.260000e+02
      vertex   3.068694e+01 3.321784e+01 2.260000e+02
    endloop
  endfacet
  facet normal 9.259332e-16 3.666029e-16 1.000000e+00
    outer loop
      vertex   -3.061126e+01 3.298495e+01 2.260000e+02
      vertex   3.068694e+01 3.321784e+01 2.260000e+02
      vertex   -3.079120e+01 3.343942e+01 2.260000e+02
    endloop
  endfacet
  facet normal 4.454333e-16 -1.329517e-13 1.000000e+00
    outer loop
      vertex   -3.079120e+01 3.343942e+01 2.260000e+02
      vertex   3.068694e+01 3.321784e+01 2.260000e+02
      vertex   3.092242e+01 3.364618e+01 2.260000e+02
    endloop
  endfacet
  facet normal 0.000000e+00 -0.000000e+00 1.000000e+00
    outer loop
      vertex   -3.079120e+01 3.343942e+01 2.260000e+02
      vertex   3.092242e+01 3.364618e+01 2.260000e+02
      vertex   -3.107851e+01 3.383487e+01 2.260000e+02
    endloop
  endfacet
  facet normal -0.000000e+00 0.000000e+00 1.000000e+00
    outer loop
      vertex   -3.107851e+01 3.383487e+01 2.260000e+02
      vertex   3.092242e+01 3.364618e+01 2.260000e+02
      vertex   3.125702e+01 3.400250e+01 2.260000e+02
    endloop
  endfacet
  facet normal 0.000000e+00 -0.000000e+00 1.000000e+00
    outer loop
      vertex   -3.107851e+01 3.383487e+01 2.260000e+02
      vertex   3.125702e+01 3.400250e+01 2.260000e+02
      vertex   -3.145514e+01 3.414644e+01 2.260000e+02
    endloop
  endfacet
  facet normal -0.000000e+00 0.000000e+00 1.000000e+00
    outer loop
      vertex   -3.145514e+01 3.414644e+01 2.260000e+02
      vertex   3.125702e+01 3.400250e+01 2.260000e+02
      vertex   3.166973e+01 3.426441e+01 2.260000e+02
    endloop
  endfacet
  facet normal -3.643760e-15 4.404550e-15 1.000000e+00
    outer loop
      vertex   -3.107851e+01 3.116513e+01 2.260000e+02
      vertex   -3.145514e+01 3.085356e+01 2.260000e+02
      vertex   -2.650000e+01 2.850000e+01 2.260000e+02
    endloop
  endfacet
  facet normal -2.854529e-15 6.066182e-15 1.000000e+00
    outer loop
      vertex   -2.650000e+01 2.850000e+01 2.260000e+02
      vertex   -3.145514e+01 3.085356e+01 2.260000e+02
      vertex   -3.189742e+01 3.064544e+01 2.260000e+02
    endloop
  endfacet
  facet normal -4.170634e-14 -9.167575e-14 1.000000e+00
    outer loop
      vertex   -2.650000e+01 2.850000e+01 2.260000e+02
      vertex   -3.189742e+01 3.064544e+01 2.260000e+02
      vertex   -3.237756e+01 3.055385e+01 2.260000e+02
    endloop
  endfacet
  facet normal 0.000000e+00 -1.305262e-01 9.914449e-01
    outer loop
      vertex   -2.850000e+01 2.350000e+01 2.260000e+02
      vertex   -3.650000e+01 2.350000e+01 2.260000e+02
      vertex   -3.250000e+01 2.324118e+01 2.259659e+02
    endloop
  endfacet
  facet normal 4.354307e-14 -1.305262e-01 9.914449e-01
    outer loop
      vertex   -3.250000e+01 2.324118e+01 2.259659e+02
      vertex   -3.650000e+01 2.350000e+01 2.260000e+02
      vertex   -3.650000e+01 2.324118e+01 2.259659e+02
    endloop
  endfacet
  facet normal 4.312616e-14 -3.826834e-01 9.238795e-01
    outer loop
      vertex   -3.250000e+01 2.324118e+01 2.259659e+02
      vertex   -3.650000e+01 2.324118e+01 2.259659e+02
      vertex   -3.250000e+01 2.300000e+01 2.258660e+02
    endloop
  endfacet
  facet normal 4.856441e-14 -3.826834e-01 9.238795e-01
    outer loop
      vertex   -3.250000e+01 2.300000e+01 2.258660e+02
      vertex   -3.650000e+01 2.324118e+01 2.259659e+02
      vertex   -3.650000e+01 2.300000e+01 2.258660e+02
    endloop
  endfacet
  facet normal 4.842128e-14 -6.087614e-01 7.933533e-01
    outer loop
      vertex   -3.250000e+01 2.300000e+01 2.258660e+02
      vertex   -3.650000e+01 2.300000e+01 2.258660e+02
      vertex   -3.250000e+01 2.279289e+01 2.257071e+02
    endloop
  endfacet
  facet normal 4.039119e-14 -6.087614e-01 7.933533e-01
    outer loop
      vertex   -3.250000e+01 2.279289e+01 2.257071e+02
      vertex   -3.650000e+01 2.300000e+01 2.258660e+02
      vertex   -3.650000e+01 2.279289e+01 2.257071e+02
    endloop
  endfacet
  facet normal 4.055514e-14 -7.933533e-01 6.087614e-01
    outer loop
      vertex   -3.250000e+01 2.279289e+01 2.257071e+02
      vertex   -3.650000e+01 2.279289e+01 2.257071e+02
      vertex   -3.250000e+01 2.263397e+01 2.255000e+02
    endloop
  endfacet
  facet normal 3.542731e-14 -7.933533e-01 6.087614e-01
    outer loop
      vertex   -3.250000e+01 2.263397e+01 2.255000e+02
      vertex   -3.650000e+01 2.279289e+01 2.257071e+02
      vertex   -3.650000e+01 2.263397e+01 2.255000e+02
    endloop
  endfacet
  facet normal 3.661991e-14 -9.238795e-01 3.826834e-01
    outer loop
      vertex   -3.250000e+01 2.263397e+01 2.255000e+02
      vertex   -3.650000e+01 2.263397e+01 2.255000e+02
      vertex   -3.250000e+01 2.253407e+01 2.252588e+02
    endloop
  endfacet
  facet normal 4.400504e-14 -9.238795e-01 3.826834e-01
    outer loop
      vertex   -3.250000e+01 2.253407e+01 2.252588e+02
      vertex   -3.650000e+01 2.263397e+01 2.255000e+02
      vertex   -3.650000e+01 2.253407e+01 2.252588e+02
    endloop
  endfacet
  facet normal 4.324215e-14 -9.914449e-01 1.305262e-01
    outer loop
      vertex   -3.250000e+01 2.253407e+01 2.252588e+02
      vertex   -3.650000e+01 2.253407e+01 2.252588e+02
      vertex   -3.650000e+01 2.250000e+01 2.250000e+02
    endloop
  endfacet
  facet normal 0.000000e+00 -9.914449e-01 1.305262e-01
    outer loop
      vertex   -3.650000e+01 2.250000e+01 2.250000e+02
      vertex   -2.850000e+01 2.250000e+01 2.250000e+02
      vertex   -3.250000e+01 2.253407e+01 2.252588e+02
    endloop
  endfacet
  facet normal -4.500331e-14 -9.914449e-01 1.305262e-01
    outer loop
      vertex   -3.250000e+01 2.253407e+01 2.252588e+02
      vertex   -2.850000e+01 2.250000e+01 2.250000e+02
      vertex   -2.850000e+01 2.253407e+01 2.252588e+02
    endloop
  endfacet
  facet normal -4.564618e-14 -9.238795e-01 3.826834e-01
    outer loop
      vertex   -3.250000e+01 2.253407e+01 2.252588e+02
      vertex   -2.850000e+01 2.253407e+01 2.252588e+02
      vertex   -3.250000e+01 2.263397e+01 2.255000e+02
    endloop
  endfacet
  facet normal -3.908162e-14 -9.238795e-01 3.826834e-01
    outer loop
      vertex   -3.250000e+01 2.263397e+01 2.255000e+02
      vertex   -2.850000e+01 2.253407e+01 2.252588e+02
      vertex   -2.850000e+01 2.263397e+01 2.255000e+02
    endloop
  endfacet
  facet normal -3.754123e-14 -7.933533e-01 6.087614e-01
    outer loop
      vertex   -3.250000e+01 2.263397e+01 2.255000e+02
      vertex   -2.850000e+01 2.263397e+01 2.255000e+02
      vertex   -3.250000e+01 2.279289e+01 2.257071e+02
    endloop
  endfacet
  facet normal -4.266906e-14 -7.933533e-01 6.087614e-01
    outer loop
      vertex   -3.250000e+01 2.279289e+01 2.257071e+02
      vertex   -2.850000e+01 2.263397e+01 2.255000e+02
      vertex   -2.850000e+01 2.279289e+01 2.257071e+02
    endloop
  endfacet
  facet normal -4.201325e-14 -6.087614e-01 7.933533e-01
    outer loop
      vertex   -3.250000e+01 2.279289e+01 2.257071e+02
      vertex   -2.850000e+01 2.279289e+01 2.257071e+02
      vertex   -3.250000e+01 2.300000e+01 2.258660e+02
    endloop
  endfacet
  facet normal -4.896197e-14 -6.087614e-01 7.933533e-01
    outer loop
      vertex   -3.250000e+01 2.300000e+01 2.258660e+02
      vertex   -2.850000e+01 2.279289e+01 2.257071e+02
      vertex   -2.850000e+01 2.300000e+01 2.258660e+02
    endloop
  endfacet
  facet normal -4.890431e-14 -3.826834e-01 9.238795e-01
    outer loop
      vertex   -3.250000e+01 2.300000e+01 2.258660e+02
      vertex   -2.850000e+01 2.300000e+01 2.258660e+02
      vertex   -3.250000e+01 2.324118e+01 2.259659e+02
    endloop
  endfacet
  facet normal -5.003061e-14 -3.826834e-01 9.238795e-01
    outer loop
      vertex   -3.250000e+01 2.324118e+01 2.259659e+02
      vertex   -2.850000e+01 2.300000e+01 2.258660e+02
      vertex   -2.850000e+01 2.324118e+01 2.259659e+02
    endloop
  endfacet
  facet normal -5.070364e-14 -1.305262e-01 9.914449e-01
    outer loop
      vertex   -3.250000e+01 2.324118e+01 2.259659e+02
      vertex   -2.850000e+01 2.324118e+01 2.259659e+02
      vertex   -2.850000e+01 2.350000e+01 2.260000e+02
    endloop
  endfacet
  facet normal 1.000000e+00 -0.000000e+00 0.000000e+00
    outer loop
      vertex   -2.850000e+01 2.324118e+01 2.259659e+02
      vertex   -2.850000e+01 2.300000e+01 2.258660e+02
      vertex   -2.850000e+01 2.350000e+01 2.260000e+02
    endloop
  endfacet
  facet normal 1.000000e+00 -0.000000e+00 0.000000e+00
    outer loop
      vertex   -2.850000e+01 2.350000e+01 2.260000e+02
      vertex   -2.850000e+01 2.300000e+01 2.258660e+02
      vertex   -2.850000e+01 2.650000e+01 2.260000e+02
    endloop
  endfacet
  facet normal 1.000000e+00 0.000000e+00 0.000000e+00
    outer loop
      vertex   -2.850000e+01 2.650000e+01 2.260000e+02
      vertex   -2.850000e+01 2.300000e+01 2.258660e+02
      vertex   -2.850000e+01 2.279289e+01 2.257071e+02
    endloop
  endfacet
  facet normal 1.000000e+00 0.000000e+00 0.000000e+00
    outer loop
      vertex   -2.850000e+01 2.650000e+01 2.260000e+02
      vertex   -2.850000e+01 2.279289e+01 2.257071e+02
      vertex   -2.850000e+01 2.263397e+01 2.255000e+02
    endloop
  endfacet
  facet normal 1.000000e+00 -0.000000e+00 0.000000e+00
    outer loop
      vertex   -2.850000e+01 2.263397e+01 2.255000e+02
      vertex   -2.850000e+01 2.253407e+01 2.252588e+02
      vertex   -2.850000e+01 2.650000e+01 2.260000e+02
    endloop
  endfacet
  facet normal 1.000000e+00 0.000000e+00 0.000000e+00
    outer loop
      vertex   -2.850000e+01 2.650000e+01 2.260000e+02
      vertex   -2.850000e+01 2.253407e+01 2.252588e+02
      vertex   -2.850000e+01 2.250000e+01 2.250000e+02
    endloop
  endfacet
  facet normal 1.000000e+00 0.000000e+00 0.000000e+00
    outer loop
      vertex   -2.850000e+01 2.650000e+01 2.260000e+02
      vertex   -2.850000e+01 2.250000e+01 2.250000e+02
      vertex   -2.850000e+01 2.250000e+01 2.228000e+02
    endloop
  endfacet
  facet normal 1.000000e+00 -0.000000e+00 0.000000e+00
    outer loop
      vertex   -2.850000e+01 2.250000e+01 2.228000e+02
      vertex   -2.850000e+01 2.246593e+01 2.225412e+02
      vertex   -2.850000e+01 2.650000e+01 2.260000e+02
    endloop
  endfacet
  facet normal 1.000000e+00 0.000000e+00 0.000000e+00
    outer loop
      vertex   -2.850000e+01 2.650000e+01 2.260000e+02
      vertex   -2.850000e+01 2.246593e+01 2.225412e+02
      vertex   -2.850000e+01 2.650000e+01 2.183000e+02
    endloop
  endfacet
  facet normal 1.000000e+00 0.000000e+00 0.000000e+00
    outer loop
      vertex   -2.850000e+01 2.650000e+01 2.183000e+02
      vertex   -2.850000e+01 2.246593e+01 2.225412e+02
      vertex   -2.850000e+01 2.236603e+01 2.223000e+02
    endloop
  endfacet
  facet normal 1.000000e+00 0.000000e+00 0.000000e+00
    outer loop
      vertex   -2.850000e+01 2.650000e+01 2.183000e+02
      vertex   -2.850000e+01 2.236603e+01 2.223000e+02
      vertex   -2.850000e+01 2.220711e+01 2.220929e+02
    endloop
  endfacet
  facet normal 1.000000e+00 0.000000e+00 0.000000e+00
    outer loop
      vertex   -2.850000e+01 2.220711e+01 2.220929e+02
      vertex   -2.850000e+01 2.200000e+01 2.219340e+02
      vertex   -2.850000e+01 2.650000e+01 2.183000e+02
    endloop
  endfacet
  facet normal 1.000000e+00 0.000000e+00 0.000000e+00
    outer loop
      vertex   -2.850000e+01 2.650000e+01 2.183000e+02
      vertex   -2.850000e+01 2.200000e+01 2.219340e+02
      vertex   -2.850000e+01 2.175882e+01 2.218341e+02
    endloop
  endfacet
  facet normal 1.000000e+00 0.000000e+00 0.000000e+00
    outer loop
      vertex   -2.850000e+01 2.650000e+01 2.183000e+02
      vertex   -2.850000e+01 2.175882e+01 2.218341e+02
      vertex   -2.850000e+01 2.150000e+01 2.218000e+02
    endloop
  endfacet
  facet normal 1.000000e+00 0.000000e+00 0.000000e+00
    outer loop
      vertex   -2.850000e+01 2.650000e+01 2.183000e+02
      vertex   -2.850000e+01 2.150000e+01 2.218000e+02
      vertex   -2.850000e+01 -2.650000e+01 2.183000e+02
    endloop
  endfacet
  facet normal 1.000000e+00 0.000000e+00 0.000000e+00
    outer loop
      vertex   -2.850000e+01 -2.650000e+01 2.183000e+02
      vertex   -2.850000e+01 2.150000e+01 2.218000e+02
      vertex   -2.850000e+01 -2.150000e+01 2.218000e+02
    endloop
  endfacet
  facet normal 1.000000e+00 0.000000e+00 0.000000e+00
    outer loop
      vertex   -2.850000e+01 -2.650000e+01 2.183000e+02
      vertex   -2.850000e+01 -2.150000e+01 2.218000e+02
      vertex   -2.850000e+01 -2.175882e+01 2.218341e+02
    endloop
  endfacet
  facet normal 1.000000e+00 0.000000e+00 0.000000e+00
    outer loop
      vertex   -2.850000e+01 -2.175882e+01 2.218341e+02
      vertex   -2.850000e+01 -2.200000e+01 2.219340e+02
      vertex   -2.850000e+01 -2.650000e+01 2.183000e+02
    endloop
  endfacet
  facet normal 1.000000e+00 0.000000e+00 0.000000e+00
    outer loop
      vertex   -2.850000e+01 -2.650000e+01 2.183000e+02
      vertex   -2.850000e+01 -2.200000e+01 2.219340e+02
      vertex   -2.850000e+01 -2.220711e+01 2.220929e+02
    endloop
  endfacet
  facet normal 1.000000e+00 0.000000e+00 0.000000e+00
    outer loop
      vertex   -2.850000e+01 -2.650000e+01 2.183000e+02
      vertex   -2.850000e+01 -2.220711e+01 2.220929e+02
      vertex   -2.850000e+01 -2.236603e+01 2.223000e+02
    endloop
  endfacet
  facet normal 1.000000e+00 0.000000e+00 0.000000e+00
    outer loop
      vertex   -2.850000e+01 -2.236603e+01 2.223000e+02
      vertex   -2.850000e+01 -2.246593e+01 2.225412e+02
      vertex   -2.850000e+01 -2.650000e+01 2.183000e+02
    endloop
  endfacet
  facet normal 1.000000e+00 0.000000e+00 0.000000e+00
    outer loop
      vertex   -2.850000e+01 -2.650000e+01 2.183000e+02
      vertex   -2.850000e+01 -2.246593e+01 2.225412e+02
      vertex   -2.850000e+01 -2.650000e+01 2.260000e+02
    endloop
  endfacet
  facet normal 1.000000e+00 0.000000e+00 0.000000e+00
    outer loop
      vertex   -2.850000e+01 -2.650000e+01 2.260000e+02
      vertex   -2.850000e+01 -2.246593e+01 2.225412e+02
      vertex   -2.850000e+01 -2.250000e+01 2.228000e+02
    endloop
  endfacet
  facet normal 1.000000e+00 0.000000e+00 0.000000e+00
    outer loop
      vertex   -2.850000e+01 -2.650000e+01 2.260000e+02
      vertex   -2.850000e+01 -2.250000e+01 2.228000e+02
      vertex   -2.850000e+01 -2.250000e+01 2.250000e+02
    endloop
  endfacet
  facet normal 1.000000e+00 0.000000e+00 0.000000e+00
    outer loop
      vertex   -2.850000e+01 -2.250000e+01 2.250000e+02
      vertex   -2.850000e+01 -2.253407e+01 2.252588e+02
      vertex   -2.850000e+01 -2.650000e+01 2.260000e+02
    endloop
  endfacet
  facet normal 1.000000e+00 0.000000e+00 0.000000e+00
    outer loop
      vertex   -2.850000e+01 -2.650000e+01 2.260000e+02
      vertex   -2.850000e+01 -2.253407e+01 2.252588e+02
      vertex   -2.850000e+01 -2.263397e+01 2.255000e+02
    endloop
  endfacet
  facet normal 1.000000e+00 0.000000e+00 0.000000e+00
    outer loop
      vertex   -2.850000e+01 -2.650000e+01 2.260000e+02
      vertex   -2.850000e+01 -2.263397e+01 2.255000e+02
      vertex   -2.850000e+01 -2.279289e+01 2.257071e+02
    endloop
  endfacet
  facet normal 1.000000e+00 0.000000e+00 0.000000e+00
    outer loop
      vertex   -2.850000e+01 -2.279289e+01 2.257071e+02
      vertex   -2.850000e+01 -2.300000e+01 2.258660e+02
      vertex   -2.850000e+01 -2.650000e+01 2.260000e+02
    endloop
  endfacet
  facet normal 1.000000e+00 -0.000000e+00 0.000000e+00
    outer loop
      vertex   -2.850000e+01 -2.650000e+01 2.260000e+02
      vertex   -2.850000e+01 -2.300000e+01 2.258660e+02
      vertex   -2.850000e+01 -2.350000e+01 2.260000e+02
    endloop
  endfacet
  facet normal 1.000000e+00 0.000000e+00 0.000000e+00
    outer loop
      vertex   -2.850000e+01 -2.350000e+01 2.260000e+02
      vertex   -2.850000e+01 -2.300000e+01 2.258660e+02
      vertex   -2.850000e+01 -2.324118e+01 2.259659e+02
    endloop
  endfacet
  facet normal 0.000000e+00 9.914449e-01 1.305262e-01
    outer loop
      vertex   -2.850000e+01 -2.250000e+01 2.250000e+02
      vertex   -3.650000e+01 -2.250000e+01 2.250000e+02
      vertex   -3.250000e+01 -2.253407e+01 2.252588e+02
    endloop
  endfacet
  facet normal 9.686379e-15 9.914449e-01 1.305262e-01
    outer loop
      vertex   -3.250000e+01 -2.253407e+01 2.252588e+02
      vertex   -3.650000e+01 -2.250000e+01 2.250000e+02
      vertex   -3.650000e+01 -2.253407e+01 2.252588e+02
    endloop
  endfacet
  facet normal 9.026268e-15 9.238795e-01 3.826834e-01
    outer loop
      vertex   -3.250000e+01 -2.253407e+01 2.252588e+02
      vertex   -3.650000e+01 -2.253407e+01 2.252588e+02
      vertex   -3.250000e+01 -2.263397e+01 2.255000e+02
    endloop
  endfacet
  facet normal 5.743989e-15 9.238795e-01 3.826834e-01
    outer loop
      vertex   -3.250000e+01 -2.263397e+01 2.255000e+02
      vertex   -3.650000e+01 -2.253407e+01 2.252588e+02
      vertex   -3.650000e+01 -2.263397e+01 2.255000e+02
    endloop
  endfacet
  facet normal 4.932475e-15 7.933533e-01 6.087614e-01
    outer loop
      vertex   -3.250000e+01 -2.263397e+01 2.255000e+02
      vertex   -3.650000e+01 -2.263397e+01 2.255000e+02
      vertex   -3.250000e+01 -2.279289e+01 2.257071e+02
    endloop
  endfacet
  facet normal 9.962625e-15 7.933533e-01 6.087614e-01
    outer loop
      vertex   -3.250000e+01 -2.279289e+01 2.257071e+02
      vertex   -3.650000e+01 -2.263397e+01 2.255000e+02
      vertex   -3.650000e+01 -2.279289e+01 2.257071e+02
    endloop
  endfacet
  facet normal 9.962625e-15 6.087614e-01 7.933533e-01
    outer loop
      vertex   -3.250000e+01 -2.279289e+01 2.257071e+02
      vertex   -3.650000e+01 -2.279289e+01 2.257071e+02
      vertex   -3.250000e+01 -2.300000e+01 2.258660e+02
    endloop
  endfacet
  facet normal 9.962625e-15 6.087614e-01 7.933533e-01
    outer loop
      vertex   -3.250000e+01 -2.300000e+01 2.258660e+02
      vertex   -3.650000e+01 -2.279289e+01 2.257071e+02
      vertex   -3.650000e+01 -2.300000e+01 2.258660e+02
    endloop
  endfacet
  facet normal 9.283688e-15 3.826834e-01 9.238795e-01
    outer loop
      vertex   -3.250000e+01 -2.300000e+01 2.258660e+02
      vertex   -3.650000e+01 -2.300000e+01 2.258660e+02
      vertex   -3.250000e+01 -2.324118e+01 2.259659e+02
    endloop
  endfacet
  facet normal 7.244341e-15 3.826834e-01 9.238795e-01
    outer loop
      vertex   -3.250000e+01 -2.324118e+01 2.259659e+02
      vertex   -3.650000e+01 -2.300000e+01 2.258660e+02
      vertex   -3.650000e+01 -2.324118e+01 2.259659e+02
    endloop
  endfacet
  facet normal 7.276501e-15 1.305262e-01 9.914449e-01
    outer loop
      vertex   -3.250000e+01 -2.324118e+01 2.259659e+02
      vertex   -3.650000e+01 -2.324118e+01 2.259659e+02
      vertex   -3.650000e+01 -2.350000e+01 2.260000e+02
    endloop
  endfacet
  facet normal -0.000000e+00 1.305262e-01 9.914449e-01
    outer loop
      vertex   -3.650000e+01 -2.350000e+01 2.260000e+02
      vertex   -2.850000e+01 -2.350000e+01 2.260000e+02
      vertex   -3.250000e+01 -2.324118e+01 2.259659e+02
    endloop
  endfacet
  facet normal -1.159305e-16 1.305262e-01 9.914449e-01
    outer loop
      vertex   -3.250000e+01 -2.324118e+01 2.259659e+02
      vertex   -2.850000e+01 -2.350000e+01 2.260000e+02
      vertex   -2.850000e+01 -2.324118e+01 2.259659e+02
    endloop
  endfacet
  facet normal -3.398912e-16 3.826834e-01 9.238795e-01
    outer loop
      vertex   -3.250000e+01 -2.324118e+01 2.259659e+02
      vertex   -2.850000e+01 -2.324118e+01 2.259659e+02
      vertex   -3.250000e+01 -2.300000e+01 2.258660e+02
    endloop
  endfacet
  facet normal -8.943797e-15 3.826834e-01 9.238795e-01
    outer loop
      vertex   -3.250000e+01 -2.300000e+01 2.258660e+02
      vertex   -2.850000e+01 -2.324118e+01 2.259659e+02
      vertex   -2.850000e+01 -2.300000e+01 2.258660e+02
    endloop
  endfacet
  facet normal -9.421936e-15 6.087614e-01 7.933533e-01
    outer loop
      vertex   -3.250000e+01 -2.300000e+01 2.258660e+02
      vertex   -2.850000e+01 -2.300000e+01 2.258660e+02
      vertex   -3.250000e+01 -2.279289e+01 2.257071e+02
    endloop
  endfacet
  facet normal -8.340558e-15 6.087614e-01 7.933533e-01
    outer loop
      vertex   -3.250000e+01 -2.279289e+01 2.257071e+02
      vertex   -2.850000e+01 -2.300000e+01 2.258660e+02
      vertex   -2.850000e+01 -2.279289e+01 2.257071e+02
    endloop
  endfacet
  facet normal -7.848707e-15 7.933533e-01 6.087614e-01
    outer loop
      vertex   -3.250000e+01 -2.279289e+01 2.257071e+02
      vertex   -2.850000e+01 -2.279289e+01 2.257071e+02
      vertex   -3.250000e+01 -2.263397e+01 2.255000e+02
    endloop
  endfacet
  facet normal -2.818557e-15 7.933533e-01 6.087614e-01
    outer loop
      vertex   -3.250000e+01 -2.263397e+01 2.255000e+02
      vertex   -2.850000e+01 -2.279289e+01 2.257071e+02
      vertex   -2.850000e+01 -2.263397e+01 2.255000e+02
    endloop
  endfacet
  facet normal -3.282279e-15 9.238795e-01 3.826834e-01
    outer loop
      vertex   -3.250000e+01 -2.263397e+01 2.255000e+02
      vertex   -2.850000e+01 -2.263397e+01 2.255000e+02
      vertex   -3.250000e+01 -2.253407e+01 2.252588e+02
    endloop
  endfacet
  facet normal -7.385129e-15 9.238795e-01 3.826834e-01
    outer loop
      vertex   -3.250000e+01 -2.253407e+01 2.252588e+02
      vertex   -2.850000e+01 -2.263397e+01 2.255000e+02
      vertex   -2.850000e+01 -2.253407e+01 2.252588e+02
    endloop
  endfacet
  facet normal -7.925219e-15 9.914449e-01 1.305262e-01
    outer loop
      vertex   -3.250000e+01 -2.253407e+01 2.252588e+02
      vertex   -2.850000e+01 -2.253407e+01 2.252588e+02
      vertex   -2.850000e+01 -2.250000e+01 2.250000e+02
    endloop
  endfacet
  facet normal 0.000000e+00 0.000000e+00 1.000000e+00
    outer loop
      vertex   -2.850000e+01 -2.350000e+01 2.260000e+02
      vertex   -3.650000e+01 -2.350000e+01 2.260000e+02
      vertex   -2.850000e+01 -2.650000e+01 2.260000e+02
    endloop
  endfacet
  facet normal -7.501545e-14 -2.000412e-13 1.000000e+00
    outer loop
      vertex   -2.850000e+01 -2.650000e+01 2.260000e+02
      vertex   -3.650000e+01 -2.350000e+01 2.260000e+02
      vertex   -2.844986e+01 -2.694504e+01 2.260000e+02
    endloop
  endfacet
  facet normal 9.171747e-15 -3.318173e-15 1.000000e+00
    outer loop
      vertex   -2.844986e+01 -2.694504e+01 2.260000e+02
      vertex   -3.650000e+01 -2.350000e+01 2.260000e+02
      vertex   -3.286539e+01 -3.058454e+01 2.260000e+02
    endloop
  endfacet
  facet normal 4.995859e-15 1.748127e-15 1.000000e+00
    outer loop
      vertex   -2.844986e+01 -2.694504e+01 2.260000e+02
      vertex   -3.286539e+01 -3.058454e+01 2.260000e+02
      vertex   -2.830194e+01 -2.736777e+01 2.260000e+02
    endloop
  endfacet
  facet normal 4.093083e-14 -4.923082e-14 1.000000e+00
    outer loop
      vertex   -2.830194e+01 -2.736777e+01 2.260000e+02
      vertex   -3.286539e+01 -3.058454e+01 2.260000e+02
      vertex   -2.806366e+01 -2.774698e+01 2.260000e+02
    endloop
  endfacet
  facet normal 7.440929e-15 7.440929e-15 1.000000e+00
    outer loop
      vertex   -2.806366e+01 -2.774698e+01 2.260000e+02
      vertex   -3.286539e+01 -3.058454e+01 2.260000e+02
      vertex   -2.774698e+01 -2.806366e+01 2.260000e+02
    endloop
  endfacet
  facet normal -2.670757e-14 7.677638e-14 1.000000e+00
    outer loop
      vertex   -2.774698e+01 -2.806366e+01 2.260000e+02
      vertex   -3.286539e+01 -3.058454e+01 2.260000e+02
      vertex   -2.736777e+01 -2.830194e+01 2.260000e+02
    endloop
  endfacet
  facet normal -9.232835e-16 1.467517e-14 1.000000e+00
    outer loop
      vertex   -2.736777e+01 -2.830194e+01 2.260000e+02
      vertex   -3.286539e+01 -3.058454e+01 2.260000e+02
      vertex   -3.237756e+01 -3.055385e+01 2.260000e+02
    endloop
  endfacet
  facet normal 2.483247e-15 7.096713e-15 1.000000e+00
    outer loop
      vertex   -2.736777e+01 -2.830194e+01 2.260000e+02
      vertex   -3.237756e+01 -3.055385e+01 2.260000e+02
      vertex   -2.694504e+01 -2.844986e+01 2.260000e+02
    endloop
  endfacet
  facet normal -1.472335e-13 3.936660e-13 1.000000e+00
    outer loop
      vertex   -2.694504e+01 -2.844986e+01 2.260000e+02
      vertex   -3.237756e+01 -3.055385e+01 2.260000e+02
      vertex   -2.650000e+01 -2.850000e+01 2.260000e+02
    endloop
  endfacet
  facet normal -4.170634e-14 9.167575e-14 1.000000e+00
    outer loop
      vertex   -2.650000e+01 -2.850000e+01 2.260000e+02
      vertex   -3.237756e+01 -3.055385e+01 2.260000e+02
      vertex   -3.189742e+01 -3.064544e+01 2.260000e+02
    endloop
  endfacet
  facet normal -2.854529e-15 -6.066182e-15 1.000000e+00
    outer loop
      vertex   -2.650000e+01 -2.850000e+01 2.260000e+02
      vertex   -3.189742e+01 -3.064544e+01 2.260000e+02
      vertex   -3.145514e+01 -3.085356e+01 2.260000e+02
    endloop
  endfacet
  facet normal 1.030884e-14 -0.000000e+00 1.000000e+00
    outer loop
      vertex   -3.650000e+01 -3.250000e+01 2.260000e+02
      vertex   -3.374298e+01 -3.099750e+01 2.260000e+02
      vertex   -3.650000e+01 -2.350000e+01 2.260000e+02
    endloop
  endfacet
  facet normal 5.778680e-14 1.745887e-14 1.000000e+00
    outer loop
      vertex   -3.650000e+01 -2.350000e+01 2.260000e+02
      vertex   -3.374298e+01 -3.099750e+01 2.260000e+02
      vertex   -3.333027e+01 -3.073559e+01 2.260000e+02
    endloop
  endfacet
  facet normal 2.234536e-15 -6.877195e-15 1.000000e+00
    outer loop
      vertex   -3.650000e+01 -2.350000e+01 2.260000e+02
      vertex   -3.333027e+01 -3.073559e+01 2.260000e+02
      vertex   -3.286539e+01 -3.058454e+01 2.260000e+02
    endloop
  endfacet
  facet normal 0.000000e+00 -0.000000e+00 1.000000e+00
    outer loop
      vertex   -3.643923e+01 -3.319459e+01 2.260000e+02
      vertex   -3.443462e+01 -3.274440e+01 2.260000e+02
      vertex   -3.650000e+01 -3.250000e+01 2.260000e+02
    endloop
  endfacet
  facet normal -0.000000e+00 0.000000e+00 1.000000e+00
    outer loop
      vertex   -3.650000e+01 -3.250000e+01 2.260000e+02
      vertex   -3.443462e+01 -3.274440e+01 2.260000e+02
      vertex   -3.443462e+01 -3.225560e+01 2.260000e+02
    endloop
  endfacet
  facet normal -7.326282e-15 6.191302e-14 1.000000e+00
    outer loop
      vertex   -3.650000e+01 -3.250000e+01 2.260000e+02
      vertex   -3.443462e+01 -3.225560e+01 2.260000e+02
      vertex   -3.431306e+01 -3.178216e+01 2.260000e+02
    endloop
  endfacet
  facet normal -2.536922e-14 -6.797662e-15 1.000000e+00
    outer loop
      vertex   -3.625877e+01 -3.386808e+01 2.260000e+02
      vertex   -3.407758e+01 -3.364618e+01 2.260000e+02
      vertex   -3.643923e+01 -3.319459e+01 2.260000e+02
    endloop
  endfacet
  facet normal 1.459959e-15 1.335094e-13 1.000000e+00
    outer loop
      vertex   -3.643923e+01 -3.319459e+01 2.260000e+02
      vertex   -3.407758e+01 -3.364618e+01 2.260000e+02
      vertex   -3.431306e+01 -3.321784e+01 2.260000e+02
    endloop
  endfacet
  facet normal -0.000000e+00 0.000000e+00 1.000000e+00
    outer loop
      vertex   -3.643923e+01 -3.319459e+01 2.260000e+02
      vertex   -3.431306e+01 -3.321784e+01 2.260000e+02
      vertex   -3.443462e+01 -3.274440e+01 2.260000e+02
    endloop
  endfacet
  facet normal -2.378819e-14 -2.233860e-14 1.000000e+00
    outer loop
      vertex   -3.407758e+01 -3.364618e+01 2.260000e+02
      vertex   -3.625877e+01 -3.386808e+01 2.260000e+02
      vertex   -3.374298e+01 -3.400250e+01 2.260000e+02
    endloop
  endfacet
  facet normal -2.317196e-14 -1.080526e-14 1.000000e+00
    outer loop
      vertex   -3.374298e+01 -3.400250e+01 2.260000e+02
      vertex   -3.625877e+01 -3.386808e+01 2.260000e+02
      vertex   -3.596410e+01 -3.450000e+01 2.260000e+02
    endloop
  endfacet
  facet normal -1.891591e-14 -2.980671e-14 1.000000e+00
    outer loop
      vertex   -3.374298e+01 -3.400250e+01 2.260000e+02
      vertex   -3.596410e+01 -3.450000e+01 2.260000e+02
      vertex   -3.333027e+01 -3.426441e+01 2.260000e+02
    endloop
  endfacet
  facet normal -3.012077e-14 9.546199e-14 1.000000e+00
    outer loop
      vertex   -3.333027e+01 -3.426441e+01 2.260000e+02
      vertex   -3.596410e+01 -3.450000e+01 2.260000e+02
      vertex   -3.286539e+01 -3.441546e+01 2.260000e+02
    endloop
  endfacet
  facet normal -2.700055e-14 -1.890599e-14 1.000000e+00
    outer loop
      vertex   -3.286539e+01 -3.441546e+01 2.260000e+02
      vertex   -3.596410e+01 -3.450000e+01 2.260000e+02
      vertex   -3.556418e+01 -3.507115e+01 2.260000e+02
    endloop
  endfacet
  facet normal -6.498528e-15 -1.032911e-13 1.000000e+00
    outer loop
      vertex   -3.286539e+01 -3.441546e+01 2.260000e+02
      vertex   -3.556418e+01 -3.507115e+01 2.260000e+02
      vertex   -3.237756e+01 -3.444615e+01 2.260000e+02
    endloop
  endfacet
  facet normal -2.236980e-14 -2.236980e-14 1.000000e+00
    outer loop
      vertex   -3.237756e+01 -3.444615e+01 2.260000e+02
      vertex   -3.556418e+01 -3.507115e+01 2.260000e+02
      vertex   -3.507115e+01 -3.556418e+01 2.260000e+02
    endloop
  endfacet
  facet normal -1.987394e-14 -2.838293e-14 1.000000e+00
    outer loop
      vertex   -3.237756e+01 -3.444615e+01 2.260000e+02
      vertex   -3.507115e+01 -3.556418e+01 2.260000e+02
      vertex   -3.450000e+01 -3.596410e+01 2.260000e+02
    endloop
  endfacet
  facet normal -1.094896e-14 -4.086209e-14 1.000000e+00
    outer loop
      vertex   -3.237756e+01 -3.444615e+01 2.260000e+02
      vertex   -3.450000e+01 -3.596410e+01 2.260000e+02
      vertex   -3.250000e+01 -3.650000e+01 2.260000e+02
    endloop
  endfacet
  facet normal 0.000000e+00 0.000000e+00 1.000000e+00
    outer loop
      vertex   -3.250000e+01 -3.650000e+01 2.260000e+02
      vertex   -3.450000e+01 -3.596410e+01 2.260000e+02
      vertex   -3.386808e+01 -3.625877e+01 2.260000e+02
    endloop
  endfacet
  facet normal 0.000000e+00 0.000000e+00 1.000000e+00
    outer loop
      vertex   -3.250000e+01 -3.650000e+01 2.260000e+02
      vertex   -3.386808e+01 -3.625877e+01 2.260000e+02
      vertex   -3.319459e+01 -3.643923e+01 2.260000e+02
    endloop
  endfacet
  facet normal 0.000000e+00 -2.542662e-14 1.000000e+00
    outer loop
      vertex   3.250000e+01 -3.650000e+01 2.260000e+02
      vertex   3.166973e+01 -3.426441e+01 2.260000e+02
      vertex   -3.250000e+01 -3.650000e+01 2.260000e+02
    endloop
  endfacet
  facet normal -4.510014e-17 -2.413207e-14 1.000000e+00
    outer loop
      vertex   -3.250000e+01 -3.650000e+01 2.260000e+02
      vertex   3.166973e+01 -3.426441e+01 2.260000e+02
      vertex   -3.145514e+01 -3.414644e+01 2.260000e+02
    endloop
  endfacet
  facet normal 9.559815e-14 -6.659286e-14 1.000000e+00
    outer loop
      vertex   -3.250000e+01 -3.650000e+01 2.260000e+02
      vertex   -3.145514e+01 -3.414644e+01 2.260000e+02
      vertex   -3.189742e+01 -3.435456e+01 2.260000e+02
    endloop
  endfacet
  facet normal -1.618092e-13 4.463846e-13 1.000000e+00
    outer loop
      vertex   3.319459e+01 -3.643923e+01 2.260000e+02
      vertex   3.386808e+01 -3.625877e+01 2.260000e+02
      vertex   3.250000e+01 -3.650000e+01 2.260000e+02
    endloop
  endfacet
  facet normal -1.336294e-13 2.865691e-13 1.000000e+00
    outer loop
      vertex   3.250000e+01 -3.650000e+01 2.260000e+02
      vertex   3.386808e+01 -3.625877e+01 2.260000e+02
      vertex   3.450000e+01 -3.596410e+01 2.260000e+02
    endloop
  endfacet
  facet normal -4.382496e-14 -4.858554e-14 1.000000e+00
    outer loop
      vertex   3.250000e+01 -3.650000e+01 2.260000e+02
      vertex   3.450000e+01 -3.596410e+01 2.260000e+02
      vertex   3.213461e+01 -3.441546e+01 2.260000e+02
    endloop
  endfacet
  facet normal -5.430070e-14 -6.458617e-14 1.000000e+00
    outer loop
      vertex   3.213461e+01 -3.441546e+01 2.260000e+02
      vertex   3.450000e+01 -3.596410e+01 2.260000e+02
      vertex   3.507115e+01 -3.556418e+01 2.260000e+02
    endloop
  endfacet
  facet normal 5.564955e-15 8.845243e-14 1.000000e+00
    outer loop
      vertex   3.213461e+01 -3.441546e+01 2.260000e+02
      vertex   3.507115e+01 -3.556418e+01 2.260000e+02
      vertex   3.262244e+01 -3.444615e+01 2.260000e+02
    endloop
  endfacet
  facet normal -2.390566e-14 2.390566e-14 1.000000e+00
    outer loop
      vertex   3.262244e+01 -3.444615e+01 2.260000e+02
      vertex   3.507115e+01 -3.556418e+01 2.260000e+02
      vertex   3.556418e+01 -3.507115e+01 2.260000e+02
    endloop
  endfacet
  facet normal -6.824518e-15 1.043030e-13 1.000000e+00
    outer loop
      vertex   3.262244e+01 -3.444615e+01 2.260000e+02
      vertex   3.556418e+01 -3.507115e+01 2.260000e+02
      vertex   3.596410e+01 -3.450000e+01 2.260000e+02
    endloop
  endfacet
  facet normal -2.199731e-14 1.025752e-14 1.000000e+00
    outer loop
      vertex   3.625877e+01 -3.386808e+01 2.260000e+02
      vertex   3.354486e+01 -3.414644e+01 2.260000e+02
      vertex   3.596410e+01 -3.450000e+01 2.260000e+02
    endloop
  endfacet
  facet normal -2.699792e-15 1.423009e-13 1.000000e+00
    outer loop
      vertex   3.596410e+01 -3.450000e+01 2.260000e+02
      vertex   3.354486e+01 -3.414644e+01 2.260000e+02
      vertex   3.310258e+01 -3.435456e+01 2.260000e+02
    endloop
  endfacet
  facet normal -7.842764e-15 4.111321e-14 1.000000e+00
    outer loop
      vertex   3.596410e+01 -3.450000e+01 2.260000e+02
      vertex   3.310258e+01 -3.435456e+01 2.260000e+02
      vertex   3.262244e+01 -3.444615e+01 2.260000e+02
    endloop
  endfacet
  facet normal -1.790144e-14 4.699745e-14 1.000000e+00
    outer loop
      vertex   3.643923e+01 -3.319459e+01 2.260000e+02
      vertex   3.420880e+01 -3.343942e+01 2.260000e+02
      vertex   3.625877e+01 -3.386808e+01 2.260000e+02
    endloop
  endfacet
  facet normal -2.407178e-14 1.748917e-14 1.000000e+00
    outer loop
      vertex   3.625877e+01 -3.386808e+01 2.260000e+02
      vertex   3.420880e+01 -3.343942e+01 2.260000e+02
      vertex   3.392149e+01 -3.383487e+01 2.260000e+02
    endloop
  endfacet
  facet normal -2.390961e-14 2.890175e-14 1.000000e+00
    outer loop
      vertex   3.625877e+01 -3.386808e+01 2.260000e+02
      vertex   3.392149e+01 -3.383487e+01 2.260000e+02
      vertex   3.354486e+01 -3.414644e+01 2.260000e+02
    endloop
  endfacet
  facet normal -1.332164e-14 5.274411e-15 1.000000e+00
    outer loop
      vertex   3.420880e+01 -3.343942e+01 2.260000e+02
      vertex   3.643923e+01 -3.319459e+01 2.260000e+02
      vertex   3.438874e+01 -3.298495e+01 2.260000e+02
    endloop
  endfacet
  facet normal -1.298475e-15 1.228692e-13 1.000000e+00
    outer loop
      vertex   3.438874e+01 -3.298495e+01 2.260000e+02
      vertex   3.643923e+01 -3.319459e+01 2.260000e+02
      vertex   3.650000e+01 -3.250000e+01 2.260000e+02
    endloop
  endfacet
  facet normal -6.967162e-21 1.172162e-13 1.000000e+00
    outer loop
      vertex   3.438874e+01 -3.298495e+01 2.260000e+02
      vertex   3.650000e+01 -3.250000e+01 2.260000e+02
      vertex   3.445000e+01 -3.250000e+01 2.260000e+02
    endloop
  endfacet
  facet normal 0.000000e+00 -0.000000e+00 1.000000e+00
    outer loop
      vertex   3.445000e+01 -3.250000e+01 2.260000e+02
      vertex   3.650000e+01 -3.250000e+01 2.260000e+02
      vertex   3.438874e+01 -3.201505e+01 2.260000e+02
    endloop
  endfacet
  facet normal -0.000000e+00 -0.000000e+00 1.000000e+00
    outer loop
      vertex   3.438874e+01 -3.201505e+01 2.260000e+02
      vertex   3.650000e+01 -3.250000e+01 2.260000e+02
      vertex   3.420880e+01 -3.156058e+01 2.260000e+02
    endloop
  endfacet
  facet normal 4.197139e-14 1.023663e-13 1.000000e+00
    outer loop
      vertex   3.420880e+01 -3.156058e+01 2.260000e+02
      vertex   3.650000e+01 -3.250000e+01 2.260000e+02
      vertex   3.392149e+01 -3.116513e+01 2.260000e+02
    endloop
  endfacet
  facet normal -2.945455e-14 -3.560443e-14 1.000000e+00
    outer loop
      vertex   3.392149e+01 -3.116513e+01 2.260000e+02
      vertex   3.650000e+01 -3.250000e+01 2.260000e+02
      vertex   3.354486e+01 -3.085356e+01 2.260000e+02
    endloop
  endfacet
  facet normal -9.617727e-15 0.000000e+00 1.000000e+00
    outer loop
      vertex   3.354486e+01 -3.085356e+01 2.260000e+02
      vertex   3.650000e+01 -3.250000e+01 2.260000e+02
      vertex   3.650000e+01 -2.350000e+01 2.260000e+02
    endloop
  endfacet
  facet normal -1.529509e-15 -3.250371e-15 1.000000e+00
    outer loop
      vertex   3.354486e+01 -3.085356e+01 2.260000e+02
      vertex   3.650000e+01 -2.350000e+01 2.260000e+02
      vertex   3.310258e+01 -3.064544e+01 2.260000e+02
    endloop
  endfacet
  facet normal -1.116041e-14 1.328799e-15 1.000000e+00
    outer loop
      vertex   3.310258e+01 -3.064544e+01 2.260000e+02
      vertex   3.650000e+01 -2.350000e+01 2.260000e+02
      vertex   2.844986e+01 -2.694504e+01 2.260000e+02
    endloop
  endfacet
  facet normal -9.557447e-15 3.344295e-15 1.000000e+00
    outer loop
      vertex   3.310258e+01 -3.064544e+01 2.260000e+02
      vertex   2.844986e+01 -2.694504e+01 2.260000e+02
      vertex   2.830194e+01 -2.736777e+01 2.260000e+02
    endloop
  endfacet
  facet normal -0.000000e+00 0.000000e+00 1.000000e+00
    outer loop
      vertex   2.850000e+01 -2.350000e+01 2.260000e+02
      vertex   2.850000e+01 -2.650000e+01 2.260000e+02
      vertex   3.650000e+01 -2.350000e+01 2.260000e+02
    endloop
  endfacet
  facet normal 7.501545e-14 -2.000412e-13 1.000000e+00
    outer loop
      vertex   3.650000e+01 -2.350000e+01 2.260000e+02
      vertex   2.850000e+01 -2.650000e+01 2.260000e+02
      vertex   2.844986e+01 -2.694504e+01 2.260000e+02
    endloop
  endfacet
  facet normal -4.409571e-14 -4.724220e-14 1.000000e+00
    outer loop
      vertex   2.830194e+01 -2.736777e+01 2.260000e+02
      vertex   2.806366e+01 -2.774698e+01 2.260000e+02
      vertex   3.310258e+01 -3.064544e+01 2.260000e+02
    endloop
  endfacet
  facet normal -8.016969e-14 -1.099561e-13 1.000000e+00
    outer loop
      vertex   3.310258e+01 -3.064544e+01 2.260000e+02
      vertex   2.806366e+01 -2.774698e+01 2.260000e+02
      vertex   3.262244e+01 -3.055385e+01 2.260000e+02
    endloop
  endfacet
  facet normal -7.717370e-15 7.717370e-15 1.000000e+00
    outer loop
      vertex   3.262244e+01 -3.055385e+01 2.260000e+02
      vertex   2.806366e+01 -2.774698e+01 2.260000e+02
      vertex   2.774698e+01 -2.806366e+01 2.260000e+02
    endloop
  endfacet
  facet normal 2.717509e-14 7.603232e-14 1.000000e+00
    outer loop
      vertex   3.262244e+01 -3.055385e+01 2.260000e+02
      vertex   2.774698e+01 -2.806366e+01 2.260000e+02
      vertex   2.736777e+01 -2.830194e+01 2.260000e+02
    endloop
  endfacet
  facet normal -2.431229e-15 6.948054e-15 1.000000e+00
    outer loop
      vertex   2.736777e+01 -2.830194e+01 2.260000e+02
      vertex   2.694504e+01 -2.844986e+01 2.260000e+02
      vertex   3.262244e+01 -3.055385e+01 2.260000e+02
    endloop
  endfacet
  facet normal 1.457529e-13 4.068071e-13 1.000000e+00
    outer loop
      vertex   3.262244e+01 -3.055385e+01 2.260000e+02
      vertex   2.694504e+01 -2.844986e+01 2.260000e+02
      vertex   2.650000e+01 -2.850000e+01 2.260000e+02
    endloop
  endfacet
  facet normal 1.466268e-15 -2.330566e-14 1.000000e+00
    outer loop
      vertex   3.262244e+01 -3.055385e+01 2.260000e+02
      vertex   2.650000e+01 -2.850000e+01 2.260000e+02
      vertex   3.213461e+01 -3.058454e+01 2.260000e+02
    endloop
  endfacet
  facet normal 4.717233e-15 -1.451815e-14 1.000000e+00
    outer loop
      vertex   3.213461e+01 -3.058454e+01 2.260000e+02
      vertex   2.650000e+01 -2.850000e+01 2.260000e+02
      vertex   3.166973e+01 -3.073559e+01 2.260000e+02
    endloop
  endfacet
  facet normal 3.444840e-14 5.423430e-14 1.000000e+00
    outer loop
      vertex   3.166973e+01 -3.073559e+01 2.260000e+02
      vertex   2.650000e+01 -2.850000e+01 2.260000e+02
      vertex   3.125702e+01 -3.099750e+01 2.260000e+02
    endloop
  endfacet
  facet normal 4.001744e-15 -3.757888e-15 1.000000e+00
    outer loop
      vertex   3.125702e+01 -3.099750e+01 2.260000e+02
      vertex   2.650000e+01 -2.850000e+01 2.260000e+02
      vertex   3.092242e+01 -3.135382e+01 2.260000e+02
    endloop
  endfacet
  facet normal 4.743817e-15 -2.607935e-15 1.000000e+00
    outer loop
      vertex   3.092242e+01 -3.135382e+01 2.260000e+02
      vertex   2.650000e+01 -2.850000e+01 2.260000e+02
      vertex   3.068694e+01 -3.178216e+01 2.260000e+02
    endloop
  endfacet
  facet normal 0.000000e+00 -8.659460e-15 1.000000e+00
    outer loop
      vertex   3.068694e+01 -3.178216e+01 2.260000e+02
      vertex   2.650000e+01 -2.850000e+01 2.260000e+02
      vertex   -2.650000e+01 -2.850000e+01 2.260000e+02
    endloop
  endfacet
  facet normal 4.599815e-16 -6.449344e-16 1.000000e+00
    outer loop
      vertex   3.068694e+01 -3.178216e+01 2.260000e+02
      vertex   -2.650000e+01 -2.850000e+01 2.260000e+02
      vertex   -3.079120e+01 -3.156058e+01 2.260000e+02
    endloop
  endfacet
  facet normal -3.376459e-14 4.734092e-14 1.000000e+00
    outer loop
      vertex   -3.079120e+01 -3.156058e+01 2.260000e+02
      vertex   -2.650000e+01 -2.850000e+01 2.260000e+02
      vertex   -3.107851e+01 -3.116513e+01 2.260000e+02
    endloop
  endfacet
  facet normal -3.643760e-15 -4.404550e-15 1.000000e+00
    outer loop
      vertex   -3.107851e+01 -3.116513e+01 2.260000e+02
      vertex   -2.650000e+01 -2.850000e+01 2.260000e+02
      vertex   -3.145514e+01 -3.085356e+01 2.260000e+02
    endloop
  endfacet
  facet normal -7.892367e-14 -5.473790e-14 1.000000e+00
    outer loop
      vertex   3.213461e+01 -3.441546e+01 2.260000e+02
      vertex   3.166973e+01 -3.426441e+01 2.260000e+02
      vertex   3.250000e+01 -3.650000e+01 2.260000e+02
    endloop
  endfacet
  facet normal 0.000000e+00 0.000000e+00 1.000000e+00
    outer loop
      vertex   3.166973e+01 -3.426441e+01 2.260000e+02
      vertex   3.125702e+01 -3.400250e+01 2.260000e+02
      vertex   -3.145514e+01 -3.414644e+01 2.260000e+02
    endloop
  endfacet
  facet normal 0.000000e+00 0.000000e+00 1.000000e+00
    outer loop
      vertex   -3.145514e+01 -3.414644e+01 2.260000e+02
      vertex   3.125702e+01 -3.400250e+01 2.260000e+02
      vertex   -3.107851e+01 -3.383487e+01 2.260000e+02
    endloop
  endfacet
  facet normal -0.000000e+00 0.000000e+00 1.000000e+00
    outer loop
      vertex   -3.107851e+01 -3.383487e+01 2.260000e+02
      vertex   3.125702e+01 -3.400250e+01 2.260000e+02
      vertex   3.092242e+01 -3.364618e+01 2.260000e+02
    endloop
  endfacet
  facet normal 0.000000e+00 0.000000e+00 1.000000e+00
    outer loop
      vertex   -3.107851e+01 -3.383487e+01 2.260000e+02
      vertex   3.092242e+01 -3.364618e+01 2.260000e+02
      vertex   -3.079120e+01 -3.343942e+01 2.260000e+02
    endloop
  endfacet
  facet normal 4.454333e-16 1.329517e-13 1.000000e+00
    outer loop
      vertex   -3.079120e+01 -3.343942e+01 2.260000e+02
      vertex   3.092242e+01 -3.364618e+01 2.260000e+02
      vertex   3.068694e+01 -3.321784e+01 2.260000e+02
    endloop
  endfacet
  facet normal 9.259332e-16 -3.666029e-16 1.000000e+00
    outer loop
      vertex   -3.079120e+01 -3.343942e+01 2.260000e+02
      vertex   3.068694e+01 -3.321784e+01 2.260000e+02
      vertex   -3.061126e+01 -3.298495e+01 2.260000e+02
    endloop
  endfacet
  facet normal 9.282316e-16 2.383294e-16 1.000000e+00
    outer loop
      vertex   -3.061126e+01 -3.298495e+01 2.260000e+02
      vertex   3.068694e+01 -3.321784e+01 2.260000e+02
      vertex   3.056538e+01 -3.274440e+01 2.260000e+02
    endloop
  endfacet
  facet normal 4.685096e-16 1.171570e-13 1.000000e+00
    outer loop
      vertex   -3.061126e+01 -3.298495e+01 2.260000e+02
      vertex   3.056538e+01 -3.274440e+01 2.260000e+02
      vertex   -3.055000e+01 -3.250000e+01 2.260000e+02
    endloop
  endfacet
  facet normal -0.000000e+00 0.000000e+00 1.000000e+00
    outer loop
      vertex   -3.055000e+01 -3.250000e+01 2.260000e+02
      vertex   3.056538e+01 -3.274440e+01 2.260000e+02
      vertex   3.056538e+01 -3.225560e+01 2.260000e+02
    endloop
  endfacet
  facet normal 0.000000e+00 -0.000000e+00 1.000000e+00
    outer loop
      vertex   -3.055000e+01 -3.250000e+01 2.260000e+02
      vertex   3.056538e+01 -3.225560e+01 2.260000e+02
      vertex   -3.061126e+01 -3.201505e+01 2.260000e+02
    endloop
  endfacet
  facet normal 2.358065e-16 5.997140e-14 1.000000e+00
    outer loop
      vertex   -3.061126e+01 -3.201505e+01 2.260000e+02
      vertex   3.056538e+01 -3.225560e+01 2.260000e+02
      vertex   3.068694e+01 -3.178216e+01 2.260000e+02
    endloop
  endfacet
  facet normal 4.629666e-16 1.833014e-16 1.000000e+00
    outer loop
      vertex   -3.061126e+01 -3.201505e+01 2.260000e+02
      vertex   3.068694e+01 -3.178216e+01 2.260000e+02
      vertex   -3.079120e+01 -3.156058e+01 2.260000e+02
    endloop
  endfacet
  facet normal 8.010473e-15 -4.199237e-14 1.000000e+00
    outer loop
      vertex   -3.189742e+01 -3.435456e+01 2.260000e+02
      vertex   -3.237756e+01 -3.444615e+01 2.260000e+02
      vertex   -3.250000e+01 -3.650000e+01 2.260000e+02
    endloop
  endfacet
  facet normal 1.585769e-14 -8.717838e-15 1.000000e+00
    outer loop
      vertex   -3.431306e+01 -3.178216e+01 2.260000e+02
      vertex   -3.407758e+01 -3.135382e+01 2.260000e+02
      vertex   -3.650000e+01 -3.250000e+01 2.260000e+02
    endloop
  endfacet
  facet normal 2.111441e-14 -1.982775e-14 1.000000e+00
    outer loop
      vertex   -3.650000e+01 -3.250000e+01 2.260000e+02
      vertex   -3.407758e+01 -3.135382e+01 2.260000e+02
      vertex   -3.374298e+01 -3.099750e+01 2.260000e+02
    endloop
  endfacet
  facet normal -0.000000e+00 1.305262e-01 9.914449e-01
    outer loop
      vertex   2.850000e+01 -2.350000e+01 2.260000e+02
      vertex   3.650000e+01 -2.350000e+01 2.260000e+02
      vertex   3.250000e+01 -2.324118e+01 2.259659e+02
    endloop
  endfacet
  facet normal -1.159305e-16 1.305262e-01 9.914449e-01
    outer loop
      vertex   3.250000e+01 -2.324118e+01 2.259659e+02
      vertex   3.650000e+01 -2.350000e+01 2.260000e+02
      vertex   3.650000e+01 -2.324118e+01 2.259659e+02
    endloop
  endfacet
  facet normal -3.398912e-16 3.826834e-01 9.238795e-01
    outer loop
      vertex   3.250000e+01 -2.324118e+01 2.259659e+02
      vertex   3.650000e+01 -2.324118e+01 2.259659e+02
      vertex   3.250000e+01 -2.300000e+01 2.258660e+02
    endloop
  endfacet
  facet normal -8.943797e-15 3.826834e-01 9.238795e-01
    outer loop
      vertex   3.250000e+01 -2.300000e+01 2.258660e+02
      vertex   3.650000e+01 -2.324118e+01 2.259659e+02
      vertex   3.650000e+01 -2.300000e+01 2.258660e+02
    endloop
  endfacet
  facet normal -9.421936e-15 6.087614e-01 7.933533e-01
    outer loop
      vertex   3.250000e+01 -2.300000e+01 2.258660e+02
      vertex   3.650000e+01 -2.300000e+01 2.258660e+02
      vertex   3.250000e+01 -2.279289e+01 2.257071e+02
    endloop
  endfacet
  facet normal -8.340558e-15 6.087614e-01 7.933533e-01
    outer loop
      vertex   3.250000e+01 -2.279289e+01 2.257071e+02
      vertex   3.650000e+01 -2.300000e+01 2.258660e+02
      vertex   3.650000e+01 -2.279289e+01 2.257071e+02
    endloop
  endfacet
  facet normal -7.848707e-15 7.933533e-01 6.087614e-01
    outer loop
      vertex   3.250000e+01 -2.279289e+01 2.257071e+02
      vertex   3.650000e+01 -2.279289e+01 2.257071e+02
      vertex   3.250000e+01 -2.263397e+01 2.255000e+02
    endloop
  endfacet
  facet normal -2.818557e-15 7.933533e-01 6.087614e-01
    outer loop
      vertex   3.250000e+01 -2.263397e+01 2.255000e+02
      vertex   3.650000e+01 -2.279289e+01 2.257071e+02
      vertex   3.650000e+01 -2.263397e+01 2.255000e+02
    endloop
  endfacet
  facet normal -3.282279e-15 9.238795e-01 3.826834e-01
    outer loop
      vertex   3.250000e+01 -2.263397e+01 2.255000e+02
      vertex   3.650000e+01 -2.263397e+01 2.255000e+02
      vertex   3.250000e+01 -2.253407e+01 2.252588e+02
    endloop
  endfacet
  facet normal -7.385129e-15 9.238795e-01 3.826834e-01
    outer loop
      vertex   3.250000e+01 -2.253407e+01 2.252588e+02
      vertex   3.650000e+01 -2.263397e+01 2.255000e+02
      vertex   3.650000e+01 -2.253407e+01 2.252588e+02
    endloop
  endfacet
  facet normal -7.925219e-15 9.914449e-01 1.305262e-01
    outer loop
      vertex   3.250000e+01 -2.253407e+01 2.252588e+02
      vertex   3.650000e+01 -2.253407e+01 2.252588e+02
      vertex   3.650000e+01 -2.250000e+01 2.250000e+02
    endloop
  endfacet
  facet normal 0.000000e+00 9.914449e-01 1.305262e-01
    outer loop
      vertex   3.650000e+01 -2.250000e+01 2.250000e+02
      vertex   2.850000e+01 -2.250000e+01 2.250000e+02
      vertex   3.250000e+01 -2.253407e+01 2.252588e+02
    endloop
  endfacet
  facet normal 9.686379e-15 9.914449e-01 1.305262e-01
    outer loop
      vertex   3.250000e+01 -2.253407e+01 2.252588e+02
      vertex   2.850000e+01 -2.250000e+01 2.250000e+02
      vertex   2.850000e+01 -2.253407e+01 2.252588e+02
    endloop
  endfacet
  facet normal 9.026268e-15 9.238795e-01 3.826834e-01
    outer loop
      vertex   3.250000e+01 -2.253407e+01 2.252588e+02
      vertex   2.850000e+01 -2.253407e+01 2.252588e+02
      vertex   3.250000e+01 -2.263397e+01 2.255000e+02
    endloop
  endfacet
  facet normal 5.743989e-15 9.238795e-01 3.826834e-01
    outer loop
      vertex   3.250000e+01 -2.263397e+01 2.255000e+02
      vertex   2.850000e+01 -2.253407e+01 2.252588e+02
      vertex   2.850000e+01 -2.263397e+01 2.255000e+02
    endloop
  endfacet
  facet normal 4.932475e-15 7.933533e-01 6.087614e-01
    outer loop
      vertex   3.250000e+01 -2.263397e+01 2.255000e+02
      vertex   2.850000e+01 -2.263397e+01 2.255000e+02
      vertex   3.250000e+01 -2.279289e+01 2.257071e+02
    endloop
  endfacet
  facet normal 9.962625e-15 7.933533e-01 6.087614e-01
    outer loop
      vertex   3.250000e+01 -2.279289e+01 2.257071e+02
      vertex   2.850000e+01 -2.263397e+01 2.255000e+02
      vertex   2.850000e+01 -2.279289e+01 2.257071e+02
    endloop
  endfacet
  facet normal 9.962625e-15 6.087614e-01 7.933533e-01
    outer loop
      vertex   3.250000e+01 -2.279289e+01 2.257071e+02
      vertex   2.850000e+01 -2.279289e+01 2.257071e+02
      vertex   3.250000e+01 -2.300000e+01 2.258660e+02
    endloop
  endfacet
  facet normal 9.962625e-15 6.087614e-01 7.933533e-01
    outer loop
      vertex   3.250000e+01 -2.300000e+01 2.258660e+02
      vertex   2.850000e+01 -2.279289e+01 2.257071e+02
      vertex   2.850000e+01 -2.300000e+01 2.258660e+02
    endloop
  endfacet
  facet normal 9.283688e-15 3.826834e-01 9.238795e-01
    outer loop
      vertex   3.250000e+01 -2.300000e+01 2.258660e+02
      vertex   2.850000e+01 -2.300000e+01 2.258660e+02
      vertex   3.250000e+01 -2.324118e+01 2.259659e+02
    endloop
  endfacet
  facet normal 7.244341e-15 3.826834e-01 9.238795e-01
    outer loop
      vertex   3.250000e+01 -2.324118e+01 2.259659e+02
      vertex   2.850000e+01 -2.300000e+01 2.258660e+02
      vertex   2.850000e+01 -2.324118e+01 2.259659e+02
    endloop
  endfacet
  facet normal 7.276501e-15 1.305262e-01 9.914449e-01
    outer loop
      vertex   3.250000e+01 -2.324118e+01 2.259659e+02
      vertex   2.850000e+01 -2.324118e+01 2.259659e+02
      vertex   2.850000e+01 -2.350000e+01 2.260000e+02
    endloop
  endfacet
  facet normal 0.000000e+00 -1.000000e+00 0.000000e+00
    outer loop
      vertex   2.850000e+01 2.250000e+01 2.250000e+02
      vertex   2.850000e+01 2.250000e+01 2.228000e+02
      vertex   3.650000e+01 2.250000e+01 2.250000e+02
    endloop
  endfacet
  facet normal 0.000000e+00 -1.000000e+00 -0.000000e+00
    outer loop
      vertex   3.650000e+01 2.250000e+01 2.250000e+02
      vertex   2.850000e+01 2.250000e+01 2.228000e+02
      vertex   3.650000e+01 2.250000e+01 2.228000e+02
    endloop
  endfacet
  facet normal 0.000000e+00 -9.914449e-01 1.305262e-01
    outer loop
      vertex   3.650000e+01 2.250000e+01 2.228000e+02
      vertex   2.850000e+01 2.250000e+01 2.228000e+02
      vertex   3.250000e+01 2.246593e+01 2.225412e+02
    endloop
  endfacet
  facet normal 0.000000e+00 -9.914449e-01 1.305262e-01
    outer loop
      vertex   3.250000e+01 2.246593e+01 2.225412e+02
      vertex   2.850000e+01 2.250000e+01 2.228000e+02
      vertex   2.850000e+01 2.246593e+01 2.225412e+02
    endloop
  endfacet
  facet normal 0.000000e+00 -9.238795e-01 3.826834e-01
    outer loop
      vertex   3.250000e+01 2.246593e+01 2.225412e+02
      vertex   2.850000e+01 2.246593e+01 2.225412e+02
      vertex   3.250000e+01 2.236603e+01 2.223000e+02
    endloop
  endfacet
  facet normal -1.200282e-14 -9.238795e-01 3.826834e-01
    outer loop
      vertex   3.250000e+01 2.236603e+01 2.223000e+02
      vertex   2.850000e+01 2.246593e+01 2.225412e+02
      vertex   2.850000e+01 2.236603e+01 2.223000e+02
    endloop
  endfacet
  facet normal -1.428813e-14 -7.933533e-01 6.087614e-01
    outer loop
      vertex   3.250000e+01 2.236603e+01 2.223000e+02
      vertex   2.850000e+01 2.236603e+01 2.223000e+02
      vertex   3.250000e+01 2.220711e+01 2.220929e+02
    endloop
  endfacet
  facet normal -1.851597e-14 -7.933533e-01 6.087614e-01
    outer loop
      vertex   3.250000e+01 2.220711e+01 2.220929e+02
      vertex   2.850000e+01 2.236603e+01 2.223000e+02
      vertex   2.850000e+01 2.220711e+01 2.220929e+02
    endloop
  endfacet
  facet normal -1.884387e-14 -6.087614e-01 7.933533e-01
    outer loop
      vertex   3.250000e+01 2.220711e+01 2.220929e+02
      vertex   2.850000e+01 2.220711e+01 2.220929e+02
      vertex   3.250000e+01 2.200000e+01 2.219340e+02
    endloop
  endfacet
  facet normal -3.390292e-14 -6.087614e-01 7.933533e-01
    outer loop
      vertex   3.250000e+01 2.200000e+01 2.219340e+02
      vertex   2.850000e+01 2.220711e+01 2.220929e+02
      vertex   2.850000e+01 2.200000e+01 2.219340e+02
    endloop
  endfacet
  facet normal -3.339595e-14 -3.826834e-01 9.238795e-01
    outer loop
      vertex   3.250000e+01 2.200000e+01 2.219340e+02
      vertex   2.850000e+01 2.200000e+01 2.219340e+02
      vertex   3.250000e+01 2.175882e+01 2.218341e+02
    endloop
  endfacet
  facet normal -5.795473e-14 -3.826834e-01 9.238795e-01
    outer loop
      vertex   3.250000e+01 2.175882e+01 2.218341e+02
      vertex   2.850000e+01 2.200000e+01 2.219340e+02
      vertex   2.850000e+01 2.175882e+01 2.218341e+02
    endloop
  endfacet
  facet normal -5.821200e-14 -1.305262e-01 9.914449e-01
    outer loop
      vertex   3.250000e+01 2.175882e+01 2.218341e+02
      vertex   2.850000e+01 2.175882e+01 2.218341e+02
      vertex   2.850000e+01 2.150000e+01 2.218000e+02
    endloop
  endfacet
  facet normal 0.000000e+00 -1.305262e-01 9.914449e-01
    outer loop
      vertex   2.850000e+01 2.150000e+01 2.218000e+02
      vertex   3.650000e+01 2.150000e+01 2.218000e+02
      vertex   3.250000e+01 2.175882e+01 2.218341e+02
    endloop
  endfacet
  facet normal 5.821200e-14 -1.305262e-01 9.914449e-01
    outer loop
      vertex   3.250000e+01 2.175882e+01 2.218341e+02
      vertex   3.650000e+01 2.150000e+01 2.218000e+02
      vertex   3.650000e+01 2.175882e+01 2.218341e+02
    endloop
  endfacet
  facet normal 5.795473e-14 -3.826834e-01 9.238795e-01
    outer loop
      vertex   3.250000e+01 2.175882e+01 2.218341e+02
      vertex   3.650000e+01 2.175882e+01 2.218341e+02
      vertex   3.250000e+01 2.200000e+01 2.219340e+02
    endloop
  endfacet
  facet normal 4.030040e-14 -3.826834e-01 9.238795e-01
    outer loop
      vertex   3.250000e+01 2.200000e+01 2.219340e+02
      vertex   3.650000e+01 2.175882e+01 2.218341e+02
      vertex   3.650000e+01 2.200000e+01 2.219340e+02
    endloop
  endfacet
  facet normal 4.008073e-14 -6.087614e-01 7.933533e-01
    outer loop
      vertex   3.250000e+01 2.200000e+01 2.219340e+02
      vertex   3.650000e+01 2.200000e+01 2.219340e+02
      vertex   3.250000e+01 2.220711e+01 2.220929e+02
    endloop
  endfacet
  facet normal 2.610305e-14 -6.087614e-01 7.933533e-01
    outer loop
      vertex   3.250000e+01 2.220711e+01 2.220929e+02
      vertex   3.650000e+01 2.200000e+01 2.219340e+02
      vertex   3.650000e+01 2.220711e+01 2.220929e+02
    endloop
  endfacet
  facet normal 2.495540e-14 -7.933533e-01 6.087614e-01
    outer loop
      vertex   3.250000e+01 2.220711e+01 2.220929e+02
      vertex   3.650000e+01 2.220711e+01 2.220929e+02
      vertex   3.250000e+01 2.236603e+01 2.223000e+02
    endloop
  endfacet
  facet normal 7.046393e-15 -7.933533e-01 6.087614e-01
    outer loop
      vertex   3.250000e+01 2.236603e+01 2.223000e+02
      vertex   3.650000e+01 2.220711e+01 2.220929e+02
      vertex   3.650000e+01 2.236603e+01 2.223000e+02
    endloop
  endfacet
  facet normal 8.205699e-15 -9.238795e-01 3.826834e-01
    outer loop
      vertex   3.250000e+01 2.236603e+01 2.223000e+02
      vertex   3.650000e+01 2.236603e+01 2.223000e+02
      vertex   3.250000e+01 2.246593e+01 2.225412e+02
    endloop
  endfacet
  facet normal 1.641140e-15 -9.238795e-01 3.826834e-01
    outer loop
      vertex   3.250000e+01 2.246593e+01 2.225412e+02
      vertex   3.650000e+01 2.236603e+01 2.223000e+02
      vertex   3.650000e+01 2.246593e+01 2.225412e+02
    endloop
  endfacet
  facet normal 1.761160e-15 -9.914449e-01 1.305262e-01
    outer loop
      vertex   3.250000e+01 2.246593e+01 2.225412e+02
      vertex   3.650000e+01 2.246593e+01 2.225412e+02
      vertex   3.650000e+01 2.250000e+01 2.228000e+02
    endloop
  endfacet
  facet normal 0.000000e+00 -1.000000e+00 0.000000e+00
    outer loop
      vertex   -3.650000e+01 2.250000e+01 2.250000e+02
      vertex   -3.650000e+01 2.250000e+01 2.228000e+02
      vertex   -2.850000e+01 2.250000e+01 2.250000e+02
    endloop
  endfacet
  facet normal 0.000000e+00 -1.000000e+00 -0.000000e+00
    outer loop
      vertex   -2.850000e+01 2.250000e+01 2.250000e+02
      vertex   -3.650000e+01 2.250000e+01 2.228000e+02
      vertex   -2.850000e+01 2.250000e+01 2.228000e+02
    endloop
  endfacet
  facet normal 0.000000e+00 -9.914449e-01 1.305262e-01
    outer loop
      vertex   -2.850000e+01 2.250000e+01 2.228000e+02
      vertex   -3.650000e+01 2.250000e+01 2.228000e+02
      vertex   -3.250000e+01 2.246593e+01 2.225412e+02
    endloop
  endfacet
  facet normal 0.000000e+00 -9.914449e-01 1.305262e-01
    outer loop
      vertex   -3.250000e+01 2.246593e+01 2.225412e+02
      vertex   -3.650000e+01 2.250000e+01 2.228000e+02
      vertex   -3.650000e+01 2.246593e+01 2.225412e+02
    endloop
  endfacet
  facet normal 0.000000e+00 -9.238795e-01 3.826834e-01
    outer loop
      vertex   -3.250000e+01 2.246593e+01 2.225412e+02
      vertex   -3.650000e+01 2.246593e+01 2.225412e+02
      vertex   -3.250000e+01 2.236603e+01 2.223000e+02
    endloop
  endfacet
  facet normal -1.200282e-14 -9.238795e-01 3.826834e-01
    outer loop
      vertex   -3.250000e+01 2.236603e+01 2.223000e+02
      vertex   -3.650000e+01 2.246593e+01 2.225412e+02
      vertex   -3.650000e+01 2.236603e+01 2.223000e+02
    endloop
  endfacet
  facet normal -1.428813e-14 -7.933533e-01 6.087614e-01
    outer loop
      vertex   -3.250000e+01 2.236603e+01 2.223000e+02
      vertex   -3.650000e+01 2.236603e+01 2.223000e+02
      vertex   -3.250000e+01 2.220711e+01 2.220929e+02
    endloop
  endfacet
  facet normal -1.851597e-14 -7.933533e-01 6.087614e-01
    outer loop
      vertex   -3.250000e+01 2.220711e+01 2.220929e+02
      vertex   -3.650000e+01 2.236603e+01 2.223000e+02
      vertex   -3.650000e+01 2.220711e+01 2.220929e+02
    endloop
  endfacet
  facet normal -1.884387e-14 -6.087614e-01 7.933533e-01
    outer loop
      vertex   -3.250000e+01 2.220711e+01 2.220929e+02
      vertex   -3.650000e+01 2.220711e+01 2.220929e+02
      vertex   -3.250000e+01 2.200000e+01 2.219340e+02
    endloop
  endfacet
  facet normal -3.390292e-14 -6.087614e-01 7.933533e-01
    outer loop
      vertex   -3.250000e+01 2.200000e+01 2.219340e+02
      vertex   -3.650000e+01 2.220711e+01 2.220929e+02
      vertex   -3.650000e+01 2.200000e+01 2.219340e+02
    endloop
  endfacet
  facet normal -3.339595e-14 -3.826834e-01 9.238795e-01
    outer loop
      vertex   -3.250000e+01 2.200000e+01 2.219340e+02
      vertex   -3.650000e+01 2.200000e+01 2.219340e+02
      vertex   -3.250000e+01 2.175882e+01 2.218341e+02
    endloop
  endfacet
  facet normal -5.795473e-14 -3.826834e-01 9.238795e-01
    outer loop
      vertex   -3.250000e+01 2.175882e+01 2.218341e+02
      vertex   -3.650000e+01 2.200000e+01 2.219340e+02
      vertex   -3.650000e+01 2.175882e+01 2.218341e+02
    endloop
  endfacet
  facet normal -5.821200e-14 -1.305262e-01 9.914449e-01
    outer loop
      vertex   -3.250000e+01 2.175882e+01 2.218341e+02
      vertex   -3.650000e+01 2.175882e+01 2.218341e+02
      vertex   -3.650000e+01 2.150000e+01 2.218000e+02
    endloop
  endfacet
  facet normal 0.000000e+00 -1.305262e-01 9.914449e-01
    outer loop
      vertex   -3.650000e+01 2.150000e+01 2.218000e+02
      vertex   -2.850000e+01 2.150000e+01 2.218000e+02
      vertex   -3.250000e+01 2.175882e+01 2.218341e+02
    endloop
  endfacet
  facet normal 5.821200e-14 -1.305262e-01 9.914449e-01
    outer loop
      vertex   -3.250000e+01 2.175882e+01 2.218341e+02
      vertex   -2.850000e+01 2.150000e+01 2.218000e+02
      vertex   -2.850000e+01 2.175882e+01 2.218341e+02
    endloop
  endfacet
  facet normal 5.795473e-14 -3.826834e-01 9.238795e-01
    outer loop
      vertex   -3.250000e+01 2.175882e+01 2.218341e+02
      vertex   -2.850000e+01 2.175882e+01 2.218341e+02
      vertex   -3.250000e+01 2.200000e+01 2.219340e+02
    endloop
  endfacet
  facet normal 4.030040e-14 -3.826834e-01 9.238795e-01
    outer loop
      vertex   -3.250000e+01 2.200000e+01 2.219340e+02
      vertex   -2.850000e+01 2.175882e+01 2.218341e+02
      vertex   -2.850000e+01 2.200000e+01 2.219340e+02
    endloop
  endfacet
  facet normal 4.008073e-14 -6.087614e-01 7.933533e-01
    outer loop
      vertex   -3.250000e+01 2.200000e+01 2.219340e+02
      vertex   -2.850000e+01 2.200000e+01 2.219340e+02
      vertex   -3.250000e+01 2.220711e+01 2.220929e+02
    endloop
  endfacet
  facet normal 2.610305e-14 -6.087614e-01 7.933533e-01
    outer loop
      vertex   -3.250000e+01 2.220711e+01 2.220929e+02
      vertex   -2.850000e+01 2.200000e+01 2.219340e+02
      vertex   -2.850000e+01 2.220711e+01 2.220929e+02
    endloop
  endfacet
  facet normal 2.495540e-14 -7.933533e-01 6.087614e-01
    outer loop
      vertex   -3.250000e+01 2.220711e+01 2.220929e+02
      vertex   -2.850000e+01 2.220711e+01 2.220929e+02
      vertex   -3.250000e+01 2.236603e+01 2.223000e+02
    endloop
  endfacet
  facet normal 7.046393e-15 -7.933533e-01 6.087614e-01
    outer loop
      vertex   -3.250000e+01 2.236603e+01 2.223000e+02
      vertex   -2.850000e+01 2.220711e+01 2.220929e+02
      vertex   -2.850000e+01 2.236603e+01 2.223000e+02
    endloop
  endfacet
  facet normal 8.205699e-15 -9.238795e-01 3.826834e-01
    outer loop
      vertex   -3.250000e+01 2.236603e+01 2.223000e+02
      vertex   -2.850000e+01 2.236603e+01 2.223000e+02
      vertex   -3.250000e+01 2.246593e+01 2.225412e+02
    endloop
  endfacet
  facet normal 1.641140e-15 -9.238795e-01 3.826834e-01
    outer loop
      vertex   -3.250000e+01 2.246593e+01 2.225412e+02
      vertex   -2.850000e+01 2.236603e+01 2.223000e+02
      vertex   -2.850000e+01 2.246593e+01 2.225412e+02
    endloop
  endfacet
  facet normal 1.761160e-15 -9.914449e-01 1.305262e-01
    outer loop
      vertex   -3.250000e+01 2.246593e+01 2.225412e+02
      vertex   -2.850000e+01 2.246593e+01 2.225412e+02
      vertex   -2.850000e+01 2.250000e+01 2.228000e+02
    endloop
  endfacet
  facet normal 9.937122e-01 1.119645e-01 0.000000e+00
    outer loop
      vertex   3.650000e+01 2.650000e+01 2.230000e+02
      vertex   3.650000e+01 2.650000e+01 2.183000e+02
      vertex   3.644986e+01 2.694504e+01 2.230000e+02
    endloop
  endfacet
  facet normal 9.937122e-01 1.119645e-01 0.000000e+00
    outer loop
      vertex   3.644986e+01 2.694504e+01 2.230000e+02
      vertex   3.650000e+01 2.650000e+01 2.183000e+02
      vertex   3.644986e+01 2.694504e+01 2.183000e+02
    endloop
  endfacet
  facet normal 9.438833e-01 3.302791e-01 0.000000e+00
    outer loop
      vertex   3.644986e+01 2.694504e+01 2.230000e+02
      vertex   3.644986e+01 2.694504e+01 2.183000e+02
      vertex   3.630194e+01 2.736777e+01 2.230000e+02
    endloop
  endfacet
  facet normal 9.438833e-01 3.302791e-01 0.000000e+00
    outer loop
      vertex   3.630194e+01 2.736777e+01 2.230000e+02
      vertex   3.644986e+01 2.694504e+01 2.183000e+02
      vertex   3.630194e+01 2.736777e+01 2.183000e+02
    endloop
  endfacet
  facet normal 8.467242e-01 5.320321e-01 0.000000e+00
    outer loop
      vertex   3.630194e+01 2.736777e+01 2.230000e+02
      vertex   3.630194e+01 2.736777e+01 2.183000e+02
      vertex   3.606366e+01 2.774698e+01 2.230000e+02
    endloop
  endfacet
  facet normal 8.467242e-01 5.320321e-01 0.000000e+00
    outer loop
      vertex   3.606366e+01 2.774698e+01 2.230000e+02
      vertex   3.630194e+01 2.736777e+01 2.183000e+02
      vertex   3.606366e+01 2.774698e+01 2.183000e+02
    endloop
  endfacet
  facet normal 7.071068e-01 7.071068e-01 0.000000e+00
    outer loop
      vertex   3.606366e+01 2.774698e+01 2.230000e+02
      vertex   3.606366e+01 2.774698e+01 2.183000e+02
      vertex   3.574698e+01 2.806366e+01 2.230000e+02
    endloop
  endfacet
  facet normal 7.071068e-01 7.071068e-01 0.000000e+00
    outer loop
      vertex   3.574698e+01 2.806366e+01 2.230000e+02
      vertex   3.606366e+01 2.774698e+01 2.183000e+02
      vertex   3.574698e+01 2.806366e+01 2.183000e+02
    endloop
  endfacet
  facet normal 5.320321e-01 8.467242e-01 0.000000e+00
    outer loop
      vertex   3.574698e+01 2.806366e+01 2.230000e+02
      vertex   3.574698e+01 2.806366e+01 2.183000e+02
      vertex   3.536777e+01 2.830194e+01 2.230000e+02
    endloop
  endfacet
  facet normal 5.320321e-01 8.467242e-01 0.000000e+00
    outer loop
      vertex   3.536777e+01 2.830194e+01 2.230000e+02
      vertex   3.574698e+01 2.806366e+01 2.183000e+02
      vertex   3.536777e+01 2.830194e+01 2.183000e+02
    endloop
  endfacet
  facet normal 3.302791e-01 9.438833e-01 0.000000e+00
    outer loop
      vertex   3.536777e+01 2.830194e+01 2.230000e+02
      vertex   3.536777e+01 2.830194e+01 2.183000e+02
      vertex   3.494504e+01 2.844986e+01 2.230000e+02
    endloop
  endfacet
  facet normal 3.302791e-01 9.438833e-01 0.000000e+00
    outer loop
      vertex   3.494504e+01 2.844986e+01 2.230000e+02
      vertex   3.536777e+01 2.830194e+01 2.183000e+02
      vertex   3.494504e+01 2.844986e+01 2.183000e+02
    endloop
  endfacet
  facet normal 1.119645e-01 9.937122e-01 0.000000e+00
    outer loop
      vertex   3.494504e+01 2.844986e+01 2.230000e+02
      vertex   3.494504e+01 2.844986e+01 2.183000e+02
      vertex   3.450000e+01 2.850000e+01 2.230000e+02
    endloop
  endfacet
  facet normal 1.119645e-01 9.937122e-01 0.000000e+00
    outer loop
      vertex   3.450000e+01 2.850000e+01 2.230000e+02
      vertex   3.494504e+01 2.844986e+01 2.183000e+02
      vertex   3.450000e+01 2.850000e+01 2.183000e+02
    endloop
  endfacet
  facet normal 0.000000e+00 1.000000e+00 0.000000e+00
    outer loop
      vertex   3.450000e+01 2.850000e+01 2.230000e+02
      vertex   3.450000e+01 2.850000e+01 2.183000e+02
      vertex   3.250000e+01 2.850000e+01 2.230000e+02
    endloop
  endfacet
  facet normal 0.000000e+00 1.000000e+00 0.000000e+00
    outer loop
      vertex   3.250000e+01 2.850000e+01 2.230000e+02
      vertex   3.450000e+01 2.850000e+01 2.183000e+02
      vertex   3.250000e+01 2.850000e+01 2.183000e+02
    endloop
  endfacet
  facet normal 9.937122e-01 1.119645e-01 0.000000e+00
    outer loop
      vertex   2.850000e+01 3.450000e+01 2.230000e+02
      vertex   2.850000e+01 3.450000e+01 2.183000e+02
      vertex   2.844986e+01 3.494504e+01 2.230000e+02
    endloop
  endfacet
  facet normal 9.937122e-01 1.119645e-01 0.000000e+00
    outer loop
      vertex   2.844986e+01 3.494504e+01 2.230000e+02
      vertex   2.850000e+01 3.450000e+01 2.183000e+02
      vertex   2.844986e+01 3.494504e+01 2.183000e+02
    endloop
  endfacet
  facet normal 9.438833e-01 3.302791e-01 0.000000e+00
    outer loop
      vertex   2.844986e+01 3.494504e+01 2.230000e+02
      vertex   2.844986e+01 3.494504e+01 2.183000e+02
      vertex   2.830194e+01 3.536777e+01 2.230000e+02
    endloop
  endfacet
  facet normal 9.438833e-01 3.302791e-01 0.000000e+00
    outer loop
      vertex   2.830194e+01 3.536777e+01 2.230000e+02
      vertex   2.844986e+01 3.494504e+01 2.183000e+02
      vertex   2.830194e+01 3.536777e+01 2.183000e+02
    endloop
  endfacet
  facet normal 8.467242e-01 5.320321e-01 0.000000e+00
    outer loop
      vertex   2.830194e+01 3.536777e+01 2.230000e+02
      vertex   2.830194e+01 3.536777e+01 2.183000e+02
      vertex   2.806366e+01 3.574698e+01 2.230000e+02
    endloop
  endfacet
  facet normal 8.467242e-01 5.320321e-01 0.000000e+00
    outer loop
      vertex   2.806366e+01 3.574698e+01 2.230000e+02
      vertex   2.830194e+01 3.536777e+01 2.183000e+02
      vertex   2.806366e+01 3.574698e+01 2.183000e+02
    endloop
  endfacet
  facet normal 7.071068e-01 7.071068e-01 0.000000e+00
    outer loop
      vertex   2.806366e+01 3.574698e+01 2.230000e+02
      vertex   2.806366e+01 3.574698e+01 2.183000e+02
      vertex   2.774698e+01 3.606366e+01 2.230000e+02
    endloop
  endfacet
  facet normal 7.071068e-01 7.071068e-01 0.000000e+00
    outer loop
      vertex   2.774698e+01 3.606366e+01 2.230000e+02
      vertex   2.806366e+01 3.574698e+01 2.183000e+02
      vertex   2.774698e+01 3.606366e+01 2.183000e+02
    endloop
  endfacet
  facet normal 5.320321e-01 8.467242e-01 0.000000e+00
    outer loop
      vertex   2.774698e+01 3.606366e+01 2.230000e+02
      vertex   2.774698e+01 3.606366e+01 2.183000e+02
      vertex   2.736777e+01 3.630194e+01 2.230000e+02
    endloop
  endfacet
  facet normal 5.320321e-01 8.467242e-01 0.000000e+00
    outer loop
      vertex   2.736777e+01 3.630194e+01 2.230000e+02
      vertex   2.774698e+01 3.606366e+01 2.183000e+02
      vertex   2.736777e+01 3.630194e+01 2.183000e+02
    endloop
  endfacet
  facet normal 3.302791e-01 9.438833e-01 0.000000e+00
    outer loop
      vertex   2.736777e+01 3.630194e+01 2.230000e+02
      vertex   2.736777e+01 3.630194e+01 2.183000e+02
      vertex   2.694504e+01 3.644986e+01 2.230000e+02
    endloop
  endfacet
  facet normal 3.302791e-01 9.438833e-01 0.000000e+00
    outer loop
      vertex   2.694504e+01 3.644986e+01 2.230000e+02
      vertex   2.736777e+01 3.630194e+01 2.183000e+02
      vertex   2.694504e+01 3.644986e+01 2.183000e+02
    endloop
  endfacet
  facet normal 1.119645e-01 9.937122e-01 0.000000e+00
    outer loop
      vertex   2.694504e+01 3.644986e+01 2.230000e+02
      vertex   2.694504e+01 3.644986e+01 2.183000e+02
      vertex   2.650000e+01 3.650000e+01 2.230000e+02
    endloop
  endfacet
  facet normal 1.119645e-01 9.937122e-01 0.000000e+00
    outer loop
      vertex   2.650000e+01 3.650000e+01 2.230000e+02
      vertex   2.694504e+01 3.644986e+01 2.183000e+02
      vertex   2.650000e+01 3.650000e+01 2.183000e+02
    endloop
  endfacet
  facet normal 0.000000e+00 1.000000e+00 -0.000000e+00
    outer loop
      vertex   2.650000e+01 3.650000e+01 2.183000e+02
      vertex   -2.650000e+01 3.650000e+01 2.230000e+02
      vertex   2.650000e+01 3.650000e+01 2.230000e+02
    endloop
  endfacet
  facet normal 0.000000e+00 1.000000e+00 0.000000e+00
    outer loop
      vertex   2.650000e+01 3.650000e+01 2.230000e+02
      vertex   -2.650000e+01 3.650000e+01 2.230000e+02
      vertex   -3.250000e+01 3.650000e+01 2.260000e+02
    endloop
  endfacet
  facet normal 0.000000e+00 1.000000e+00 -0.000000e+00
    outer loop
      vertex   2.650000e+01 3.650000e+01 2.230000e+02
      vertex   -3.250000e+01 3.650000e+01 2.260000e+02
      vertex   3.250000e+01 3.650000e+01 2.260000e+02
    endloop
  endfacet
  facet normal 0.000000e+00 1.000000e+00 0.000000e+00
    outer loop
      vertex   2.650000e+01 3.650000e+01 2.183000e+02
      vertex   -2.650000e+01 3.650000e+01 2.183000e+02
      vertex   -2.650000e+01 3.650000e+01 2.230000e+02
    endloop
  endfacet
  facet normal 0.000000e+00 1.000000e+00 0.000000e+00
    outer loop
      vertex   -2.650000e+01 3.650000e+01 2.230000e+02
      vertex   -3.250000e+01 3.650000e+01 2.230000e+02
      vertex   -3.250000e+01 3.650000e+01 2.260000e+02
    endloop
  endfacet
  facet normal 0.000000e+00 1.000000e+00 0.000000e+00
    outer loop
      vertex   3.250000e+01 3.650000e+01 2.260000e+02
      vertex   3.250000e+01 3.650000e+01 2.230000e+02
      vertex   2.650000e+01 3.650000e+01 2.230000e+02
    endloop
  endfacet
  facet normal 8.715574e-02 9.961947e-01 0.000000e+00
    outer loop
      vertex   3.250000e+01 2.850000e+01 2.230000e+02
      vertex   3.250000e+01 2.850000e+01 2.183000e+02
      vertex   3.180541e+01 2.856077e+01 2.230000e+02
    endloop
  endfacet
  facet normal 8.715574e-02 9.961947e-01 7.530201e-16
    outer loop
      vertex   3.180541e+01 2.856077e+01 2.230000e+02
      vertex   3.250000e+01 2.850000e+01 2.183000e+02
      vertex   3.180541e+01 2.856077e+01 2.183000e+02
    endloop
  endfacet
  facet normal 2.588190e-01 9.659258e-01 7.301400e-16
    outer loop
      vertex   3.180541e+01 2.856077e+01 2.230000e+02
      vertex   3.180541e+01 2.856077e+01 2.183000e+02
      vertex   3.113192e+01 2.874123e+01 2.230000e+02
    endloop
  endfacet
  facet normal 2.588190e-01 9.659258e-01 -1.956404e-16
    outer loop
      vertex   3.113192e+01 2.874123e+01 2.230000e+02
      vertex   3.180541e+01 2.856077e+01 2.183000e+02
      vertex   3.113192e+01 2.874123e+01 2.183000e+02
    endloop
  endfacet
  facet normal 4.226183e-01 9.063078e-01 -3.194557e-16
    outer loop
      vertex   3.113192e+01 2.874123e+01 2.230000e+02
      vertex   3.113192e+01 2.874123e+01 2.183000e+02
      vertex   3.050000e+01 2.903590e+01 2.230000e+02
    endloop
  endfacet
  facet normal 4.226183e-01 9.063078e-01 -3.194557e-16
    outer loop
      vertex   3.050000e+01 2.903590e+01 2.230000e+02
      vertex   3.113192e+01 2.874123e+01 2.183000e+02
      vertex   3.050000e+01 2.903590e+01 2.183000e+02
    endloop
  endfacet
  facet normal 5.735764e-01 8.191520e-01 -4.335644e-16
    outer loop
      vertex   3.050000e+01 2.903590e+01 2.230000e+02
      vertex   3.050000e+01 2.903590e+01 2.183000e+02
      vertex   2.992885e+01 2.943582e+01 2.230000e+02
    endloop
  endfacet
  facet normal 5.735764e-01 8.191520e-01 4.335644e-16
    outer loop
      vertex   2.992885e+01 2.943582e+01 2.230000e+02
      vertex   3.050000e+01 2.903590e+01 2.183000e+02
      vertex   2.992885e+01 2.943582e+01 2.183000e+02
    endloop
  endfacet
  facet normal 7.071068e-01 7.071068e-01 5.344996e-16
    outer loop
      vertex   2.992885e+01 2.943582e+01 2.230000e+02
      vertex   2.992885e+01 2.943582e+01 2.183000e+02
      vertex   2.943582e+01 2.992885e+01 2.230000e+02
    endloop
  endfacet
  facet normal 7.071068e-01 7.071068e-01 -5.344996e-16
    outer loop
      vertex   2.943582e+01 2.992885e+01 2.230000e+02
      vertex   2.992885e+01 2.943582e+01 2.183000e+02
      vertex   2.943582e+01 2.992885e+01 2.183000e+02
    endloop
  endfacet
  facet normal 8.191520e-01 5.735764e-01 -4.335644e-16
    outer loop
      vertex   2.943582e+01 2.992885e+01 2.230000e+02
      vertex   2.943582e+01 2.992885e+01 2.183000e+02
      vertex   2.903590e+01 3.050000e+01 2.230000e+02
    endloop
  endfacet
  facet normal 8.191520e-01 5.735764e-01 4.335644e-16
    outer loop
      vertex   2.903590e+01 3.050000e+01 2.230000e+02
      vertex   2.943582e+01 2.992885e+01 2.183000e+02
      vertex   2.903590e+01 3.050000e+01 2.183000e+02
    endloop
  endfacet
  facet normal 9.063078e-01 4.226183e-01 3.194557e-16
    outer loop
      vertex   2.903590e+01 3.050000e+01 2.230000e+02
      vertex   2.903590e+01 3.050000e+01 2.183000e+02
      vertex   2.874123e+01 3.113192e+01 2.230000e+02
    endloop
  endfacet
  facet normal 9.063078e-01 4.226183e-01 3.194557e-16
    outer loop
      vertex   2.874123e+01 3.113192e+01 2.230000e+02
      vertex   2.903590e+01 3.050000e+01 2.183000e+02
      vertex   2.874123e+01 3.113192e+01 2.183000e+02
    endloop
  endfacet
  facet normal 9.659258e-01 2.588190e-01 1.956404e-16
    outer loop
      vertex   2.874123e+01 3.113192e+01 2.230000e+02
      vertex   2.874123e+01 3.113192e+01 2.183000e+02
      vertex   2.856077e+01 3.180541e+01 2.230000e+02
    endloop
  endfacet
  facet normal 9.659258e-01 2.588190e-01 -7.301400e-16
    outer loop
      vertex   2.856077e+01 3.180541e+01 2.230000e+02
      vertex   2.874123e+01 3.113192e+01 2.183000e+02
      vertex   2.856077e+01 3.180541e+01 2.183000e+02
    endloop
  endfacet
  facet normal 9.961947e-01 8.715574e-02 -7.530201e-16
    outer loop
      vertex   2.856077e+01 3.180541e+01 2.230000e+02
      vertex   2.856077e+01 3.180541e+01 2.183000e+02
      vertex   2.850000e+01 3.250000e+01 2.230000e+02
    endloop
  endfacet
  facet normal 9.961947e-01 8.715574e-02 0.000000e+00
    outer loop
      vertex   2.850000e+01 3.250000e+01 2.230000e+02
      vertex   2.856077e+01 3.180541e+01 2.183000e+02
      vertex   2.850000e+01 3.250000e+01 2.183000e+02
    endloop
  endfacet
  facet normal 1.000000e+00 0.000000e+00 -0.000000e+00
    outer loop
      vertex   2.850000e+01 3.450000e+01 2.183000e+02
      vertex   2.850000e+01 3.450000e+01 2.230000e+02
      vertex   2.850000e+01 3.250000e+01 2.183000e+02
    endloop
  endfacet
  facet normal 1.000000e+00 0.000000e+00 0.000000e+00
    outer loop
      vertex   2.850000e+01 3.250000e+01 2.183000e+02
      vertex   2.850000e+01 3.450000e+01 2.230000e+02
      vertex   2.850000e+01 3.250000e+01 2.230000e+02
    endloop
  endfacet
  facet normal 0.000000e+00 0.000000e+00 -1.000000e+00
    outer loop
      vertex   2.850000e+01 3.450000e+01 2.230000e+02
      vertex   3.068694e+01 3.321784e+01 2.230000e+02
      vertex   2.850000e+01 3.250000e+01 2.230000e+02
    endloop
  endfacet
  facet normal 0.000000e+00 0.000000e+00 -1.000000e+00
    outer loop
      vertex   2.850000e+01 3.250000e+01 2.230000e+02
      vertex   3.068694e+01 3.321784e+01 2.230000e+02
      vertex   3.056538e+01 3.274440e+01 2.230000e+02
    endloop
  endfacet
  facet normal 1.376103e-14 -1.162919e-13 -1.000000e+00
    outer loop
      vertex   2.850000e+01 3.250000e+01 2.230000e+02
      vertex   3.056538e+01 3.274440e+01 2.230000e+02
      vertex   3.056538e+01 3.225560e+01 2.230000e+02
    endloop
  endfacet
  facet normal -2.104557e-14 -2.371266e-15 -1.000000e+00
    outer loop
      vertex   2.844986e+01 3.494504e+01 2.230000e+02
      vertex   3.125702e+01 3.400250e+01 2.230000e+02
      vertex   2.850000e+01 3.450000e+01 2.230000e+02
    endloop
  endfacet
  facet normal -1.763021e-14 1.655587e-14 -1.000000e+00
    outer loop
      vertex   2.850000e+01 3.450000e+01 2.230000e+02
      vertex   3.125702e+01 3.400250e+01 2.230000e+02
      vertex   3.092242e+01 3.364618e+01 2.230000e+02
    endloop
  endfacet
  facet normal -5.883897e-14 -1.003598e-13 -1.000000e+00
    outer loop
      vertex   2.850000e+01 3.450000e+01 2.230000e+02
      vertex   3.092242e+01 3.364618e+01 2.230000e+02
      vertex   3.068694e+01 3.321784e+01 2.230000e+02
    endloop
  endfacet
  facet normal -2.294518e-14 -8.028865e-15 -1.000000e+00
    outer loop
      vertex   2.844986e+01 3.494504e+01 2.230000e+02
      vertex   2.830194e+01 3.536777e+01 2.230000e+02
      vertex   3.125702e+01 3.400250e+01 2.230000e+02
    endloop
  endfacet
  facet normal -1.113180e-14 1.754090e-14 -1.000000e+00
    outer loop
      vertex   3.125702e+01 3.400250e+01 2.230000e+02
      vertex   2.830194e+01 3.536777e+01 2.230000e+02
      vertex   3.166973e+01 3.426441e+01 2.230000e+02
    endloop
  endfacet
  facet normal -7.621005e-15 2.825696e-14 -1.000000e+00
    outer loop
      vertex   3.166973e+01 3.426441e+01 2.230000e+02
      vertex   2.830194e+01 3.536777e+01 2.230000e+02
      vertex   3.250000e+01 3.650000e+01 2.230000e+02
    endloop
  endfacet
  facet normal -1.484520e-13 8.055986e-14 -1.000000e+00
    outer loop
      vertex   3.166973e+01 3.426441e+01 2.230000e+02
      vertex   3.250000e+01 3.650000e+01 2.230000e+02
      vertex   3.213461e+01 3.441546e+01 2.230000e+02
    endloop
  endfacet
  facet normal -6.238008e-14 6.547254e-14 -1.000000e+00
    outer loop
      vertex   3.213461e+01 3.441546e+01 2.230000e+02
      vertex   3.250000e+01 3.650000e+01 2.230000e+02
      vertex   3.262244e+01 3.444615e+01 2.230000e+02
    endloop
  endfacet
  facet normal -2.818462e-13 5.238892e-14 -1.000000e+00
    outer loop
      vertex   3.262244e+01 3.444615e+01 2.230000e+02
      vertex   3.250000e+01 3.650000e+01 2.230000e+02
      vertex   3.319459e+01 3.643923e+01 2.230000e+02
    endloop
  endfacet
  facet normal 5.096306e-14 -4.315032e-14 -1.000000e+00
    outer loop
      vertex   3.262244e+01 3.444615e+01 2.230000e+02
      vertex   3.319459e+01 3.643923e+01 2.230000e+02
      vertex   3.310258e+01 3.435456e+01 2.230000e+02
    endloop
  endfacet
  facet normal -5.253883e-14 -3.858214e-14 -1.000000e+00
    outer loop
      vertex   3.310258e+01 3.435456e+01 2.230000e+02
      vertex   3.319459e+01 3.643923e+01 2.230000e+02
      vertex   3.386808e+01 3.625877e+01 2.230000e+02
    endloop
  endfacet
  facet normal 1.443158e-14 -6.550441e-14 -1.000000e+00
    outer loop
      vertex   3.310258e+01 3.435456e+01 2.230000e+02
      vertex   3.386808e+01 3.625877e+01 2.230000e+02
      vertex   3.450000e+01 3.596410e+01 2.230000e+02
    endloop
  endfacet
  facet normal 0.000000e+00 0.000000e+00 -1.000000e+00
    outer loop
      vertex   2.830194e+01 3.536777e+01 2.230000e+02
      vertex   2.806366e+01 3.574698e+01 2.230000e+02
      vertex   3.250000e+01 3.650000e+01 2.230000e+02
    endloop
  endfacet
  facet normal 0.000000e+00 0.000000e+00 -1.000000e+00
    outer loop
      vertex   3.250000e+01 3.650000e+01 2.230000e+02
      vertex   2.806366e+01 3.574698e+01 2.230000e+02
      vertex   2.774698e+01 3.606366e+01 2.230000e+02
    endloop
  endfacet
  facet normal 0.000000e+00 0.000000e+00 -1.000000e+00
    outer loop
      vertex   3.250000e+01 3.650000e+01 2.230000e+02
      vertex   2.774698e+01 3.606366e+01 2.230000e+02
      vertex   2.736777e+01 3.630194e+01 2.230000e+02
    endloop
  endfacet
  facet normal 0.000000e+00 0.000000e+00 -1.000000e+00
    outer loop
      vertex   2.736777e+01 3.630194e+01 2.230000e+02
      vertex   2.694504e+01 3.644986e+01 2.230000e+02
      vertex   3.250000e+01 3.650000e+01 2.230000e+02
    endloop
  endfacet
  facet normal -0.000000e+00 0.000000e+00 -1.000000e+00
    outer loop
      vertex   3.250000e+01 3.650000e+01 2.230000e+02
      vertex   2.694504e+01 3.644986e+01 2.230000e+02
      vertex   2.650000e+01 3.650000e+01 2.230000e+02
    endloop
  endfacet
  facet normal -1.769769e-14 -3.760952e-14 -1.000000e+00
    outer loop
      vertex   3.310258e+01 3.435456e+01 2.230000e+02
      vertex   3.450000e+01 3.596410e+01 2.230000e+02
      vertex   3.354486e+01 3.414644e+01 2.230000e+02
    endloop
  endfacet
  facet normal -6.038881e-14 -1.517636e-14 -1.000000e+00
    outer loop
      vertex   3.354486e+01 3.414644e+01 2.230000e+02
      vertex   3.450000e+01 3.596410e+01 2.230000e+02
      vertex   3.507115e+01 3.556418e+01 2.230000e+02
    endloop
  endfacet
  facet normal -3.508810e-14 -4.241423e-14 -1.000000e+00
    outer loop
      vertex   3.354486e+01 3.414644e+01 2.230000e+02
      vertex   3.507115e+01 3.556418e+01 2.230000e+02
      vertex   3.392149e+01 3.383487e+01 2.230000e+02
    endloop
  endfacet
  facet normal -3.948869e-14 -3.948868e-14 -1.000000e+00
    outer loop
      vertex   3.392149e+01 3.383487e+01 2.230000e+02
      vertex   3.507115e+01 3.556418e+01 2.230000e+02
      vertex   3.556418e+01 3.507115e+01 2.230000e+02
    endloop
  endfacet
  facet normal 2.519669e-14 -1.254382e-13 -1.000000e+00
    outer loop
      vertex   3.392149e+01 3.383487e+01 2.230000e+02
      vertex   3.556418e+01 3.507115e+01 2.230000e+02
      vertex   3.420880e+01 3.343942e+01 2.230000e+02
    endloop
  endfacet
  facet normal -3.576230e-14 -7.480324e-14 -1.000000e+00
    outer loop
      vertex   3.420880e+01 3.343942e+01 2.230000e+02
      vertex   3.556418e+01 3.507115e+01 2.230000e+02
      vertex   3.596410e+01 3.450000e+01 2.230000e+02
    endloop
  endfacet
  facet normal -8.436526e-14 5.636628e-15 -1.000000e+00
    outer loop
      vertex   3.420880e+01 3.343942e+01 2.230000e+02
      vertex   3.596410e+01 3.450000e+01 2.230000e+02
      vertex   3.625877e+01 3.386808e+01 2.230000e+02
    endloop
  endfacet
  facet normal -6.474903e-14 -8.817349e-14 -1.000000e+00
    outer loop
      vertex   3.420880e+01 3.343942e+01 2.230000e+02
      vertex   3.625877e+01 3.386808e+01 2.230000e+02
      vertex   3.438874e+01 3.298495e+01 2.230000e+02
    endloop
  endfacet
  facet normal -7.674817e-14 -6.276538e-14 -1.000000e+00
    outer loop
      vertex   3.438874e+01 3.298495e+01 2.230000e+02
      vertex   3.625877e+01 3.386808e+01 2.230000e+02
      vertex   3.643923e+01 3.319459e+01 2.230000e+02
    endloop
  endfacet
  facet normal -7.618915e-14 -6.823300e-14 -1.000000e+00
    outer loop
      vertex   3.438874e+01 3.298495e+01 2.230000e+02
      vertex   3.643923e+01 3.319459e+01 2.230000e+02
      vertex   3.445000e+01 3.250000e+01 2.230000e+02
    endloop
  endfacet
  facet normal -1.702497e-20 -2.864297e-13 -1.000000e+00
    outer loop
      vertex   3.445000e+01 3.250000e+01 2.230000e+02
      vertex   3.643923e+01 3.319459e+01 2.230000e+02
      vertex   3.650000e+01 3.250000e+01 2.230000e+02
    endloop
  endfacet
  facet normal 0.000000e+00 -0.000000e+00 -1.000000e+00
    outer loop
      vertex   3.445000e+01 3.250000e+01 2.230000e+02
      vertex   3.650000e+01 3.250000e+01 2.230000e+02
      vertex   3.438874e+01 3.201505e+01 2.230000e+02
    endloop
  endfacet
  facet normal 3.160310e-14 -1.375876e-13 -1.000000e+00
    outer loop
      vertex   3.438874e+01 3.201505e+01 2.230000e+02
      vertex   3.650000e+01 3.250000e+01 2.230000e+02
      vertex   3.420880e+01 3.156058e+01 2.230000e+02
    endloop
  endfacet
  facet normal -2.789400e-14 7.523111e-15 -1.000000e+00
    outer loop
      vertex   3.420880e+01 3.156058e+01 2.230000e+02
      vertex   3.650000e+01 3.250000e+01 2.230000e+02
      vertex   3.536777e+01 2.830194e+01 2.230000e+02
    endloop
  endfacet
  facet normal 6.971491e-15 1.992338e-14 -1.000000e+00
    outer loop
      vertex   3.420880e+01 3.156058e+01 2.230000e+02
      vertex   3.536777e+01 2.830194e+01 2.230000e+02
      vertex   3.494504e+01 2.844986e+01 2.230000e+02
    endloop
  endfacet
  facet normal 0.000000e+00 0.000000e+00 -1.000000e+00
    outer loop
      vertex   3.650000e+01 2.650000e+01 2.230000e+02
      vertex   3.644986e+01 2.694504e+01 2.230000e+02
      vertex   3.650000e+01 3.250000e+01 2.230000e+02
    endloop
  endfacet
  facet normal 0.000000e+00 0.000000e+00 -1.000000e+00
    outer loop
      vertex   3.650000e+01 3.250000e+01 2.230000e+02
      vertex   3.644986e+01 2.694504e+01 2.230000e+02
      vertex   3.630194e+01 2.736777e+01 2.230000e+02
    endloop
  endfacet
  facet normal 0.000000e+00 0.000000e+00 -1.000000e+00
    outer loop
      vertex   3.650000e+01 3.250000e+01 2.230000e+02
      vertex   3.630194e+01 2.736777e+01 2.230000e+02
      vertex   3.606366e+01 2.774698e+01 2.230000e+02
    endloop
  endfacet
  facet normal 0.000000e+00 0.000000e+00 -1.000000e+00
    outer loop
      vertex   3.606366e+01 2.774698e+01 2.230000e+02
      vertex   3.574698e+01 2.806366e+01 2.230000e+02
      vertex   3.650000e+01 3.250000e+01 2.230000e+02
    endloop
  endfacet
  facet normal 0.000000e+00 0.000000e+00 -1.000000e+00
    outer loop
      vertex   3.650000e+01 3.250000e+01 2.230000e+02
      vertex   3.574698e+01 2.806366e+01 2.230000e+02
      vertex   3.536777e+01 2.830194e+01 2.230000e+02
    endloop
  endfacet
  facet normal -1.897109e-14 1.378331e-14 -1.000000e+00
    outer loop
      vertex   3.420880e+01 3.156058e+01 2.230000e+02
      vertex   3.494504e+01 2.844986e+01 2.230000e+02
      vertex   3.392149e+01 3.116513e+01 2.230000e+02
    endloop
  endfacet
  facet normal 2.463399e-15 2.186327e-14 -1.000000e+00
    outer loop
      vertex   3.392149e+01 3.116513e+01 2.230000e+02
      vertex   3.494504e+01 2.844986e+01 2.230000e+02
      vertex   3.450000e+01 2.850000e+01 2.230000e+02
    endloop
  endfacet
  facet normal -7.893399e-14 4.194621e-15 -1.000000e+00
    outer loop
      vertex   3.392149e+01 3.116513e+01 2.230000e+02
      vertex   3.450000e+01 2.850000e+01 2.230000e+02
      vertex   3.354486e+01 3.085356e+01 2.230000e+02
    endloop
  endfacet
  facet normal -6.827189e-14 8.521588e-15 -1.000000e+00
    outer loop
      vertex   3.354486e+01 3.085356e+01 2.230000e+02
      vertex   3.450000e+01 2.850000e+01 2.230000e+02
      vertex   3.310258e+01 3.064544e+01 2.230000e+02
    endloop
  endfacet
  facet normal 0.000000e+00 5.298999e-14 -1.000000e+00
    outer loop
      vertex   3.310258e+01 3.064544e+01 2.230000e+02
      vertex   3.450000e+01 2.850000e+01 2.230000e+02
      vertex   3.250000e+01 2.850000e+01 2.230000e+02
    endloop
  endfacet
  facet normal -1.068063e-14 5.598983e-14 -1.000000e+00
    outer loop
      vertex   3.310258e+01 3.064544e+01 2.230000e+02
      vertex   3.250000e+01 2.850000e+01 2.230000e+02
      vertex   3.262244e+01 3.055385e+01 2.230000e+02
    endloop
  endfacet
  facet normal -5.457369e-14 5.860654e-14 -1.000000e+00
    outer loop
      vertex   3.262244e+01 3.055385e+01 2.230000e+02
      vertex   3.250000e+01 2.850000e+01 2.230000e+02
      vertex   3.213461e+01 3.058454e+01 2.230000e+02
    endloop
  endfacet
  facet normal 6.057223e-15 6.923438e-14 -1.000000e+00
    outer loop
      vertex   3.213461e+01 3.058454e+01 2.230000e+02
      vertex   3.250000e+01 2.850000e+01 2.230000e+02
      vertex   3.180541e+01 2.856077e+01 2.230000e+02
    endloop
  endfacet
  facet normal 1.802947e-14 6.728690e-14 -1.000000e+00
    outer loop
      vertex   3.213461e+01 3.058454e+01 2.230000e+02
      vertex   3.180541e+01 2.856077e+01 2.230000e+02
      vertex   3.113192e+01 2.874123e+01 2.230000e+02
    endloop
  endfacet
  facet normal 7.324255e-14 3.725319e-14 -1.000000e+00
    outer loop
      vertex   3.213461e+01 3.058454e+01 2.230000e+02
      vertex   3.113192e+01 2.874123e+01 2.230000e+02
      vertex   3.166973e+01 3.073559e+01 2.230000e+02
    endloop
  endfacet
  facet normal 2.361232e-14 5.063679e-14 -1.000000e+00
    outer loop
      vertex   3.166973e+01 3.073559e+01 2.230000e+02
      vertex   3.113192e+01 2.874123e+01 2.230000e+02
      vertex   3.050000e+01 2.903590e+01 2.230000e+02
    endloop
  endfacet
  facet normal 2.954431e-14 4.655438e-14 -1.000000e+00
    outer loop
      vertex   3.166973e+01 3.073559e+01 2.230000e+02
      vertex   3.050000e+01 2.903590e+01 2.230000e+02
      vertex   3.125702e+01 3.099750e+01 2.230000e+02
    endloop
  endfacet
  facet normal 3.194815e-14 4.562669e-14 -1.000000e+00
    outer loop
      vertex   3.125702e+01 3.099750e+01 2.230000e+02
      vertex   3.050000e+01 2.903590e+01 2.230000e+02
      vertex   2.992885e+01 2.943582e+01 2.230000e+02
    endloop
  endfacet
  facet normal 3.934004e-14 3.934004e-14 -1.000000e+00
    outer loop
      vertex   3.125702e+01 3.099750e+01 2.230000e+02
      vertex   2.992885e+01 2.943582e+01 2.230000e+02
      vertex   2.943582e+01 2.992885e+01 2.230000e+02
    endloop
  endfacet
  facet normal 4.024698e-14 3.779443e-14 -1.000000e+00
    outer loop
      vertex   3.125702e+01 3.099750e+01 2.230000e+02
      vertex   2.943582e+01 2.992885e+01 2.230000e+02
      vertex   3.092242e+01 3.135382e+01 2.230000e+02
    endloop
  endfacet
  facet normal 4.576085e-14 3.204209e-14 -1.000000e+00
    outer loop
      vertex   3.092242e+01 3.135382e+01 2.230000e+02
      vertex   2.943582e+01 2.992885e+01 2.230000e+02
      vertex   2.903590e+01 3.050000e+01 2.230000e+02
    endloop
  endfacet
  facet normal 9.635108e-14 -7.973736e-14 -1.000000e+00
    outer loop
      vertex   3.092242e+01 3.135382e+01 2.230000e+02
      vertex   2.903590e+01 3.050000e+01 2.230000e+02
      vertex   3.068694e+01 3.178216e+01 2.230000e+02
    endloop
  endfacet
  facet normal 2.527591e-14 1.178635e-14 -1.000000e+00
    outer loop
      vertex   3.068694e+01 3.178216e+01 2.230000e+02
      vertex   2.903590e+01 3.050000e+01 2.230000e+02
      vertex   2.874123e+01 3.113192e+01 2.230000e+02
    endloop
  endfacet
  facet normal 2.681373e-14 7.184717e-15 -1.000000e+00
    outer loop
      vertex   3.068694e+01 3.178216e+01 2.230000e+02
      vertex   2.874123e+01 3.113192e+01 2.230000e+02
      vertex   2.856077e+01 3.180541e+01 2.230000e+02
    endloop
  endfacet
  facet normal 2.681044e-14 6.883751e-15 -1.000000e+00
    outer loop
      vertex   3.068694e+01 3.178216e+01 2.230000e+02
      vertex   2.856077e+01 3.180541e+01 2.230000e+02
      vertex   3.056538e+01 3.225560e+01 2.230000e+02
    endloop
  endfacet
  facet normal 2.780997e-14 2.433057e-15 -1.000000e+00
    outer loop
      vertex   3.056538e+01 3.225560e+01 2.230000e+02
      vertex   2.856077e+01 3.180541e+01 2.230000e+02
      vertex   2.850000e+01 3.250000e+01 2.230000e+02
    endloop
  endfacet
  facet normal -1.119645e-01 9.937122e-01 0.000000e+00
    outer loop
      vertex   -2.650000e+01 3.650000e+01 2.230000e+02
      vertex   -2.650000e+01 3.650000e+01 2.183000e+02
      vertex   -2.694504e+01 3.644986e+01 2.230000e+02
    endloop
  endfacet
  facet normal -1.119645e-01 9.937122e-01 0.000000e+00
    outer loop
      vertex   -2.694504e+01 3.644986e+01 2.230000e+02
      vertex   -2.650000e+01 3.650000e+01 2.183000e+02
      vertex   -2.694504e+01 3.644986e+01 2.183000e+02
    endloop
  endfacet
  facet normal -3.302791e-01 9.438833e-01 0.000000e+00
    outer loop
      vertex   -2.694504e+01 3.644986e+01 2.230000e+02
      vertex   -2.694504e+01 3.644986e+01 2.183000e+02
      vertex   -2.736777e+01 3.630194e+01 2.230000e+02
    endloop
  endfacet
  facet normal -3.302791e-01 9.438833e-01 0.000000e+00
    outer loop
      vertex   -2.736777e+01 3.630194e+01 2.230000e+02
      vertex   -2.694504e+01 3.644986e+01 2.183000e+02
      vertex   -2.736777e+01 3.630194e+01 2.183000e+02
    endloop
  endfacet
  facet normal -5.320321e-01 8.467242e-01 0.000000e+00
    outer loop
      vertex   -2.736777e+01 3.630194e+01 2.230000e+02
      vertex   -2.736777e+01 3.630194e+01 2.183000e+02
      vertex   -2.774698e+01 3.606366e+01 2.230000e+02
    endloop
  endfacet
  facet normal -5.320321e-01 8.467242e-01 0.000000e+00
    outer loop
      vertex   -2.774698e+01 3.606366e+01 2.230000e+02
      vertex   -2.736777e+01 3.630194e+01 2.183000e+02
      vertex   -2.774698e+01 3.606366e+01 2.183000e+02
    endloop
  endfacet
  facet normal -7.071068e-01 7.071068e-01 0.000000e+00
    outer loop
      vertex   -2.774698e+01 3.606366e+01 2.230000e+02
      vertex   -2.774698e+01 3.606366e+01 2.183000e+02
      vertex   -2.806366e+01 3.574698e+01 2.230000e+02
    endloop
  endfacet
  facet normal -7.071068e-01 7.071068e-01 0.000000e+00
    outer loop
      vertex   -2.806366e+01 3.574698e+01 2.230000e+02
      vertex   -2.774698e+01 3.606366e+01 2.183000e+02
      vertex   -2.806366e+01 3.574698e+01 2.183000e+02
    endloop
  endfacet
  facet normal -8.467242e-01 5.320321e-01 0.000000e+00
    outer loop
      vertex   -2.806366e+01 3.574698e+01 2.230000e+02
      vertex   -2.806366e+01 3.574698e+01 2.183000e+02
      vertex   -2.830194e+01 3.536777e+01 2.230000e+02
    endloop
  endfacet
  facet normal -8.467242e-01 5.320321e-01 0.000000e+00
    outer loop
      vertex   -2.830194e+01 3.536777e+01 2.230000e+02
      vertex   -2.806366e+01 3.574698e+01 2.183000e+02
      vertex   -2.830194e+01 3.536777e+01 2.183000e+02
    endloop
  endfacet
  facet normal -9.438833e-01 3.302791e-01 0.000000e+00
    outer loop
      vertex   -2.830194e+01 3.536777e+01 2.230000e+02
      vertex   -2.830194e+01 3.536777e+01 2.183000e+02
      vertex   -2.844986e+01 3.494504e+01 2.230000e+02
    endloop
  endfacet
  facet normal -9.438833e-01 3.302791e-01 0.000000e+00
    outer loop
      vertex   -2.844986e+01 3.494504e+01 2.230000e+02
      vertex   -2.830194e+01 3.536777e+01 2.183000e+02
      vertex   -2.844986e+01 3.494504e+01 2.183000e+02
    endloop
  endfacet
  facet normal -9.937122e-01 1.119645e-01 0.000000e+00
    outer loop
      vertex   -2.844986e+01 3.494504e+01 2.230000e+02
      vertex   -2.844986e+01 3.494504e+01 2.183000e+02
      vertex   -2.850000e+01 3.450000e+01 2.230000e+02
    endloop
  endfacet
  facet normal -9.937122e-01 1.119645e-01 0.000000e+00
    outer loop
      vertex   -2.850000e+01 3.450000e+01 2.230000e+02
      vertex   -2.844986e+01 3.494504e+01 2.183000e+02
      vertex   -2.850000e+01 3.450000e+01 2.183000e+02
    endloop
  endfacet
  facet normal -1.000000e+00 -0.000000e+00 -0.000000e+00
    outer loop
      vertex   -2.850000e+01 3.450000e+01 2.230000e+02
      vertex   -2.850000e+01 3.450000e+01 2.183000e+02
      vertex   -2.850000e+01 3.250000e+01 2.230000e+02
    endloop
  endfacet
  facet normal -1.000000e+00 0.000000e+00 0.000000e+00
    outer loop
      vertex   -2.850000e+01 3.250000e+01 2.230000e+02
      vertex   -2.850000e+01 3.450000e+01 2.183000e+02
      vertex   -2.850000e+01 3.250000e+01 2.183000e+02
    endloop
  endfacet
  facet normal -1.119645e-01 9.937122e-01 0.000000e+00
    outer loop
      vertex   -3.450000e+01 2.850000e+01 2.230000e+02
      vertex   -3.450000e+01 2.850000e+01 2.183000e+02
      vertex   -3.494504e+01 2.844986e+01 2.230000e+02
    endloop
  endfacet
  facet normal -1.119645e-01 9.937122e-01 0.000000e+00
    outer loop
      vertex   -3.494504e+01 2.844986e+01 2.230000e+02
      vertex   -3.450000e+01 2.850000e+01 2.183000e+02
      vertex   -3.494504e+01 2.844986e+01 2.183000e+02
    endloop
  endfacet
  facet normal -3.302791e-01 9.438833e-01 0.000000e+00
    outer loop
      vertex   -3.494504e+01 2.844986e+01 2.230000e+02
      vertex   -3.494504e+01 2.844986e+01 2.183000e+02
      vertex   -3.536777e+01 2.830194e+01 2.230000e+02
    endloop
  endfacet
  facet normal -3.302791e-01 9.438833e-01 0.000000e+00
    outer loop
      vertex   -3.536777e+01 2.830194e+01 2.230000e+02
      vertex   -3.494504e+01 2.844986e+01 2.183000e+02
      vertex   -3.536777e+01 2.830194e+01 2.183000e+02
    endloop
  endfacet
  facet normal -5.320321e-01 8.467242e-01 0.000000e+00
    outer loop
      vertex   -3.536777e+01 2.830194e+01 2.230000e+02
      vertex   -3.536777e+01 2.830194e+01 2.183000e+02
      vertex   -3.574698e+01 2.806366e+01 2.230000e+02
    endloop
  endfacet
  facet normal -5.320321e-01 8.467242e-01 0.000000e+00
    outer loop
      vertex   -3.574698e+01 2.806366e+01 2.230000e+02
      vertex   -3.536777e+01 2.830194e+01 2.183000e+02
      vertex   -3.574698e+01 2.806366e+01 2.183000e+02
    endloop
  endfacet
  facet normal -7.071068e-01 7.071068e-01 0.000000e+00
    outer loop
      vertex   -3.574698e+01 2.806366e+01 2.230000e+02
      vertex   -3.574698e+01 2.806366e+01 2.183000e+02
      vertex   -3.606366e+01 2.774698e+01 2.230000e+02
    endloop
  endfacet
  facet normal -7.071068e-01 7.071068e-01 0.000000e+00
    outer loop
      vertex   -3.606366e+01 2.774698e+01 2.230000e+02
      vertex   -3.574698e+01 2.806366e+01 2.183000e+02
      vertex   -3.606366e+01 2.774698e+01 2.183000e+02
    endloop
  endfacet
  facet normal -8.467242e-01 5.320321e-01 0.000000e+00
    outer loop
      vertex   -3.606366e+01 2.774698e+01 2.230000e+02
      vertex   -3.606366e+01 2.774698e+01 2.183000e+02
      vertex   -3.630194e+01 2.736777e+01 2.230000e+02
    endloop
  endfacet
  facet normal -8.467242e-01 5.320321e-01 0.000000e+00
    outer loop
      vertex   -3.630194e+01 2.736777e+01 2.230000e+02
      vertex   -3.606366e+01 2.774698e+01 2.183000e+02
      vertex   -3.630194e+01 2.736777e+01 2.183000e+02
    endloop
  endfacet
  facet normal -9.438833e-01 3.302791e-01 0.000000e+00
    outer loop
      vertex   -3.630194e+01 2.736777e+01 2.230000e+02
      vertex   -3.630194e+01 2.736777e+01 2.183000e+02
      vertex   -3.644986e+01 2.694504e+01 2.230000e+02
    endloop
  endfacet
  facet normal -9.438833e-01 3.302791e-01 0.000000e+00
    outer loop
      vertex   -3.644986e+01 2.694504e+01 2.230000e+02
      vertex   -3.630194e+01 2.736777e+01 2.183000e+02
      vertex   -3.644986e+01 2.694504e+01 2.183000e+02
    endloop
  endfacet
  facet normal -9.937122e-01 1.119645e-01 0.000000e+00
    outer loop
      vertex   -3.644986e+01 2.694504e+01 2.230000e+02
      vertex   -3.644986e+01 2.694504e+01 2.183000e+02
      vertex   -3.650000e+01 2.650000e+01 2.230000e+02
    endloop
  endfacet
  facet normal -9.937122e-01 1.119645e-01 0.000000e+00
    outer loop
      vertex   -3.650000e+01 2.650000e+01 2.230000e+02
      vertex   -3.644986e+01 2.694504e+01 2.183000e+02
      vertex   -3.650000e+01 2.650000e+01 2.183000e+02
    endloop
  endfacet
  facet normal 0.000000e+00 1.000000e+00 0.000000e+00
    outer loop
      vertex   -3.450000e+01 2.850000e+01 2.183000e+02
      vertex   -3.450000e+01 2.850000e+01 2.230000e+02
      vertex   -3.250000e+01 2.850000e+01 2.183000e+02
    endloop
  endfacet
  facet normal 0.000000e+00 1.000000e+00 -0.000000e+00
    outer loop
      vertex   -3.250000e+01 2.850000e+01 2.183000e+02
      vertex   -3.450000e+01 2.850000e+01 2.230000e+02
      vertex   -3.250000e+01 2.850000e+01 2.230000e+02
    endloop
  endfacet
  facet normal -9.961947e-01 8.715574e-02 0.000000e+00
    outer loop
      vertex   -2.850000e+01 3.250000e+01 2.230000e+02
      vertex   -2.850000e+01 3.250000e+01 2.183000e+02
      vertex   -2.856077e+01 3.180541e+01 2.230000e+02
    endloop
  endfacet
  facet normal -9.961947e-01 8.715574e-02 0.000000e+00
    outer loop
      vertex   -2.856077e+01 3.180541e+01 2.230000e+02
      vertex   -2.850000e+01 3.250000e+01 2.183000e+02
      vertex   -2.856077e+01 3.180541e+01 2.183000e+02
    endloop
  endfacet
  facet normal -9.659258e-01 2.588190e-01 0.000000e+00
    outer loop
      vertex   -2.856077e+01 3.180541e+01 2.230000e+02
      vertex   -2.856077e+01 3.180541e+01 2.183000e+02
      vertex   -2.874123e+01 3.113192e+01 2.230000e+02
    endloop
  endfacet
  facet normal -9.659258e-01 2.588190e-01 0.000000e+00
    outer loop
      vertex   -2.874123e+01 3.113192e+01 2.230000e+02
      vertex   -2.856077e+01 3.180541e+01 2.183000e+02
      vertex   -2.874123e+01 3.113192e+01 2.183000e+02
    endloop
  endfacet
  facet normal -9.063078e-01 4.226183e-01 0.000000e+00
    outer loop
      vertex   -2.874123e+01 3.113192e+01 2.230000e+02
      vertex   -2.874123e+01 3.113192e+01 2.183000e+02
      vertex   -2.903590e+01 3.050000e+01 2.230000e+02
    endloop
  endfacet
  facet normal -9.063078e-01 4.226183e-01 0.000000e+00
    outer loop
      vertex   -2.903590e+01 3.050000e+01 2.230000e+02
      vertex   -2.874123e+01 3.113192e+01 2.183000e+02
      vertex   -2.903590e+01 3.050000e+01 2.183000e+02
    endloop
  endfacet
  facet normal -8.191520e-01 5.735764e-01 0.000000e+00
    outer loop
      vertex   -2.903590e+01 3.050000e+01 2.230000e+02
      vertex   -2.903590e+01 3.050000e+01 2.183000e+02
      vertex   -2.943582e+01 2.992885e+01 2.230000e+02
    endloop
  endfacet
  facet normal -8.191520e-01 5.735764e-01 0.000000e+00
    outer loop
      vertex   -2.943582e+01 2.992885e+01 2.230000e+02
      vertex   -2.903590e+01 3.050000e+01 2.183000e+02
      vertex   -2.943582e+01 2.992885e+01 2.183000e+02
    endloop
  endfacet
  facet normal -7.071068e-01 7.071068e-01 0.000000e+00
    outer loop
      vertex   -2.943582e+01 2.992885e+01 2.230000e+02
      vertex   -2.943582e+01 2.992885e+01 2.183000e+02
      vertex   -2.992885e+01 2.943582e+01 2.230000e+02
    endloop
  endfacet
  facet normal -7.071068e-01 7.071068e-01 0.000000e+00
    outer loop
      vertex   -2.992885e+01 2.943582e+01 2.230000e+02
      vertex   -2.943582e+01 2.992885e+01 2.183000e+02
      vertex   -2.992885e+01 2.943582e+01 2.183000e+02
    endloop
  endfacet
  facet normal -5.735764e-01 8.191520e-01 0.000000e+00
    outer loop
      vertex   -2.992885e+01 2.943582e+01 2.230000e+02
      vertex   -2.992885e+01 2.943582e+01 2.183000e+02
      vertex   -3.050000e+01 2.903590e+01 2.230000e+02
    endloop
  endfacet
  facet normal -5.735764e-01 8.191520e-01 0.000000e+00
    outer loop
      vertex   -3.050000e+01 2.903590e+01 2.230000e+02
      vertex   -2.992885e+01 2.943582e+01 2.183000e+02
      vertex   -3.050000e+01 2.903590e+01 2.183000e+02
    endloop
  endfacet
  facet normal -4.226183e-01 9.063078e-01 0.000000e+00
    outer loop
      vertex   -3.050000e+01 2.903590e+01 2.230000e+02
      vertex   -3.050000e+01 2.903590e+01 2.183000e+02
      vertex   -3.113192e+01 2.874123e+01 2.230000e+02
    endloop
  endfacet
  facet normal -4.226183e-01 9.063078e-01 0.000000e+00
    outer loop
      vertex   -3.113192e+01 2.874123e+01 2.230000e+02
      vertex   -3.050000e+01 2.903590e+01 2.183000e+02
      vertex   -3.113192e+01 2.874123e+01 2.183000e+02
    endloop
  endfacet
  facet normal -2.588190e-01 9.659258e-01 0.000000e+00
    outer loop
      vertex   -3.113192e+01 2.874123e+01 2.230000e+02
      vertex   -3.113192e+01 2.874123e+01 2.183000e+02
      vertex   -3.180541e+01 2.856077e+01 2.230000e+02
    endloop
  endfacet
  facet normal -2.588190e-01 9.659258e-01 0.000000e+00
    outer loop
      vertex   -3.180541e+01 2.856077e+01 2.230000e+02
      vertex   -3.113192e+01 2.874123e+01 2.183000e+02
      vertex   -3.180541e+01 2.856077e+01 2.183000e+02
    endloop
  endfacet
  facet normal -8.715574e-02 9.961947e-01 0.000000e+00
    outer loop
      vertex   -3.180541e+01 2.856077e+01 2.230000e+02
      vertex   -3.180541e+01 2.856077e+01 2.183000e+02
      vertex   -3.250000e+01 2.850000e+01 2.230000e+02
    endloop
  endfacet
  facet normal -8.715574e-02 9.961947e-01 0.000000e+00
    outer loop
      vertex   -3.250000e+01 2.850000e+01 2.230000e+02
      vertex   -3.180541e+01 2.856077e+01 2.183000e+02
      vertex   -3.250000e+01 2.850000e+01 2.183000e+02
    endloop
  endfacet
  facet normal -0.000000e+00 0.000000e+00 -1.000000e+00
    outer loop
      vertex   -2.650000e+01 3.650000e+01 2.230000e+02
      vertex   -2.694504e+01 3.644986e+01 2.230000e+02
      vertex   -3.250000e+01 3.650000e+01 2.230000e+02
    endloop
  endfacet
  facet normal 0.000000e+00 0.000000e+00 -1.000000e+00
    outer loop
      vertex   -3.250000e+01 3.650000e+01 2.230000e+02
      vertex   -2.694504e+01 3.644986e+01 2.230000e+02
      vertex   -2.736777e+01 3.630194e+01 2.230000e+02
    endloop
  endfacet
  facet normal 0.000000e+00 0.000000e+00 -1.000000e+00
    outer loop
      vertex   -3.250000e+01 3.650000e+01 2.230000e+02
      vertex   -2.736777e+01 3.630194e+01 2.230000e+02
      vertex   -2.774698e+01 3.606366e+01 2.230000e+02
    endloop
  endfacet
  facet normal -0.000000e+00 0.000000e+00 -1.000000e+00
    outer loop
      vertex   -2.774698e+01 3.606366e+01 2.230000e+02
      vertex   -2.806366e+01 3.574698e+01 2.230000e+02
      vertex   -3.250000e+01 3.650000e+01 2.230000e+02
    endloop
  endfacet
  facet normal 0.000000e+00 0.000000e+00 -1.000000e+00
    outer loop
      vertex   -3.250000e+01 3.650000e+01 2.230000e+02
      vertex   -2.806366e+01 3.574698e+01 2.230000e+02
      vertex   -2.830194e+01 3.536777e+01 2.230000e+02
    endloop
  endfacet
  facet normal 1.479987e-14 5.487459e-14 -1.000000e+00
    outer loop
      vertex   -3.250000e+01 3.650000e+01 2.230000e+02
      vertex   -2.830194e+01 3.536777e+01 2.230000e+02
      vertex   -3.145514e+01 3.414644e+01 2.230000e+02
    endloop
  endfacet
  facet normal 4.170710e-14 -1.459395e-14 -1.000000e+00
    outer loop
      vertex   -3.145514e+01 3.414644e+01 2.230000e+02
      vertex   -2.830194e+01 3.536777e+01 2.230000e+02
      vertex   -2.844986e+01 3.494504e+01 2.230000e+02
    endloop
  endfacet
  facet normal 2.863197e-14 3.461010e-14 -1.000000e+00
    outer loop
      vertex   -3.145514e+01 3.414644e+01 2.230000e+02
      vertex   -2.844986e+01 3.494504e+01 2.230000e+02
      vertex   -3.107851e+01 3.383487e+01 2.230000e+02
    endloop
  endfacet
  facet normal 4.540991e-14 -5.116468e-15 -1.000000e+00
    outer loop
      vertex   -3.107851e+01 3.383487e+01 2.230000e+02
      vertex   -2.844986e+01 3.494504e+01 2.230000e+02
      vertex   -2.850000e+01 3.450000e+01 2.230000e+02
    endloop
  endfacet
  facet normal 6.835815e-14 -9.407955e-14 -1.000000e+00
    outer loop
      vertex   -3.107851e+01 3.383487e+01 2.230000e+02
      vertex   -2.850000e+01 3.450000e+01 2.230000e+02
      vertex   -3.079120e+01 3.343942e+01 2.230000e+02
    endloop
  endfacet
  facet normal 4.543130e-14 -4.455001e-14 -1.000000e+00
    outer loop
      vertex   -3.079120e+01 3.343942e+01 2.230000e+02
      vertex   -2.850000e+01 3.450000e+01 2.230000e+02
      vertex   -3.061126e+01 3.298495e+01 2.230000e+02
    endloop
  endfacet
  facet normal 1.346195e-14 0.000000e+00 -1.000000e+00
    outer loop
      vertex   -3.061126e+01 3.298495e+01 2.230000e+02
      vertex   -2.850000e+01 3.450000e+01 2.230000e+02
      vertex   -2.850000e+01 3.250000e+01 2.230000e+02
    endloop
  endfacet
  facet normal 0.000000e+00 -5.860808e-14 -1.000000e+00
    outer loop
      vertex   -3.061126e+01 3.298495e+01 2.230000e+02
      vertex   -2.850000e+01 3.250000e+01 2.230000e+02
      vertex   -3.055000e+01 3.250000e+01 2.230000e+02
    endloop
  endfacet
  facet normal 0.000000e+00 0.000000e+00 -1.000000e+00
    outer loop
      vertex   -3.055000e+01 3.250000e+01 2.230000e+02
      vertex   -2.850000e+01 3.250000e+01 2.230000e+02
      vertex   -2.856077e+01 3.180541e+01 2.230000e+02
    endloop
  endfacet
  facet normal 0.000000e+00 -0.000000e+00 -1.000000e+00
    outer loop
      vertex   -3.055000e+01 3.250000e+01 2.230000e+02
      vertex   -2.856077e+01 3.180541e+01 2.230000e+02
      vertex   -3.061126e+01 3.201505e+01 2.230000e+02
    endloop
  endfacet
  facet normal 0.000000e+00 0.000000e+00 -1.000000e+00
    outer loop
      vertex   -3.061126e+01 3.201505e+01 2.230000e+02
      vertex   -2.856077e+01 3.180541e+01 2.230000e+02
      vertex   -2.874123e+01 3.113192e+01 2.230000e+02
    endloop
  endfacet
  facet normal -4.976287e-14 -1.053726e-13 -1.000000e+00
    outer loop
      vertex   -3.061126e+01 3.201505e+01 2.230000e+02
      vertex   -2.874123e+01 3.113192e+01 2.230000e+02
      vertex   -3.079120e+01 3.156058e+01 2.230000e+02
    endloop
  endfacet
  facet normal -2.526531e-14 1.178141e-14 -1.000000e+00
    outer loop
      vertex   -3.079120e+01 3.156058e+01 2.230000e+02
      vertex   -2.874123e+01 3.113192e+01 2.230000e+02
      vertex   -2.903590e+01 3.050000e+01 2.230000e+02
    endloop
  endfacet
  facet normal -2.275621e-14 1.593407e-14 -1.000000e+00
    outer loop
      vertex   -3.079120e+01 3.156058e+01 2.230000e+02
      vertex   -2.903590e+01 3.050000e+01 2.230000e+02
      vertex   -2.943582e+01 2.992885e+01 2.230000e+02
    endloop
  endfacet
  facet normal -2.237136e-14 1.625374e-14 -1.000000e+00
    outer loop
      vertex   -3.079120e+01 3.156058e+01 2.230000e+02
      vertex   -2.943582e+01 2.992885e+01 2.230000e+02
      vertex   -3.107851e+01 3.116513e+01 2.230000e+02
    endloop
  endfacet
  facet normal -1.974434e-14 1.974434e-14 -1.000000e+00
    outer loop
      vertex   -3.107851e+01 3.116513e+01 2.230000e+02
      vertex   -2.943582e+01 2.992885e+01 2.230000e+02
      vertex   -2.992885e+01 2.943582e+01 2.230000e+02
    endloop
  endfacet
  facet normal -6.623113e-14 -1.116050e-14 -1.000000e+00
    outer loop
      vertex   -3.107851e+01 3.116513e+01 2.230000e+02
      vertex   -2.992885e+01 2.943582e+01 2.230000e+02
      vertex   -3.145514e+01 3.085356e+01 2.230000e+02
    endloop
  endfacet
  facet normal -2.401139e-14 3.429182e-14 -1.000000e+00
    outer loop
      vertex   -3.145514e+01 3.085356e+01 2.230000e+02
      vertex   -2.992885e+01 2.943582e+01 2.230000e+02
      vertex   -3.050000e+01 2.903590e+01 2.230000e+02
    endloop
  endfacet
  facet normal -6.921975e-14 1.053591e-14 -1.000000e+00
    outer loop
      vertex   -3.145514e+01 3.085356e+01 2.230000e+02
      vertex   -3.050000e+01 2.903590e+01 2.230000e+02
      vertex   -3.189742e+01 3.064544e+01 2.230000e+02
    endloop
  endfacet
  facet normal -2.344499e-14 5.027794e-14 -1.000000e+00
    outer loop
      vertex   -3.189742e+01 3.064544e+01 2.230000e+02
      vertex   -3.050000e+01 2.903590e+01 2.230000e+02
      vertex   -3.113192e+01 2.874123e+01 2.230000e+02
    endloop
  endfacet
  facet normal -1.444173e-14 5.389727e-14 -1.000000e+00
    outer loop
      vertex   -3.189742e+01 3.064544e+01 2.230000e+02
      vertex   -3.113192e+01 2.874123e+01 2.230000e+02
      vertex   -3.180541e+01 2.856077e+01 2.230000e+02
    endloop
  endfacet
  facet normal -1.031619e-14 5.407935e-14 -1.000000e+00
    outer loop
      vertex   -3.189742e+01 3.064544e+01 2.230000e+02
      vertex   -3.180541e+01 2.856077e+01 2.230000e+02
      vertex   -3.237756e+01 3.055385e+01 2.230000e+02
    endloop
  endfacet
  facet normal -4.868159e-15 5.564331e-14 -1.000000e+00
    outer loop
      vertex   -3.237756e+01 3.055385e+01 2.230000e+02
      vertex   -3.180541e+01 2.856077e+01 2.230000e+02
      vertex   -3.250000e+01 2.850000e+01 2.230000e+02
    endloop
  endfacet
  facet normal -5.457369e-14 5.860654e-14 -1.000000e+00
    outer loop
      vertex   -3.237756e+01 3.055385e+01 2.230000e+02
      vertex   -3.250000e+01 2.850000e+01 2.230000e+02
      vertex   -3.286539e+01 3.058454e+01 2.230000e+02
    endloop
  endfacet
  facet normal 0.000000e+00 6.817262e-14 -1.000000e+00
    outer loop
      vertex   -3.286539e+01 3.058454e+01 2.230000e+02
      vertex   -3.250000e+01 2.850000e+01 2.230000e+02
      vertex   -3.450000e+01 2.850000e+01 2.230000e+02
    endloop
  endfacet
  facet normal 6.637685e-14 1.612275e-14 -1.000000e+00
    outer loop
      vertex   -3.286539e+01 3.058454e+01 2.230000e+02
      vertex   -3.450000e+01 2.850000e+01 2.230000e+02
      vertex   -3.333027e+01 3.073559e+01 2.230000e+02
    endloop
  endfacet
  facet normal 2.422760e-14 3.817658e-14 -1.000000e+00
    outer loop
      vertex   -3.333027e+01 3.073559e+01 2.230000e+02
      vertex   -3.450000e+01 2.850000e+01 2.230000e+02
      vertex   -3.374298e+01 3.099750e+01 2.230000e+02
    endloop
  endfacet
  facet normal -5.310262e-15 4.712988e-14 -1.000000e+00
    outer loop
      vertex   -3.374298e+01 3.099750e+01 2.230000e+02
      vertex   -3.450000e+01 2.850000e+01 2.230000e+02
      vertex   -3.494504e+01 2.844986e+01 2.230000e+02
    endloop
  endfacet
  facet normal 3.162834e-14 2.970099e-14 -1.000000e+00
    outer loop
      vertex   -3.374298e+01 3.099750e+01 2.230000e+02
      vertex   -3.494504e+01 2.844986e+01 2.230000e+02
      vertex   -3.407758e+01 3.135382e+01 2.230000e+02
    endloop
  endfacet
  facet normal -1.529778e-14 4.371854e-14 -1.000000e+00
    outer loop
      vertex   -3.407758e+01 3.135382e+01 2.230000e+02
      vertex   -3.494504e+01 2.844986e+01 2.230000e+02
      vertex   -3.536777e+01 2.830194e+01 2.230000e+02
    endloop
  endfacet
  facet normal 5.379620e-14 1.450903e-14 -1.000000e+00
    outer loop
      vertex   -3.407758e+01 3.135382e+01 2.230000e+02
      vertex   -3.536777e+01 2.830194e+01 2.230000e+02
      vertex   -3.650000e+01 3.250000e+01 2.230000e+02
    endloop
  endfacet
  facet normal 0.000000e+00 0.000000e+00 -1.000000e+00
    outer loop
      vertex   -3.650000e+01 3.250000e+01 2.230000e+02
      vertex   -3.536777e+01 2.830194e+01 2.230000e+02
      vertex   -3.574698e+01 2.806366e+01 2.230000e+02
    endloop
  endfacet
  facet normal 0.000000e+00 0.000000e+00 -1.000000e+00
    outer loop
      vertex   -3.650000e+01 3.250000e+01 2.230000e+02
      vertex   -3.574698e+01 2.806366e+01 2.230000e+02
      vertex   -3.606366e+01 2.774698e+01 2.230000e+02
    endloop
  endfacet
  facet normal -0.000000e+00 0.000000e+00 -1.000000e+00
    outer loop
      vertex   -3.606366e+01 2.774698e+01 2.230000e+02
      vertex   -3.630194e+01 2.736777e+01 2.230000e+02
      vertex   -3.650000e+01 3.250000e+01 2.230000e+02
    endloop
  endfacet
  facet normal 0.000000e+00 0.000000e+00 -1.000000e+00
    outer loop
      vertex   -3.650000e+01 3.250000e+01 2.230000e+02
      vertex   -3.630194e+01 2.736777e+01 2.230000e+02
      vertex   -3.644986e+01 2.694504e+01 2.230000e+02
    endloop
  endfacet
  facet normal 0.000000e+00 0.000000e+00 -1.000000e+00
    outer loop
      vertex   -3.650000e+01 3.250000e+01 2.230000e+02
      vertex   -3.644986e+01 2.694504e+01 2.230000e+02
      vertex   -3.650000e+01 2.650000e+01 2.230000e+02
    endloop
  endfacet
  facet normal -1.467785e-14 1.240397e-13 -1.000000e+00
    outer loop
      vertex   -3.643923e+01 3.319459e+01 2.230000e+02
      vertex   -3.443462e+01 3.274440e+01 2.230000e+02
      vertex   -3.650000e+01 3.250000e+01 2.230000e+02
    endloop
  endfacet
  facet normal 1.376103e-14 -1.162919e-13 -1.000000e+00
    outer loop
      vertex   -3.650000e+01 3.250000e+01 2.230000e+02
      vertex   -3.443462e+01 3.274440e+01 2.230000e+02
      vertex   -3.443462e+01 3.225560e+01 2.230000e+02
    endloop
  endfacet
  facet normal 2.838445e-14 7.287889e-15 -1.000000e+00
    outer loop
      vertex   -3.650000e+01 3.250000e+01 2.230000e+02
      vertex   -3.443462e+01 3.225560e+01 2.230000e+02
      vertex   -3.431306e+01 3.178216e+01 2.230000e+02
    endloop
  endfacet
  facet normal -4.021566e-14 1.032563e-14 -1.000000e+00
    outer loop
      vertex   -3.443462e+01 3.274440e+01 2.230000e+02
      vertex   -3.643923e+01 3.319459e+01 2.230000e+02
      vertex   -3.431306e+01 3.321784e+01 2.230000e+02
    endloop
  endfacet
  facet normal -4.022060e-14 1.077708e-14 -1.000000e+00
    outer loop
      vertex   -3.431306e+01 3.321784e+01 2.230000e+02
      vertex   -3.643923e+01 3.319459e+01 2.230000e+02
      vertex   -3.625877e+01 3.386808e+01 2.230000e+02
    endloop
  endfacet
  facet normal -5.091817e-14 -2.123326e-14 -1.000000e+00
    outer loop
      vertex   -3.431306e+01 3.321784e+01 2.230000e+02
      vertex   -3.625877e+01 3.386808e+01 2.230000e+02
      vertex   -3.596410e+01 3.450000e+01 2.230000e+02
    endloop
  endfacet
  facet normal -9.635108e-14 -7.973736e-14 -1.000000e+00
    outer loop
      vertex   -3.431306e+01 3.321784e+01 2.230000e+02
      vertex   -3.596410e+01 3.450000e+01 2.230000e+02
      vertex   -3.407758e+01 3.364618e+01 2.230000e+02
    endloop
  endfacet
  facet normal -4.576085e-14 3.204209e-14 -1.000000e+00
    outer loop
      vertex   -3.407758e+01 3.364618e+01 2.230000e+02
      vertex   -3.596410e+01 3.450000e+01 2.230000e+02
      vertex   -3.556418e+01 3.507115e+01 2.230000e+02
    endloop
  endfacet
  facet normal -4.024698e-14 3.779443e-14 -1.000000e+00
    outer loop
      vertex   -3.407758e+01 3.364618e+01 2.230000e+02
      vertex   -3.556418e+01 3.507115e+01 2.230000e+02
      vertex   -3.374298e+01 3.400250e+01 2.230000e+02
    endloop
  endfacet
  facet normal -1.802240e-14 7.566973e-14 -1.000000e+00
    outer loop
      vertex   -3.374298e+01 3.400250e+01 2.230000e+02
      vertex   -3.556418e+01 3.507115e+01 2.230000e+02
      vertex   -3.507115e+01 3.556418e+01 2.230000e+02
    endloop
  endfacet
  facet normal -3.993519e-14 5.703336e-14 -1.000000e+00
    outer loop
      vertex   -3.374298e+01 3.400250e+01 2.230000e+02
      vertex   -3.507115e+01 3.556418e+01 2.230000e+02
      vertex   -3.450000e+01 3.596410e+01 2.230000e+02
    endloop
  endfacet
  facet normal -3.693039e-14 5.819298e-14 -1.000000e+00
    outer loop
      vertex   -3.374298e+01 3.400250e+01 2.230000e+02
      vertex   -3.450000e+01 3.596410e+01 2.230000e+02
      vertex   -3.333027e+01 3.426441e+01 2.230000e+02
    endloop
  endfacet
  facet normal -2.951540e-14 6.329599e-14 -1.000000e+00
    outer loop
      vertex   -3.333027e+01 3.426441e+01 2.230000e+02
      vertex   -3.450000e+01 3.596410e+01 2.230000e+02
      vertex   -3.386808e+01 3.625877e+01 2.230000e+02
    endloop
  endfacet
  facet normal -1.337128e-13 3.519745e-14 -1.000000e+00
    outer loop
      vertex   -3.333027e+01 3.426441e+01 2.230000e+02
      vertex   -3.386808e+01 3.625877e+01 2.230000e+02
      vertex   -3.286539e+01 3.441546e+01 2.230000e+02
    endloop
  endfacet
  facet normal -6.207359e-14 7.416634e-14 -1.000000e+00
    outer loop
      vertex   -3.286539e+01 3.441546e+01 2.230000e+02
      vertex   -3.386808e+01 3.625877e+01 2.230000e+02
      vertex   -3.319459e+01 3.643923e+01 2.230000e+02
    endloop
  endfacet
  facet normal -8.795740e-14 6.995592e-14 -1.000000e+00
    outer loop
      vertex   -3.286539e+01 3.441546e+01 2.230000e+02
      vertex   -3.319459e+01 3.643923e+01 2.230000e+02
      vertex   -3.250000e+01 3.650000e+01 2.230000e+02
    endloop
  endfacet
  facet normal 2.873268e-14 6.106005e-14 -1.000000e+00
    outer loop
      vertex   -3.145514e+01 3.414644e+01 2.230000e+02
      vertex   -3.189742e+01 3.435456e+01 2.230000e+02
      vertex   -3.250000e+01 3.650000e+01 2.230000e+02
    endloop
  endfacet
  facet normal 7.322614e-14 7.355679e-14 -1.000000e+00
    outer loop
      vertex   -3.250000e+01 3.650000e+01 2.230000e+02
      vertex   -3.189742e+01 3.435456e+01 2.230000e+02
      vertex   -3.237756e+01 3.444615e+01 2.230000e+02
    endloop
  endfacet
  facet normal -6.238008e-14 6.547254e-14 -1.000000e+00
    outer loop
      vertex   -3.250000e+01 3.650000e+01 2.230000e+02
      vertex   -3.237756e+01 3.444615e+01 2.230000e+02
      vertex   -3.286539e+01 3.441546e+01 2.230000e+02
    endloop
  endfacet
  facet normal -2.143573e-14 -1.444912e-13 -1.000000e+00
    outer loop
      vertex   -3.431306e+01 3.178216e+01 2.230000e+02
      vertex   -3.407758e+01 3.135382e+01 2.230000e+02
      vertex   -3.650000e+01 3.250000e+01 2.230000e+02
    endloop
  endfacet
  facet normal -9.987955e-01 -4.906767e-02 -0.000000e+00
    outer loop
      vertex   1.700000e+01 2.750000e+01 2.213000e+02
      vertex   1.699518e+01 2.759802e+01 2.212952e+02
      vertex   1.700000e+01 2.750000e+01 2.183000e+02
    endloop
  endfacet
  facet normal -9.914413e-01 -1.305257e-01 2.677530e-03
    outer loop
      vertex   1.700000e+01 2.750000e+01 2.183000e+02
      vertex   1.699518e+01 2.759802e+01 2.212952e+02
      vertex   1.696593e+01 2.775882e+01 2.183000e+02
    endloop
  endfacet
  facet normal -9.892136e-01 -1.464690e-01 1.799825e-03
    outer loop
      vertex   1.696593e+01 2.775882e+01 2.183000e+02
      vertex   1.699518e+01 2.759802e+01 2.212952e+02
      vertex   1.698079e+01 2.769509e+01 2.212808e+02
    endloop
  endfacet
  facet normal -9.568175e-01 -2.906857e-01 -1.445004e-03
    outer loop
      vertex   1.696593e+01 2.775882e+01 2.183000e+02
      vertex   1.698079e+01 2.769509e+01 2.212808e+02
      vertex   1.692388e+01 2.788268e+01 2.212239e+02
    endloop
  endfacet
  facet normal -9.238756e-01 -3.826818e-01 2.925942e-03
    outer loop
      vertex   1.696593e+01 2.775882e+01 2.183000e+02
      vertex   1.692388e+01 2.788268e+01 2.212239e+02
      vertex   1.686603e+01 2.800000e+01 2.183000e+02
    endloop
  endfacet
  facet normal -8.815878e-01 -4.720177e-01 -1.495276e-03
    outer loop
      vertex   1.686603e+01 2.800000e+01 2.183000e+02
      vertex   1.692388e+01 2.788268e+01 2.212239e+02
      vertex   1.683147e+01 2.805557e+01 2.211315e+02
    endloop
  endfacet
  facet normal -7.933513e-01 -6.087599e-01 2.265271e-03
    outer loop
      vertex   1.686603e+01 2.800000e+01 2.183000e+02
      vertex   1.683147e+01 2.805557e+01 2.211315e+02
      vertex   1.670711e+01 2.820711e+01 2.183000e+02
    endloop
  endfacet
  facet normal -7.730105e-01 -6.343933e-01 -1.245551e-15
    outer loop
      vertex   1.670711e+01 2.820711e+01 2.183000e+02
      vertex   1.683147e+01 2.805557e+01 2.211315e+02
      vertex   1.670711e+01 2.820711e+01 2.210071e+02
    endloop
  endfacet
  facet normal -6.343933e-01 -7.730105e-01 4.939607e-15
    outer loop
      vertex   1.670711e+01 2.820711e+01 2.183000e+02
      vertex   1.670711e+01 2.820711e+01 2.210071e+02
      vertex   1.655557e+01 2.833147e+01 2.208556e+02
    endloop
  endfacet
  facet normal -6.087595e-01 -7.933508e-01 2.509828e-03
    outer loop
      vertex   1.670711e+01 2.820711e+01 2.183000e+02
      vertex   1.655557e+01 2.833147e+01 2.208556e+02
      vertex   1.650000e+01 2.836603e+01 2.183000e+02
    endloop
  endfacet
  facet normal -4.700629e-01 -8.826313e-01 -1.713323e-03
    outer loop
      vertex   1.650000e+01 2.836603e+01 2.183000e+02
      vertex   1.655557e+01 2.833147e+01 2.208556e+02
      vertex   1.638268e+01 2.842388e+01 2.206827e+02
    endloop
  endfacet
  facet normal -3.826810e-01 -9.238736e-01 3.590525e-03
    outer loop
      vertex   1.650000e+01 2.836603e+01 2.183000e+02
      vertex   1.638268e+01 2.842388e+01 2.206827e+02
      vertex   1.625882e+01 2.846593e+01 2.183000e+02
    endloop
  endfacet
  facet normal -2.885477e-01 -9.574637e-01 -1.895770e-03
    outer loop
      vertex   1.625882e+01 2.846593e+01 2.183000e+02
      vertex   1.638268e+01 2.842388e+01 2.206827e+02
      vertex   1.619509e+01 2.848079e+01 2.204951e+02
    endloop
  endfacet
  facet normal -1.305256e-01 -9.914406e-01 2.921991e-03
    outer loop
      vertex   1.625882e+01 2.846593e+01 2.183000e+02
      vertex   1.619509e+01 2.848079e+01 2.204951e+02
      vertex   1.600000e+01 2.850000e+01 2.183000e+02
    endloop
  endfacet
  facet normal -9.801714e-02 -9.951847e-01 0.000000e+00
    outer loop
      vertex   1.600000e+01 2.850000e+01 2.183000e+02
      vertex   1.619509e+01 2.848079e+01 2.204951e+02
      vertex   1.600000e+01 2.850000e+01 2.203000e+02
    endloop
  endfacet
  facet normal -9.987955e-01 -4.906767e-02 -0.000000e+00
    outer loop
      vertex   7.500000e+00 2.750000e+01 2.213000e+02
      vertex   7.495185e+00 2.759802e+01 2.212952e+02
      vertex   7.500000e+00 2.750000e+01 2.183000e+02
    endloop
  endfacet
  facet normal -9.914413e-01 -1.305257e-01 2.677530e-03
    outer loop
      vertex   7.500000e+00 2.750000e+01 2.183000e+02
      vertex   7.495185e+00 2.759802e+01 2.212952e+02
      vertex   7.465926e+00 2.775882e+01 2.183000e+02
    endloop
  endfacet
  facet normal -9.892136e-01 -1.464690e-01 1.799825e-03
    outer loop
      vertex   7.465926e+00 2.775882e+01 2.183000e+02
      vertex   7.495185e+00 2.759802e+01 2.212952e+02
      vertex   7.480785e+00 2.769509e+01 2.212808e+02
    endloop
  endfacet
  facet normal -9.568175e-01 -2.906857e-01 -1.445004e-03
    outer loop
      vertex   7.465926e+00 2.775882e+01 2.183000e+02
      vertex   7.480785e+00 2.769509e+01 2.212808e+02
      vertex   7.423879e+00 2.788268e+01 2.212239e+02
    endloop
  endfacet
  facet normal -9.238756e-01 -3.826818e-01 2.925942e-03
    outer loop
      vertex   7.465926e+00 2.775882e+01 2.183000e+02
      vertex   7.423879e+00 2.788268e+01 2.212239e+02
      vertex   7.366025e+00 2.800000e+01 2.183000e+02
    endloop
  endfacet
  facet normal -8.815878e-01 -4.720177e-01 -1.495276e-03
    outer loop
      vertex   7.366025e+00 2.800000e+01 2.183000e+02
      vertex   7.423879e+00 2.788268e+01 2.212239e+02
      vertex   7.331470e+00 2.805557e+01 2.211315e+02
    endloop
  endfacet
  facet normal -7.933513e-01 -6.087599e-01 2.265271e-03
    outer loop
      vertex   7.366025e+00 2.800000e+01 2.183000e+02
      vertex   7.331470e+00 2.805557e+01 2.211315e+02
      vertex   7.207107e+00 2.820711e+01 2.183000e+02
    endloop
  endfacet
  facet normal -7.730105e-01 -6.343933e-01 -7.939186e-15
    outer loop
      vertex   7.207107e+00 2.820711e+01 2.183000e+02
      vertex   7.331470e+00 2.805557e+01 2.211315e+02
      vertex   7.207107e+00 2.820711e+01 2.210071e+02
    endloop
  endfacet
  facet normal -6.343933e-01 -7.730105e-01 -4.528254e-15
    outer loop
      vertex   7.207107e+00 2.820711e+01 2.183000e+02
      vertex   7.207107e+00 2.820711e+01 2.210071e+02
      vertex   7.055570e+00 2.833147e+01 2.208556e+02
    endloop
  endfacet
  facet normal -6.087595e-01 -7.933508e-01 2.509828e-03
    outer loop
      vertex   7.207107e+00 2.820711e+01 2.183000e+02
      vertex   7.055570e+00 2.833147e+01 2.208556e+02
      vertex   7.000000e+00 2.836603e+01 2.183000e+02
    endloop
  endfacet
  facet normal -4.700629e-01 -8.826313e-01 -1.713323e-03
    outer loop
      vertex   7.000000e+00 2.836603e+01 2.183000e+02
      vertex   7.055570e+00 2.833147e+01 2.208556e+02
      vertex   6.882683e+00 2.842388e+01 2.206827e+02
    endloop
  endfacet
  facet normal -3.826810e-01 -9.238736e-01 3.590525e-03
    outer loop
      vertex   7.000000e+00 2.836603e+01 2.183000e+02
      vertex   6.882683e+00 2.842388e+01 2.206827e+02
      vertex   6.758819e+00 2.846593e+01 2.183000e+02
    endloop
  endfacet
  facet normal -2.885477e-01 -9.574637e-01 -1.895770e-03
    outer loop
      vertex   6.758819e+00 2.846593e+01 2.183000e+02
      vertex   6.882683e+00 2.842388e+01 2.206827e+02
      vertex   6.695090e+00 2.848079e+01 2.204951e+02
    endloop
  endfacet
  facet normal -1.305256e-01 -9.914406e-01 2.921991e-03
    outer loop
      vertex   6.758819e+00 2.846593e+01 2.183000e+02
      vertex   6.695090e+00 2.848079e+01 2.204951e+02
      vertex   6.500000e+00 2.850000e+01 2.183000e+02
    endloop
  endfacet
  facet normal -9.801714e-02 -9.951847e-01 0.000000e+00
    outer loop
      vertex   6.500000e+00 2.850000e+01 2.183000e+02
      vertex   6.695090e+00 2.848079e+01 2.204951e+02
      vertex   6.500000e+00 2.850000e+01 2.203000e+02
    endloop
  endfacet
  facet normal -9.987955e-01 -4.906767e-02 -0.000000e+00
    outer loop
      vertex   -3.000000e+00 2.750000e+01 2.213000e+02
      vertex   -3.004815e+00 2.759802e+01 2.212952e+02
      vertex   -3.000000e+00 2.750000e+01 2.183000e+02
    endloop
  endfacet
  facet normal -9.914413e-01 -1.305257e-01 2.677530e-03
    outer loop
      vertex   -3.000000e+00 2.750000e+01 2.183000e+02
      vertex   -3.004815e+00 2.759802e+01 2.212952e+02
      vertex   -3.034074e+00 2.775882e+01 2.183000e+02
    endloop
  endfacet
  facet normal -9.892136e-01 -1.464690e-01 1.799825e-03
    outer loop
      vertex   -3.034074e+00 2.775882e+01 2.183000e+02
      vertex   -3.004815e+00 2.759802e+01 2.212952e+02
      vertex   -3.019215e+00 2.769509e+01 2.212808e+02
    endloop
  endfacet
  facet normal -9.568175e-01 -2.906857e-01 -1.445004e-03
    outer loop
      vertex   -3.034074e+00 2.775882e+01 2.183000e+02
      vertex   -3.019215e+00 2.769509e+01 2.212808e+02
      vertex   -3.076121e+00 2.788268e+01 2.212239e+02
    endloop
  endfacet
  facet normal -9.238756e-01 -3.826818e-01 2.925942e-03
    outer loop
      vertex   -3.034074e+00 2.775882e+01 2.183000e+02
      vertex   -3.076121e+00 2.788268e+01 2.212239e+02
      vertex   -3.133975e+00 2.800000e+01 2.183000e+02
    endloop
  endfacet
  facet normal -8.815878e-01 -4.720177e-01 -1.495276e-03
    outer loop
      vertex   -3.133975e+00 2.800000e+01 2.183000e+02
      vertex   -3.076121e+00 2.788268e+01 2.212239e+02
      vertex   -3.168530e+00 2.805557e+01 2.211315e+02
    endloop
  endfacet
  facet normal -7.933513e-01 -6.087599e-01 2.265271e-03
    outer loop
      vertex   -3.133975e+00 2.800000e+01 2.183000e+02
      vertex   -3.168530e+00 2.805557e+01 2.211315e+02
      vertex   -3.292893e+00 2.820711e+01 2.183000e+02
    endloop
  endfacet
  facet normal -7.730105e-01 -6.343933e-01 -8.164940e-15
    outer loop
      vertex   -3.292893e+00 2.820711e+01 2.183000e+02
      vertex   -3.168530e+00 2.805557e+01 2.211315e+02
      vertex   -3.292893e+00 2.820711e+01 2.210071e+02
    endloop
  endfacet
  facet normal -6.343933e-01 -7.730105e-01 -1.070201e-15
    outer loop
      vertex   -3.292893e+00 2.820711e+01 2.183000e+02
      vertex   -3.292893e+00 2.820711e+01 2.210071e+02
      vertex   -3.444430e+00 2.833147e+01 2.208556e+02
    endloop
  endfacet
  facet normal -6.087595e-01 -7.933508e-01 2.509828e-03
    outer loop
      vertex   -3.292893e+00 2.820711e+01 2.183000e+02
      vertex   -3.444430e+00 2.833147e+01 2.208556e+02
      vertex   -3.500000e+00 2.836603e+01 2.183000e+02
    endloop
  endfacet
  facet normal -4.700629e-01 -8.826313e-01 -1.713323e-03
    outer loop
      vertex   -3.500000e+00 2.836603e+01 2.183000e+02
      vertex   -3.444430e+00 2.833147e+01 2.208556e+02
      vertex   -3.617317e+00 2.842388e+01 2.206827e+02
    endloop
  endfacet
  facet normal -3.826810e-01 -9.238736e-01 3.590525e-03
    outer loop
      vertex   -3.500000e+00 2.836603e+01 2.183000e+02
      vertex   -3.617317e+00 2.842388e+01 2.206827e+02
      vertex   -3.741181e+00 2.846593e+01 2.183000e+02
    endloop
  endfacet
  facet normal -2.885477e-01 -9.574637e-01 -1.895770e-03
    outer loop
      vertex   -3.741181e+00 2.846593e+01 2.183000e+02
      vertex   -3.617317e+00 2.842388e+01 2.206827e+02
      vertex   -3.804910e+00 2.848079e+01 2.204951e+02
    endloop
  endfacet
  facet normal -1.305256e-01 -9.914406e-01 2.921991e-03
    outer loop
      vertex   -3.741181e+00 2.846593e+01 2.183000e+02
      vertex   -3.804910e+00 2.848079e+01 2.204951e+02
      vertex   -4.000000e+00 2.850000e+01 2.183000e+02
    endloop
  endfacet
  facet normal -9.801714e-02 -9.951847e-01 0.000000e+00
    outer loop
      vertex   -4.000000e+00 2.850000e+01 2.183000e+02
      vertex   -3.804910e+00 2.848079e+01 2.204951e+02
      vertex   -4.000000e+00 2.850000e+01 2.203000e+02
    endloop
  endfacet
  facet normal -9.987955e-01 -4.906767e-02 -0.000000e+00
    outer loop
      vertex   -1.250000e+01 2.750000e+01 2.213000e+02
      vertex   -1.250482e+01 2.759802e+01 2.212952e+02
      vertex   -1.250000e+01 2.750000e+01 2.183000e+02
    endloop
  endfacet
  facet normal -9.914413e-01 -1.305257e-01 2.677530e-03
    outer loop
      vertex   -1.250000e+01 2.750000e+01 2.183000e+02
      vertex   -1.250482e+01 2.759802e+01 2.212952e+02
      vertex   -1.253407e+01 2.775882e+01 2.183000e+02
    endloop
  endfacet
  facet normal -9.892136e-01 -1.464690e-01 1.799825e-03
    outer loop
      vertex   -1.253407e+01 2.775882e+01 2.183000e+02
      vertex   -1.250482e+01 2.759802e+01 2.212952e+02
      vertex   -1.251921e+01 2.769509e+01 2.212808e+02
    endloop
  endfacet
  facet normal -9.568175e-01 -2.906857e-01 -1.445004e-03
    outer loop
      vertex   -1.253407e+01 2.775882e+01 2.183000e+02
      vertex   -1.251921e+01 2.769509e+01 2.212808e+02
      vertex   -1.257612e+01 2.788268e+01 2.212239e+02
    endloop
  endfacet
  facet normal -9.238756e-01 -3.826818e-01 2.925942e-03
    outer loop
      vertex   -1.253407e+01 2.775882e+01 2.183000e+02
      vertex   -1.257612e+01 2.788268e+01 2.212239e+02
      vertex   -1.263397e+01 2.800000e+01 2.183000e+02
    endloop
  endfacet
  facet normal -8.815878e-01 -4.720177e-01 -1.495276e-03
    outer loop
      vertex   -1.263397e+01 2.800000e+01 2.183000e+02
      vertex   -1.257612e+01 2.788268e+01 2.212239e+02
      vertex   -1.266853e+01 2.805557e+01 2.211315e+02
    endloop
  endfacet
  facet normal -7.933513e-01 -6.087599e-01 2.265271e-03
    outer loop
      vertex   -1.263397e+01 2.800000e+01 2.183000e+02
      vertex   -1.266853e+01 2.805557e+01 2.211315e+02
      vertex   -1.279289e+01 2.820711e+01 2.183000e+02
    endloop
  endfacet
  facet normal -7.730105e-01 -6.343933e-01 3.308926e-15
    outer loop
      vertex   -1.279289e+01 2.820711e+01 2.183000e+02
      vertex   -1.266853e+01 2.805557e+01 2.211315e+02
      vertex   -1.279289e+01 2.820711e+01 2.210071e+02
    endloop
  endfacet
  facet normal -6.343933e-01 -7.730105e-01 1.331433e-14
    outer loop
      vertex   -1.279289e+01 2.820711e+01 2.183000e+02
      vertex   -1.279289e+01 2.820711e+01 2.210071e+02
      vertex   -1.294443e+01 2.833147e+01 2.208556e+02
    endloop
  endfacet
  facet normal -6.087595e-01 -7.933508e-01 2.509828e-03
    outer loop
      vertex   -1.279289e+01 2.820711e+01 2.183000e+02
      vertex   -1.294443e+01 2.833147e+01 2.208556e+02
      vertex   -1.300000e+01 2.836603e+01 2.183000e+02
    endloop
  endfacet
  facet normal -4.700629e-01 -8.826313e-01 -1.713323e-03
    outer loop
      vertex   -1.300000e+01 2.836603e+01 2.183000e+02
      vertex   -1.294443e+01 2.833147e+01 2.208556e+02
      vertex   -1.311732e+01 2.842388e+01 2.206827e+02
    endloop
  endfacet
  facet normal -3.826810e-01 -9.238736e-01 3.590525e-03
    outer loop
      vertex   -1.300000e+01 2.836603e+01 2.183000e+02
      vertex   -1.311732e+01 2.842388e+01 2.206827e+02
      vertex   -1.324118e+01 2.846593e+01 2.183000e+02
    endloop
  endfacet
  facet normal -2.885477e-01 -9.574637e-01 -1.895770e-03
    outer loop
      vertex   -1.324118e+01 2.846593e+01 2.183000e+02
      vertex   -1.311732e+01 2.842388e+01 2.206827e+02
      vertex   -1.330491e+01 2.848079e+01 2.204951e+02
    endloop
  endfacet
  facet normal -1.305256e-01 -9.914406e-01 2.921991e-03
    outer loop
      vertex   -1.324118e+01 2.846593e+01 2.183000e+02
      vertex   -1.330491e+01 2.848079e+01 2.204951e+02
      vertex   -1.350000e+01 2.850000e+01 2.183000e+02
    endloop
  endfacet
  facet normal -9.801714e-02 -9.951847e-01 0.000000e+00
    outer loop
      vertex   -1.350000e+01 2.850000e+01 2.183000e+02
      vertex   -1.330491e+01 2.848079e+01 2.204951e+02
      vertex   -1.350000e+01 2.850000e+01 2.203000e+02
    endloop
  endfacet
  facet normal -9.987955e-01 -4.906767e-02 -0.000000e+00
    outer loop
      vertex   -2.200000e+01 2.750000e+01 2.213000e+02
      vertex   -2.200482e+01 2.759802e+01 2.212952e+02
      vertex   -2.200000e+01 2.750000e+01 2.183000e+02
    endloop
  endfacet
  facet normal -9.914413e-01 -1.305257e-01 2.677530e-03
    outer loop
      vertex   -2.200000e+01 2.750000e+01 2.183000e+02
      vertex   -2.200482e+01 2.759802e+01 2.212952e+02
      vertex   -2.203407e+01 2.775882e+01 2.183000e+02
    endloop
  endfacet
  facet normal -9.892136e-01 -1.464690e-01 1.799825e-03
    outer loop
      vertex   -2.203407e+01 2.775882e+01 2.183000e+02
      vertex   -2.200482e+01 2.759802e+01 2.212952e+02
      vertex   -2.201921e+01 2.769509e+01 2.212808e+02
    endloop
  endfacet
  facet normal -9.568175e-01 -2.906857e-01 -1.445004e-03
    outer loop
      vertex   -2.203407e+01 2.775882e+01 2.183000e+02
      vertex   -2.201921e+01 2.769509e+01 2.212808e+02
      vertex   -2.207612e+01 2.788268e+01 2.212239e+02
    endloop
  endfacet
  facet normal -9.238756e-01 -3.826818e-01 2.925942e-03
    outer loop
      vertex   -2.203407e+01 2.775882e+01 2.183000e+02
      vertex   -2.207612e+01 2.788268e+01 2.212239e+02
      vertex   -2.213397e+01 2.800000e+01 2.183000e+02
    endloop
  endfacet
  facet normal -8.815878e-01 -4.720177e-01 -1.495276e-03
    outer loop
      vertex   -2.213397e+01 2.800000e+01 2.183000e+02
      vertex   -2.207612e+01 2.788268e+01 2.212239e+02
      vertex   -2.216853e+01 2.805557e+01 2.211315e+02
    endloop
  endfacet
  facet normal -7.933513e-01 -6.087599e-01 2.265271e-03
    outer loop
      vertex   -2.213397e+01 2.800000e+01 2.183000e+02
      vertex   -2.216853e+01 2.805557e+01 2.211315e+02
      vertex   -2.229289e+01 2.820711e+01 2.183000e+02
    endloop
  endfacet
  facet normal -7.730105e-01 -6.343933e-01 1.355197e-14
    outer loop
      vertex   -2.229289e+01 2.820711e+01 2.183000e+02
      vertex   -2.216853e+01 2.805557e+01 2.211315e+02
      vertex   -2.229289e+01 2.820711e+01 2.210071e+02
    endloop
  endfacet
  facet normal -6.343933e-01 -7.730105e-01 1.045939e-14
    outer loop
      vertex   -2.229289e+01 2.820711e+01 2.183000e+02
      vertex   -2.229289e+01 2.820711e+01 2.210071e+02
      vertex   -2.244443e+01 2.833147e+01 2.208556e+02
    endloop
  endfacet
  facet normal -6.087595e-01 -7.933508e-01 2.509828e-03
    outer loop
      vertex   -2.229289e+01 2.820711e+01 2.183000e+02
      vertex   -2.244443e+01 2.833147e+01 2.208556e+02
      vertex   -2.250000e+01 2.836603e+01 2.183000e+02
    endloop
  endfacet
  facet normal -4.700629e-01 -8.826313e-01 -1.713323e-03
    outer loop
      vertex   -2.250000e+01 2.836603e+01 2.183000e+02
      vertex   -2.244443e+01 2.833147e+01 2.208556e+02
      vertex   -2.261732e+01 2.842388e+01 2.206827e+02
    endloop
  endfacet
  facet normal -3.826810e-01 -9.238736e-01 3.590525e-03
    outer loop
      vertex   -2.250000e+01 2.836603e+01 2.183000e+02
      vertex   -2.261732e+01 2.842388e+01 2.206827e+02
      vertex   -2.274118e+01 2.846593e+01 2.183000e+02
    endloop
  endfacet
  facet normal -2.885477e-01 -9.574637e-01 -1.895770e-03
    outer loop
      vertex   -2.274118e+01 2.846593e+01 2.183000e+02
      vertex   -2.261732e+01 2.842388e+01 2.206827e+02
      vertex   -2.280491e+01 2.848079e+01 2.204951e+02
    endloop
  endfacet
  facet normal -1.305256e-01 -9.914406e-01 2.921991e-03
    outer loop
      vertex   -2.274118e+01 2.846593e+01 2.183000e+02
      vertex   -2.280491e+01 2.848079e+01 2.204951e+02
      vertex   -2.300000e+01 2.850000e+01 2.183000e+02
    endloop
  endfacet
  facet normal -9.801714e-02 -9.951847e-01 0.000000e+00
    outer loop
      vertex   -2.300000e+01 2.850000e+01 2.183000e+02
      vertex   -2.280491e+01 2.848079e+01 2.204951e+02
      vertex   -2.300000e+01 2.850000e+01 2.203000e+02
    endloop
  endfacet
  facet normal 9.801714e-02 -9.951847e-01 -5.223403e-16
    outer loop
      vertex   -8.500000e+00 2.850000e+01 2.203000e+02
      vertex   -8.695090e+00 2.848079e+01 2.204951e+02
      vertex   -8.500000e+00 2.850000e+01 2.183000e+02
    endloop
  endfacet
  facet normal 1.305256e-01 -9.914406e-01 2.921991e-03
    outer loop
      vertex   -8.500000e+00 2.850000e+01 2.183000e+02
      vertex   -8.695090e+00 2.848079e+01 2.204951e+02
      vertex   -8.758819e+00 2.846593e+01 2.183000e+02
    endloop
  endfacet
  facet normal 2.885477e-01 -9.574637e-01 -1.895770e-03
    outer loop
      vertex   -8.758819e+00 2.846593e+01 2.183000e+02
      vertex   -8.695090e+00 2.848079e+01 2.204951e+02
      vertex   -8.882683e+00 2.842388e+01 2.206827e+02
    endloop
  endfacet
  facet normal 3.826810e-01 -9.238736e-01 3.590525e-03
    outer loop
      vertex   -8.758819e+00 2.846593e+01 2.183000e+02
      vertex   -8.882683e+00 2.842388e+01 2.206827e+02
      vertex   -9.000000e+00 2.836603e+01 2.183000e+02
    endloop
  endfacet
  facet normal 4.700629e-01 -8.826313e-01 -1.713323e-03
    outer loop
      vertex   -9.000000e+00 2.836603e+01 2.183000e+02
      vertex   -8.882683e+00 2.842388e+01 2.206827e+02
      vertex   -9.055570e+00 2.833147e+01 2.208556e+02
    endloop
  endfacet
  facet normal 6.087595e-01 -7.933508e-01 2.509828e-03
    outer loop
      vertex   -9.000000e+00 2.836603e+01 2.183000e+02
      vertex   -9.055570e+00 2.833147e+01 2.208556e+02
      vertex   -9.207107e+00 2.820711e+01 2.183000e+02
    endloop
  endfacet
  facet normal 6.343933e-01 -7.730105e-01 -2.368196e-15
    outer loop
      vertex   -9.207107e+00 2.820711e+01 2.183000e+02
      vertex   -9.055570e+00 2.833147e+01 2.208556e+02
      vertex   -9.207107e+00 2.820711e+01 2.210071e+02
    endloop
  endfacet
  facet normal 7.730105e-01 -6.343933e-01 -4.096402e-15
    outer loop
      vertex   -9.207107e+00 2.820711e+01 2.183000e+02
      vertex   -9.207107e+00 2.820711e+01 2.210071e+02
      vertex   -9.331470e+00 2.805557e+01 2.211315e+02
    endloop
  endfacet
  facet normal 7.933513e-01 -6.087599e-01 2.265271e-03
    outer loop
      vertex   -9.207107e+00 2.820711e+01 2.183000e+02
      vertex   -9.331470e+00 2.805557e+01 2.211315e+02
      vertex   -9.366025e+00 2.800000e+01 2.183000e+02
    endloop
  endfacet
  facet normal 8.815878e-01 -4.720177e-01 -1.495276e-03
    outer loop
      vertex   -9.366025e+00 2.800000e+01 2.183000e+02
      vertex   -9.331470e+00 2.805557e+01 2.211315e+02
      vertex   -9.423880e+00 2.788268e+01 2.212239e+02
    endloop
  endfacet
  facet normal 9.238756e-01 -3.826818e-01 2.925942e-03
    outer loop
      vertex   -9.366025e+00 2.800000e+01 2.183000e+02
      vertex   -9.423880e+00 2.788268e+01 2.212239e+02
      vertex   -9.465926e+00 2.775882e+01 2.183000e+02
    endloop
  endfacet
  facet normal 9.568175e-01 -2.906857e-01 -1.445004e-03
    outer loop
      vertex   -9.465926e+00 2.775882e+01 2.183000e+02
      vertex   -9.423880e+00 2.788268e+01 2.212239e+02
      vertex   -9.480785e+00 2.769509e+01 2.212808e+02
    endloop
  endfacet
  facet normal 9.892136e-01 -1.464690e-01 1.799825e-03
    outer loop
      vertex   -9.465926e+00 2.775882e+01 2.183000e+02
      vertex   -9.480785e+00 2.769509e+01 2.212808e+02
      vertex   -9.495185e+00 2.759802e+01 2.212952e+02
    endloop
  endfacet
  facet normal 9.987955e-01 -4.906767e-02 0.000000e+00
    outer loop
      vertex   -9.500000e+00 2.750000e+01 2.213000e+02
      vertex   -9.500000e+00 2.750000e+01 2.183000e+02
      vertex   -9.495185e+00 2.759802e+01 2.212952e+02
    endloop
  endfacet
  facet normal 9.914413e-01 -1.305257e-01 2.677530e-03
    outer loop
      vertex   -9.495185e+00 2.759802e+01 2.212952e+02
      vertex   -9.500000e+00 2.750000e+01 2.183000e+02
      vertex   -9.465926e+00 2.775882e+01 2.183000e+02
    endloop
  endfacet
  facet normal 0.000000e+00 -1.000000e+00 0.000000e+00
    outer loop
      vertex   1.600000e+01 2.850000e+01 2.183000e+02
      vertex   1.600000e+01 2.850000e+01 2.203000e+02
      vertex   1.150000e+01 2.850000e+01 2.183000e+02
    endloop
  endfacet
  facet normal 0.000000e+00 -1.000000e+00 0.000000e+00
    outer loop
      vertex   1.150000e+01 2.850000e+01 2.183000e+02
      vertex   1.600000e+01 2.850000e+01 2.203000e+02
      vertex   1.150000e+01 2.850000e+01 2.203000e+02
    endloop
  endfacet
  facet normal 0.000000e+00 -1.000000e+00 0.000000e+00
    outer loop
      vertex   1.150000e+01 2.850000e+01 2.203000e+02
      vertex   1.600000e+01 2.850000e+01 2.203000e+02
      vertex   1.000000e+01 2.850000e+01 2.218000e+02
    endloop
  endfacet
  facet normal 0.000000e+00 -1.000000e+00 0.000000e+00
    outer loop
      vertex   1.000000e+01 2.850000e+01 2.218000e+02
      vertex   1.600000e+01 2.850000e+01 2.203000e+02
      vertex   1.750000e+01 2.850000e+01 2.218000e+02
    endloop
  endfacet
  facet normal 0.000000e+00 -1.000000e+00 0.000000e+00
    outer loop
      vertex   1.000000e+01 2.850000e+01 2.218000e+02
      vertex   1.750000e+01 2.850000e+01 2.218000e+02
      vertex   2.650000e+01 2.850000e+01 2.260000e+02
    endloop
  endfacet
  facet normal 0.000000e+00 -1.000000e+00 0.000000e+00
    outer loop
      vertex   2.650000e+01 2.850000e+01 2.260000e+02
      vertex   1.750000e+01 2.850000e+01 2.218000e+02
      vertex   1.950000e+01 2.850000e+01 2.218000e+02
    endloop
  endfacet
  facet normal 0.000000e+00 -1.000000e+00 0.000000e+00
    outer loop
      vertex   2.650000e+01 2.850000e+01 2.260000e+02
      vertex   1.950000e+01 2.850000e+01 2.218000e+02
      vertex   2.100000e+01 2.850000e+01 2.203000e+02
    endloop
  endfacet
  facet normal 0.000000e+00 -1.000000e+00 0.000000e+00
    outer loop
      vertex   2.100000e+01 2.850000e+01 2.183000e+02
      vertex   2.650000e+01 2.850000e+01 2.183000e+02
      vertex   2.100000e+01 2.850000e+01 2.203000e+02
    endloop
  endfacet
  facet normal 0.000000e+00 -1.000000e+00 0.000000e+00
    outer loop
      vertex   2.100000e+01 2.850000e+01 2.203000e+02
      vertex   2.650000e+01 2.850000e+01 2.183000e+02
      vertex   2.650000e+01 2.850000e+01 2.260000e+02
    endloop
  endfacet
  facet normal 0.000000e+00 -1.000000e+00 0.000000e+00
    outer loop
      vertex   -2.650000e+01 2.850000e+01 2.260000e+02
      vertex   -5.000000e-01 2.850000e+01 2.218000e+02
      vertex   2.650000e+01 2.850000e+01 2.260000e+02
    endloop
  endfacet
  facet normal 0.000000e+00 -1.000000e+00 0.000000e+00
    outer loop
      vertex   2.650000e+01 2.850000e+01 2.260000e+02
      vertex   -5.000000e-01 2.850000e+01 2.218000e+02
      vertex   8.000000e+00 2.850000e+01 2.218000e+02
    endloop
  endfacet
  facet normal 0.000000e+00 -1.000000e+00 0.000000e+00
    outer loop
      vertex   2.650000e+01 2.850000e+01 2.260000e+02
      vertex   8.000000e+00 2.850000e+01 2.218000e+02
      vertex   1.000000e+01 2.850000e+01 2.218000e+02
    endloop
  endfacet
  facet normal 0.000000e+00 -1.000000e+00 0.000000e+00
    outer loop
      vertex   -2.650000e+01 2.850000e+01 2.183000e+02
      vertex   -2.300000e+01 2.850000e+01 2.203000e+02
      vertex   -2.650000e+01 2.850000e+01 2.260000e+02
    endloop
  endfacet
  facet normal 0.000000e+00 -1.000000e+00 0.000000e+00
    outer loop
      vertex   -2.650000e+01 2.850000e+01 2.260000e+02
      vertex   -2.300000e+01 2.850000e+01 2.203000e+02
      vertex   -2.150000e+01 2.850000e+01 2.218000e+02
    endloop
  endfacet
  facet normal 0.000000e+00 -1.000000e+00 0.000000e+00
    outer loop
      vertex   -2.650000e+01 2.850000e+01 2.260000e+02
      vertex   -2.150000e+01 2.850000e+01 2.218000e+02
      vertex   -1.950000e+01 2.850000e+01 2.218000e+02
    endloop
  endfacet
  facet normal 0.000000e+00 -1.000000e+00 0.000000e+00
    outer loop
      vertex   -2.650000e+01 2.850000e+01 2.183000e+02
      vertex   -2.300000e+01 2.850000e+01 2.183000e+02
      vertex   -2.300000e+01 2.850000e+01 2.203000e+02
    endloop
  endfacet
  facet normal 0.000000e+00 -1.000000e+00 0.000000e+00
    outer loop
      vertex   -1.800000e+01 2.850000e+01 2.203000e+02
      vertex   -1.350000e+01 2.850000e+01 2.203000e+02
      vertex   -1.950000e+01 2.850000e+01 2.218000e+02
    endloop
  endfacet
  facet normal 0.000000e+00 -1.000000e+00 0.000000e+00
    outer loop
      vertex   -1.950000e+01 2.850000e+01 2.218000e+02
      vertex   -1.350000e+01 2.850000e+01 2.203000e+02
      vertex   -1.200000e+01 2.850000e+01 2.218000e+02
    endloop
  endfacet
  facet normal 0.000000e+00 -1.000000e+00 0.000000e+00
    outer loop
      vertex   -1.950000e+01 2.850000e+01 2.218000e+02
      vertex   -1.200000e+01 2.850000e+01 2.218000e+02
      vertex   -2.650000e+01 2.850000e+01 2.260000e+02
    endloop
  endfacet
  facet normal 0.000000e+00 -1.000000e+00 0.000000e+00
    outer loop
      vertex   -2.650000e+01 2.850000e+01 2.260000e+02
      vertex   -1.200000e+01 2.850000e+01 2.218000e+02
      vertex   -1.000000e+01 2.850000e+01 2.218000e+02
    endloop
  endfacet
  facet normal 0.000000e+00 -1.000000e+00 0.000000e+00
    outer loop
      vertex   -2.650000e+01 2.850000e+01 2.260000e+02
      vertex   -1.000000e+01 2.850000e+01 2.218000e+02
      vertex   -2.500000e+00 2.850000e+01 2.218000e+02
    endloop
  endfacet
  facet normal -0.000000e+00 -1.000000e+00 0.000000e+00
    outer loop
      vertex   -2.500000e+00 2.850000e+01 2.218000e+02
      vertex   -1.000000e+01 2.850000e+01 2.218000e+02
      vertex   -4.000000e+00 2.850000e+01 2.203000e+02
    endloop
  endfacet
  facet normal 0.000000e+00 -1.000000e+00 0.000000e+00
    outer loop
      vertex   -4.000000e+00 2.850000e+01 2.203000e+02
      vertex   -1.000000e+01 2.850000e+01 2.218000e+02
      vertex   -8.500000e+00 2.850000e+01 2.203000e+02
    endloop
  endfacet
  facet normal -0.000000e+00 -1.000000e+00 0.000000e+00
    outer loop
      vertex   -4.000000e+00 2.850000e+01 2.203000e+02
      vertex   -8.500000e+00 2.850000e+01 2.203000e+02
      vertex   -8.500000e+00 2.850000e+01 2.183000e+02
    endloop
  endfacet
  facet normal 0.000000e+00 -1.000000e+00 0.000000e+00
    outer loop
      vertex   -1.800000e+01 2.850000e+01 2.203000e+02
      vertex   -1.800000e+01 2.850000e+01 2.183000e+02
      vertex   -1.350000e+01 2.850000e+01 2.203000e+02
    endloop
  endfacet
  facet normal 0.000000e+00 -1.000000e+00 -0.000000e+00
    outer loop
      vertex   -1.350000e+01 2.850000e+01 2.203000e+02
      vertex   -1.800000e+01 2.850000e+01 2.183000e+02
      vertex   -1.350000e+01 2.850000e+01 2.183000e+02
    endloop
  endfacet
  facet normal 0.000000e+00 -1.000000e+00 0.000000e+00
    outer loop
      vertex   -8.500000e+00 2.850000e+01 2.183000e+02
      vertex   -4.000000e+00 2.850000e+01 2.183000e+02
      vertex   -4.000000e+00 2.850000e+01 2.203000e+02
    endloop
  endfacet
  facet normal 0.000000e+00 -1.000000e+00 0.000000e+00
    outer loop
      vertex   -2.500000e+00 2.850000e+01 2.218000e+02
      vertex   -5.000000e-01 2.850000e+01 2.218000e+02
      vertex   -2.650000e+01 2.850000e+01 2.260000e+02
    endloop
  endfacet
  facet normal -0.000000e+00 -1.000000e+00 0.000000e+00
    outer loop
      vertex   8.000000e+00 2.850000e+01 2.218000e+02
      vertex   -5.000000e-01 2.850000e+01 2.218000e+02
      vertex   6.500000e+00 2.850000e+01 2.203000e+02
    endloop
  endfacet
  facet normal 0.000000e+00 -1.000000e+00 0.000000e+00
    outer loop
      vertex   6.500000e+00 2.850000e+01 2.203000e+02
      vertex   -5.000000e-01 2.850000e+01 2.218000e+02
      vertex   1.000000e+00 2.850000e+01 2.203000e+02
    endloop
  endfacet
  facet normal -0.000000e+00 -1.000000e+00 0.000000e+00
    outer loop
      vertex   6.500000e+00 2.850000e+01 2.203000e+02
      vertex   1.000000e+00 2.850000e+01 2.203000e+02
      vertex   1.000000e+00 2.850000e+01 2.183000e+02
    endloop
  endfacet
  facet normal 0.000000e+00 -1.000000e+00 0.000000e+00
    outer loop
      vertex   1.000000e+00 2.850000e+01 2.183000e+02
      vertex   6.500000e+00 2.850000e+01 2.183000e+02
      vertex   6.500000e+00 2.850000e+01 2.203000e+02
    endloop
  endfacet
  facet normal 9.801714e-02 -9.951847e-01 0.000000e+00
    outer loop
      vertex   -1.800000e+01 2.850000e+01 2.203000e+02
      vertex   -1.819509e+01 2.848079e+01 2.204951e+02
      vertex   -1.800000e+01 2.850000e+01 2.183000e+02
    endloop
  endfacet
  facet normal 1.305256e-01 -9.914406e-01 2.921991e-03
    outer loop
      vertex   -1.800000e+01 2.850000e+01 2.183000e+02
      vertex   -1.819509e+01 2.848079e+01 2.204951e+02
      vertex   -1.825882e+01 2.846593e+01 2.183000e+02
    endloop
  endfacet
  facet normal 2.885477e-01 -9.574637e-01 -1.895770e-03
    outer loop
      vertex   -1.825882e+01 2.846593e+01 2.183000e+02
      vertex   -1.819509e+01 2.848079e+01 2.204951e+02
      vertex   -1.838268e+01 2.842388e+01 2.206827e+02
    endloop
  endfacet
  facet normal 3.826810e-01 -9.238736e-01 3.590525e-03
    outer loop
      vertex   -1.825882e+01 2.846593e+01 2.183000e+02
      vertex   -1.838268e+01 2.842388e+01 2.206827e+02
      vertex   -1.850000e+01 2.836603e+01 2.183000e+02
    endloop
  endfacet
  facet normal 4.700629e-01 -8.826313e-01 -1.713323e-03
    outer loop
      vertex   -1.850000e+01 2.836603e+01 2.183000e+02
      vertex   -1.838268e+01 2.842388e+01 2.206827e+02
      vertex   -1.855557e+01 2.833147e+01 2.208556e+02
    endloop
  endfacet
  facet normal 6.087595e-01 -7.933508e-01 2.509828e-03
    outer loop
      vertex   -1.850000e+01 2.836603e+01 2.183000e+02
      vertex   -1.855557e+01 2.833147e+01 2.208556e+02
      vertex   -1.870711e+01 2.820711e+01 2.183000e+02
    endloop
  endfacet
  facet normal 6.343933e-01 -7.730105e-01 4.211941e-15
    outer loop
      vertex   -1.870711e+01 2.820711e+01 2.183000e+02
      vertex   -1.855557e+01 2.833147e+01 2.208556e+02
      vertex   -1.870711e+01 2.820711e+01 2.210071e+02
    endloop
  endfacet
  facet normal 7.730105e-01 -6.343933e-01 -5.178850e-16
    outer loop
      vertex   -1.870711e+01 2.820711e+01 2.183000e+02
      vertex   -1.870711e+01 2.820711e+01 2.210071e+02
      vertex   -1.883147e+01 2.805557e+01 2.211315e+02
    endloop
  endfacet
  facet normal 7.933513e-01 -6.087599e-01 2.265271e-03
    outer loop
      vertex   -1.870711e+01 2.820711e+01 2.183000e+02
      vertex   -1.883147e+01 2.805557e+01 2.211315e+02
      vertex   -1.886603e+01 2.800000e+01 2.183000e+02
    endloop
  endfacet
  facet normal 8.815878e-01 -4.720177e-01 -1.495276e-03
    outer loop
      vertex   -1.886603e+01 2.800000e+01 2.183000e+02
      vertex   -1.883147e+01 2.805557e+01 2.211315e+02
      vertex   -1.892388e+01 2.788268e+01 2.212239e+02
    endloop
  endfacet
  facet normal 9.238756e-01 -3.826818e-01 2.925942e-03
    outer loop
      vertex   -1.886603e+01 2.800000e+01 2.183000e+02
      vertex   -1.892388e+01 2.788268e+01 2.212239e+02
      vertex   -1.896593e+01 2.775882e+01 2.183000e+02
    endloop
  endfacet
  facet normal 9.568175e-01 -2.906857e-01 -1.445004e-03
    outer loop
      vertex   -1.896593e+01 2.775882e+01 2.183000e+02
      vertex   -1.892388e+01 2.788268e+01 2.212239e+02
      vertex   -1.898079e+01 2.769509e+01 2.212808e+02
    endloop
  endfacet
  facet normal 9.892136e-01 -1.464690e-01 1.799825e-03
    outer loop
      vertex   -1.896593e+01 2.775882e+01 2.183000e+02
      vertex   -1.898079e+01 2.769509e+01 2.212808e+02
      vertex   -1.899518e+01 2.759802e+01 2.212952e+02
    endloop
  endfacet
  facet normal 9.987955e-01 -4.906767e-02 0.000000e+00
    outer loop
      vertex   -1.900000e+01 2.750000e+01 2.213000e+02
      vertex   -1.900000e+01 2.750000e+01 2.183000e+02
      vertex   -1.899518e+01 2.759802e+01 2.212952e+02
    endloop
  endfacet
  facet normal 9.914413e-01 -1.305257e-01 2.677530e-03
    outer loop
      vertex   -1.899518e+01 2.759802e+01 2.212952e+02
      vertex   -1.900000e+01 2.750000e+01 2.183000e+02
      vertex   -1.896593e+01 2.775882e+01 2.183000e+02
    endloop
  endfacet
  facet normal 9.801714e-02 -9.951847e-01 0.000000e+00
    outer loop
      vertex   1.000000e+00 2.850000e+01 2.203000e+02
      vertex   8.049097e-01 2.848079e+01 2.204951e+02
      vertex   1.000000e+00 2.850000e+01 2.183000e+02
    endloop
  endfacet
  facet normal 1.305256e-01 -9.914406e-01 2.921991e-03
    outer loop
      vertex   1.000000e+00 2.850000e+01 2.183000e+02
      vertex   8.049097e-01 2.848079e+01 2.204951e+02
      vertex   7.411810e-01 2.846593e+01 2.183000e+02
    endloop
  endfacet
  facet normal 2.885477e-01 -9.574637e-01 -1.895770e-03
    outer loop
      vertex   7.411810e-01 2.846593e+01 2.183000e+02
      vertex   8.049097e-01 2.848079e+01 2.204951e+02
      vertex   6.173166e-01 2.842388e+01 2.206827e+02
    endloop
  endfacet
  facet normal 3.826810e-01 -9.238736e-01 3.590525e-03
    outer loop
      vertex   7.411810e-01 2.846593e+01 2.183000e+02
      vertex   6.173166e-01 2.842388e+01 2.206827e+02
      vertex   5.000000e-01 2.836603e+01 2.183000e+02
    endloop
  endfacet
  facet normal 4.700629e-01 -8.826313e-01 -1.713323e-03
    outer loop
      vertex   5.000000e-01 2.836603e+01 2.183000e+02
      vertex   6.173166e-01 2.842388e+01 2.206827e+02
      vertex   4.444298e-01 2.833147e+01 2.208556e+02
    endloop
  endfacet
  facet normal 6.087595e-01 -7.933508e-01 2.509828e-03
    outer loop
      vertex   5.000000e-01 2.836603e+01 2.183000e+02
      vertex   4.444298e-01 2.833147e+01 2.208556e+02
      vertex   2.928932e-01 2.820711e+01 2.183000e+02
    endloop
  endfacet
  facet normal 6.343933e-01 -7.730105e-01 1.721611e-14
    outer loop
      vertex   2.928932e-01 2.820711e+01 2.183000e+02
      vertex   4.444298e-01 2.833147e+01 2.208556e+02
      vertex   2.928932e-01 2.820711e+01 2.210071e+02
    endloop
  endfacet
  facet normal 7.730105e-01 -6.343933e-01 6.448936e-15
    outer loop
      vertex   2.928932e-01 2.820711e+01 2.183000e+02
      vertex   2.928932e-01 2.820711e+01 2.210071e+02
      vertex   1.685304e-01 2.805557e+01 2.211315e+02
    endloop
  endfacet
  facet normal 7.933513e-01 -6.087599e-01 2.265271e-03
    outer loop
      vertex   2.928932e-01 2.820711e+01 2.183000e+02
      vertex   1.685304e-01 2.805557e+01 2.211315e+02
      vertex   1.339746e-01 2.800000e+01 2.183000e+02
    endloop
  endfacet
  facet normal 8.815878e-01 -4.720177e-01 -1.495276e-03
    outer loop
      vertex   1.339746e-01 2.800000e+01 2.183000e+02
      vertex   1.685304e-01 2.805557e+01 2.211315e+02
      vertex   7.612047e-02 2.788268e+01 2.212239e+02
    endloop
  endfacet
  facet normal 9.238756e-01 -3.826818e-01 2.925942e-03
    outer loop
      vertex   1.339746e-01 2.800000e+01 2.183000e+02
      vertex   7.612047e-02 2.788268e+01 2.212239e+02
      vertex   3.407417e-02 2.775882e+01 2.183000e+02
    endloop
  endfacet
  facet normal 9.568175e-01 -2.906857e-01 -1.445004e-03
    outer loop
      vertex   3.407417e-02 2.775882e+01 2.183000e+02
      vertex   7.612047e-02 2.788268e+01 2.212239e+02
      vertex   1.921472e-02 2.769509e+01 2.212808e+02
    endloop
  endfacet
  facet normal 9.892136e-01 -1.464690e-01 1.799825e-03
    outer loop
      vertex   3.407417e-02 2.775882e+01 2.183000e+02
      vertex   1.921472e-02 2.769509e+01 2.212808e+02
      vertex   4.815273e-03 2.759802e+01 2.212952e+02
    endloop
  endfacet
  facet normal 9.987955e-01 -4.906767e-02 0.000000e+00
    outer loop
      vertex   0.000000e+00 2.750000e+01 2.213000e+02
      vertex   0.000000e+00 2.750000e+01 2.183000e+02
      vertex   4.815273e-03 2.759802e+01 2.212952e+02
    endloop
  endfacet
  facet normal 9.914413e-01 -1.305257e-01 2.677530e-03
    outer loop
      vertex   4.815273e-03 2.759802e+01 2.212952e+02
      vertex   0.000000e+00 2.750000e+01 2.183000e+02
      vertex   3.407417e-02 2.775882e+01 2.183000e+02
    endloop
  endfacet
  facet normal 9.801714e-02 -9.951847e-01 0.000000e+00
    outer loop
      vertex   1.150000e+01 2.850000e+01 2.203000e+02
      vertex   1.130491e+01 2.848079e+01 2.204951e+02
      vertex   1.150000e+01 2.850000e+01 2.183000e+02
    endloop
  endfacet
  facet normal 1.305256e-01 -9.914406e-01 2.921991e-03
    outer loop
      vertex   1.150000e+01 2.850000e+01 2.183000e+02
      vertex   1.130491e+01 2.848079e+01 2.204951e+02
      vertex   1.124118e+01 2.846593e+01 2.183000e+02
    endloop
  endfacet
  facet normal 2.885477e-01 -9.574637e-01 -1.895770e-03
    outer loop
      vertex   1.124118e+01 2.846593e+01 2.183000e+02
      vertex   1.130491e+01 2.848079e+01 2.204951e+02
      vertex   1.111732e+01 2.842388e+01 2.206827e+02
    endloop
  endfacet
  facet normal 3.826810e-01 -9.238736e-01 3.590525e-03
    outer loop
      vertex   1.124118e+01 2.846593e+01 2.183000e+02
      vertex   1.111732e+01 2.842388e+01 2.206827e+02
      vertex   1.100000e+01 2.836603e+01 2.183000e+02
    endloop
  endfacet
  facet normal 4.700629e-01 -8.826313e-01 -1.713323e-03
    outer loop
      vertex   1.100000e+01 2.836603e+01 2.183000e+02
      vertex   1.111732e+01 2.842388e+01 2.206827e+02
      vertex   1.094443e+01 2.833147e+01 2.208556e+02
    endloop
  endfacet
  facet normal 6.087595e-01 -7.933508e-01 2.509828e-03
    outer loop
      vertex   1.100000e+01 2.836603e+01 2.183000e+02
      vertex   1.094443e+01 2.833147e+01 2.208556e+02
      vertex   1.079289e+01 2.820711e+01 2.183000e+02
    endloop
  endfacet
  facet normal 6.343933e-01 -7.730105e-01 -4.129947e-16
    outer loop
      vertex   1.079289e+01 2.820711e+01 2.183000e+02
      vertex   1.094443e+01 2.833147e+01 2.208556e+02
      vertex   1.079289e+01 2.820711e+01 2.210071e+02
    endloop
  endfacet
  facet normal 7.730105e-01 -6.343933e-01 5.954079e-15
    outer loop
      vertex   1.079289e+01 2.820711e+01 2.183000e+02
      vertex   1.079289e+01 2.820711e+01 2.210071e+02
      vertex   1.066853e+01 2.805557e+01 2.211315e+02
    endloop
  endfacet
  facet normal 7.933513e-01 -6.087599e-01 2.265271e-03
    outer loop
      vertex   1.079289e+01 2.820711e+01 2.183000e+02
      vertex   1.066853e+01 2.805557e+01 2.211315e+02
      vertex   1.063397e+01 2.800000e+01 2.183000e+02
    endloop
  endfacet
  facet normal 8.815878e-01 -4.720177e-01 -1.495276e-03
    outer loop
      vertex   1.063397e+01 2.800000e+01 2.183000e+02
      vertex   1.066853e+01 2.805557e+01 2.211315e+02
      vertex   1.057612e+01 2.788268e+01 2.212239e+02
    endloop
  endfacet
  facet normal 9.238756e-01 -3.826818e-01 2.925942e-03
    outer loop
      vertex   1.063397e+01 2.800000e+01 2.183000e+02
      vertex   1.057612e+01 2.788268e+01 2.212239e+02
      vertex   1.053407e+01 2.775882e+01 2.183000e+02
    endloop
  endfacet
  facet normal 9.568175e-01 -2.906857e-01 -1.445004e-03
    outer loop
      vertex   1.053407e+01 2.775882e+01 2.183000e+02
      vertex   1.057612e+01 2.788268e+01 2.212239e+02
      vertex   1.051921e+01 2.769509e+01 2.212808e+02
    endloop
  endfacet
  facet normal 9.892136e-01 -1.464690e-01 1.799825e-03
    outer loop
      vertex   1.053407e+01 2.775882e+01 2.183000e+02
      vertex   1.051921e+01 2.769509e+01 2.212808e+02
      vertex   1.050482e+01 2.759802e+01 2.212952e+02
    endloop
  endfacet
  facet normal 9.987955e-01 -4.906767e-02 0.000000e+00
    outer loop
      vertex   1.050000e+01 2.750000e+01 2.213000e+02
      vertex   1.050000e+01 2.750000e+01 2.183000e+02
      vertex   1.050482e+01 2.759802e+01 2.212952e+02
    endloop
  endfacet
  facet normal 9.914413e-01 -1.305257e-01 2.677530e-03
    outer loop
      vertex   1.050482e+01 2.759802e+01 2.212952e+02
      vertex   1.050000e+01 2.750000e+01 2.183000e+02
      vertex   1.053407e+01 2.775882e+01 2.183000e+02
    endloop
  endfacet
  facet normal 9.801714e-02 -9.951847e-01 0.000000e+00
    outer loop
      vertex   2.100000e+01 2.850000e+01 2.203000e+02
      vertex   2.080491e+01 2.848079e+01 2.204951e+02
      vertex   2.100000e+01 2.850000e+01 2.183000e+02
    endloop
  endfacet
  facet normal 1.305256e-01 -9.914406e-01 2.921991e-03
    outer loop
      vertex   2.100000e+01 2.850000e+01 2.183000e+02
      vertex   2.080491e+01 2.848079e+01 2.204951e+02
      vertex   2.074118e+01 2.846593e+01 2.183000e+02
    endloop
  endfacet
  facet normal 2.885477e-01 -9.574637e-01 -1.895770e-03
    outer loop
      vertex   2.074118e+01 2.846593e+01 2.183000e+02
      vertex   2.080491e+01 2.848079e+01 2.204951e+02
      vertex   2.061732e+01 2.842388e+01 2.206827e+02
    endloop
  endfacet
  facet normal 3.826810e-01 -9.238736e-01 3.590525e-03
    outer loop
      vertex   2.074118e+01 2.846593e+01 2.183000e+02
      vertex   2.061732e+01 2.842388e+01 2.206827e+02
      vertex   2.050000e+01 2.836603e+01 2.183000e+02
    endloop
  endfacet
  facet normal 4.700629e-01 -8.826313e-01 -1.713323e-03
    outer loop
      vertex   2.050000e+01 2.836603e+01 2.183000e+02
      vertex   2.061732e+01 2.842388e+01 2.206827e+02
      vertex   2.044443e+01 2.833147e+01 2.208556e+02
    endloop
  endfacet
  facet normal 6.087595e-01 -7.933508e-01 2.509828e-03
    outer loop
      vertex   2.050000e+01 2.836603e+01 2.183000e+02
      vertex   2.044443e+01 2.833147e+01 2.208556e+02
      vertex   2.029289e+01 2.820711e+01 2.183000e+02
    endloop
  endfacet
  facet normal 6.343933e-01 -7.730105e-01 -3.462978e-15
    outer loop
      vertex   2.029289e+01 2.820711e+01 2.183000e+02
      vertex   2.044443e+01 2.833147e+01 2.208556e+02
      vertex   2.029289e+01 2.820711e+01 2.210071e+02
    endloop
  endfacet
  facet normal 7.730105e-01 -6.343933e-01 -9.466219e-15
    outer loop
      vertex   2.029289e+01 2.820711e+01 2.183000e+02
      vertex   2.029289e+01 2.820711e+01 2.210071e+02
      vertex   2.016853e+01 2.805557e+01 2.211315e+02
    endloop
  endfacet
  facet normal 7.933513e-01 -6.087599e-01 2.265271e-03
    outer loop
      vertex   2.029289e+01 2.820711e+01 2.183000e+02
      vertex   2.016853e+01 2.805557e+01 2.211315e+02
      vertex   2.013397e+01 2.800000e+01 2.183000e+02
    endloop
  endfacet
  facet normal 8.815878e-01 -4.720177e-01 -1.495276e-03
    outer loop
      vertex   2.013397e+01 2.800000e+01 2.183000e+02
      vertex   2.016853e+01 2.805557e+01 2.211315e+02
      vertex   2.007612e+01 2.788268e+01 2.212239e+02
    endloop
  endfacet
  facet normal 9.238756e-01 -3.826818e-01 2.925942e-03
    outer loop
      vertex   2.013397e+01 2.800000e+01 2.183000e+02
      vertex   2.007612e+01 2.788268e+01 2.212239e+02
      vertex   2.003407e+01 2.775882e+01 2.183000e+02
    endloop
  endfacet
  facet normal 9.568175e-01 -2.906857e-01 -1.445004e-03
    outer loop
      vertex   2.003407e+01 2.775882e+01 2.183000e+02
      vertex   2.007612e+01 2.788268e+01 2.212239e+02
      vertex   2.001921e+01 2.769509e+01 2.212808e+02
    endloop
  endfacet
  facet normal 9.892136e-01 -1.464690e-01 1.799825e-03
    outer loop
      vertex   2.003407e+01 2.775882e+01 2.183000e+02
      vertex   2.001921e+01 2.769509e+01 2.212808e+02
      vertex   2.000482e+01 2.759802e+01 2.212952e+02
    endloop
  endfacet
  facet normal 9.987955e-01 -4.906767e-02 0.000000e+00
    outer loop
      vertex   2.000000e+01 2.750000e+01 2.213000e+02
      vertex   2.000000e+01 2.750000e+01 2.183000e+02
      vertex   2.000482e+01 2.759802e+01 2.212952e+02
    endloop
  endfacet
  facet normal 9.914413e-01 -1.305257e-01 2.677530e-03
    outer loop
      vertex   2.000482e+01 2.759802e+01 2.212952e+02
      vertex   2.000000e+01 2.750000e+01 2.183000e+02
      vertex   2.003407e+01 2.775882e+01 2.183000e+02
    endloop
  endfacet
  facet normal -9.937122e-01 -1.119645e-01 0.000000e+00
    outer loop
      vertex   2.850000e+01 2.650000e+01 2.183000e+02
      vertex   2.850000e+01 2.650000e+01 2.260000e+02
      vertex   2.844986e+01 2.694504e+01 2.183000e+02
    endloop
  endfacet
  facet normal -9.937122e-01 -1.119645e-01 4.584903e-16
    outer loop
      vertex   2.844986e+01 2.694504e+01 2.183000e+02
      vertex   2.850000e+01 2.650000e+01 2.260000e+02
      vertex   2.844986e+01 2.694504e+01 2.260000e+02
    endloop
  endfacet
  facet normal -9.438833e-01 -3.302791e-01 4.354996e-16
    outer loop
      vertex   2.844986e+01 2.694504e+01 2.183000e+02
      vertex   2.844986e+01 2.694504e+01 2.260000e+02
      vertex   2.830194e+01 2.736777e+01 2.183000e+02
    endloop
  endfacet
  facet normal -9.438833e-01 -3.302791e-01 4.354996e-16
    outer loop
      vertex   2.830194e+01 2.736777e+01 2.183000e+02
      vertex   2.844986e+01 2.694504e+01 2.260000e+02
      vertex   2.830194e+01 2.736777e+01 2.260000e+02
    endloop
  endfacet
  facet normal -8.467242e-01 -5.320321e-01 3.906713e-16
    outer loop
      vertex   2.830194e+01 2.736777e+01 2.183000e+02
      vertex   2.830194e+01 2.736777e+01 2.260000e+02
      vertex   2.806366e+01 2.774698e+01 2.183000e+02
    endloop
  endfacet
  facet normal -8.467242e-01 -5.320321e-01 2.454750e-16
    outer loop
      vertex   2.806366e+01 2.774698e+01 2.183000e+02
      vertex   2.830194e+01 2.736777e+01 2.260000e+02
      vertex   2.806366e+01 2.774698e+01 2.260000e+02
    endloop
  endfacet
  facet normal -7.071068e-01 -7.071068e-01 3.262530e-16
    outer loop
      vertex   2.806366e+01 2.774698e+01 2.183000e+02
      vertex   2.806366e+01 2.774698e+01 2.260000e+02
      vertex   2.774698e+01 2.806366e+01 2.183000e+02
    endloop
  endfacet
  facet normal -7.071068e-01 -7.071068e-01 -3.262530e-16
    outer loop
      vertex   2.774698e+01 2.806366e+01 2.183000e+02
      vertex   2.806366e+01 2.774698e+01 2.260000e+02
      vertex   2.774698e+01 2.806366e+01 2.260000e+02
    endloop
  endfacet
  facet normal -5.320321e-01 -8.467242e-01 -2.454750e-16
    outer loop
      vertex   2.774698e+01 2.806366e+01 2.183000e+02
      vertex   2.774698e+01 2.806366e+01 2.260000e+02
      vertex   2.736777e+01 2.830194e+01 2.183000e+02
    endloop
  endfacet
  facet normal -5.320321e-01 -8.467242e-01 -3.906713e-16
    outer loop
      vertex   2.736777e+01 2.830194e+01 2.183000e+02
      vertex   2.774698e+01 2.806366e+01 2.260000e+02
      vertex   2.736777e+01 2.830194e+01 2.260000e+02
    endloop
  endfacet
  facet normal -3.302791e-01 -9.438833e-01 -4.354996e-16
    outer loop
      vertex   2.736777e+01 2.830194e+01 2.183000e+02
      vertex   2.736777e+01 2.830194e+01 2.260000e+02
      vertex   2.694504e+01 2.844986e+01 2.183000e+02
    endloop
  endfacet
  facet normal -3.302791e-01 -9.438833e-01 -4.354996e-16
    outer loop
      vertex   2.694504e+01 2.844986e+01 2.183000e+02
      vertex   2.736777e+01 2.830194e+01 2.260000e+02
      vertex   2.694504e+01 2.844986e+01 2.260000e+02
    endloop
  endfacet
  facet normal -1.119645e-01 -9.937122e-01 -4.584903e-16
    outer loop
      vertex   2.694504e+01 2.844986e+01 2.183000e+02
      vertex   2.694504e+01 2.844986e+01 2.260000e+02
      vertex   2.650000e+01 2.850000e+01 2.183000e+02
    endloop
  endfacet
  facet normal -1.119645e-01 -9.937122e-01 0.000000e+00
    outer loop
      vertex   2.650000e+01 2.850000e+01 2.183000e+02
      vertex   2.694504e+01 2.844986e+01 2.260000e+02
      vertex   2.650000e+01 2.850000e+01 2.260000e+02
    endloop
  endfacet
  facet normal 1.119645e-01 -9.937122e-01 0.000000e+00
    outer loop
      vertex   -2.650000e+01 2.850000e+01 2.183000e+02
      vertex   -2.650000e+01 2.850000e+01 2.260000e+02
      vertex   -2.694504e+01 2.844986e+01 2.183000e+02
    endloop
  endfacet
  facet normal 1.119645e-01 -9.937122e-01 4.584903e-16
    outer loop
      vertex   -2.694504e+01 2.844986e+01 2.183000e+02
      vertex   -2.650000e+01 2.850000e+01 2.260000e+02
      vertex   -2.694504e+01 2.844986e+01 2.260000e+02
    endloop
  endfacet
  facet normal 3.302791e-01 -9.438833e-01 4.354996e-16
    outer loop
      vertex   -2.694504e+01 2.844986e+01 2.183000e+02
      vertex   -2.694504e+01 2.844986e+01 2.260000e+02
      vertex   -2.736777e+01 2.830194e+01 2.183000e+02
    endloop
  endfacet
  facet normal 3.302791e-01 -9.438833e-01 4.354996e-16
    outer loop
      vertex   -2.736777e+01 2.830194e+01 2.183000e+02
      vertex   -2.694504e+01 2.844986e+01 2.260000e+02
      vertex   -2.736777e+01 2.830194e+01 2.260000e+02
    endloop
  endfacet
  facet normal 5.320321e-01 -8.467242e-01 3.906713e-16
    outer loop
      vertex   -2.736777e+01 2.830194e+01 2.183000e+02
      vertex   -2.736777e+01 2.830194e+01 2.260000e+02
      vertex   -2.774698e+01 2.806366e+01 2.183000e+02
    endloop
  endfacet
  facet normal 5.320321e-01 -8.467242e-01 2.454750e-16
    outer loop
      vertex   -2.774698e+01 2.806366e+01 2.183000e+02
      vertex   -2.736777e+01 2.830194e+01 2.260000e+02
      vertex   -2.774698e+01 2.806366e+01 2.260000e+02
    endloop
  endfacet
  facet normal 7.071068e-01 -7.071068e-01 3.262530e-16
    outer loop
      vertex   -2.774698e+01 2.806366e+01 2.183000e+02
      vertex   -2.774698e+01 2.806366e+01 2.260000e+02
      vertex   -2.806366e+01 2.774698e+01 2.183000e+02
    endloop
  endfacet
  facet normal 7.071068e-01 -7.071068e-01 -3.262530e-16
    outer loop
      vertex   -2.806366e+01 2.774698e+01 2.183000e+02
      vertex   -2.774698e+01 2.806366e+01 2.260000e+02
      vertex   -2.806366e+01 2.774698e+01 2.260000e+02
    endloop
  endfacet
  facet normal 8.467242e-01 -5.320321e-01 -2.454750e-16
    outer loop
      vertex   -2.806366e+01 2.774698e+01 2.183000e+02
      vertex   -2.806366e+01 2.774698e+01 2.260000e+02
      vertex   -2.830194e+01 2.736777e+01 2.183000e+02
    endloop
  endfacet
  facet normal 8.467242e-01 -5.320321e-01 -3.906713e-16
    outer loop
      vertex   -2.830194e+01 2.736777e+01 2.183000e+02
      vertex   -2.806366e+01 2.774698e+01 2.260000e+02
      vertex   -2.830194e+01 2.736777e+01 2.260000e+02
    endloop
  endfacet
  facet normal 9.438833e-01 -3.302791e-01 -4.354996e-16
    outer loop
      vertex   -2.830194e+01 2.736777e+01 2.183000e+02
      vertex   -2.830194e+01 2.736777e+01 2.260000e+02
      vertex   -2.844986e+01 2.694504e+01 2.183000e+02
    endloop
  endfacet
  facet normal 9.438833e-01 -3.302791e-01 -4.354996e-16
    outer loop
      vertex   -2.844986e+01 2.694504e+01 2.183000e+02
      vertex   -2.830194e+01 2.736777e+01 2.260000e+02
      vertex   -2.844986e+01 2.694504e+01 2.260000e+02
    endloop
  endfacet
  facet normal 9.937122e-01 -1.119645e-01 -4.584903e-16
    outer loop
      vertex   -2.844986e+01 2.694504e+01 2.183000e+02
      vertex   -2.844986e+01 2.694504e+01 2.260000e+02
      vertex   -2.850000e+01 2.650000e+01 2.183000e+02
    endloop
  endfacet
  facet normal 9.937122e-01 -1.119645e-01 0.000000e+00
    outer loop
      vertex   -2.850000e+01 2.650000e+01 2.183000e+02
      vertex   -2.844986e+01 2.694504e+01 2.260000e+02
      vertex   -2.850000e+01 2.650000e+01 2.260000e+02
    endloop
  endfacet
  facet normal -9.921147e-01 1.253332e-01 -2.349800e-15
    outer loop
      vertex   3.438874e+01 3.201505e+01 2.230000e+02
      vertex   3.438874e+01 3.201505e+01 2.260000e+02
      vertex   3.445000e+01 3.250000e+01 2.230000e+02
    endloop
  endfacet
  facet normal -9.921147e-01 1.253332e-01 0.000000e+00
    outer loop
      vertex   3.445000e+01 3.250000e+01 2.230000e+02
      vertex   3.438874e+01 3.201505e+01 2.260000e+02
      vertex   3.445000e+01 3.250000e+01 2.260000e+02
    endloop
  endfacet
  facet normal -9.921147e-01 -1.253332e-01 0.000000e+00
    outer loop
      vertex   3.445000e+01 3.250000e+01 2.230000e+02
      vertex   3.445000e+01 3.250000e+01 2.260000e+02
      vertex   3.438874e+01 3.298495e+01 2.230000e+02
    endloop
  endfacet
  facet normal -9.921147e-01 -1.253332e-01 2.349800e-15
    outer loop
      vertex   3.438874e+01 3.298495e+01 2.230000e+02
      vertex   3.445000e+01 3.250000e+01 2.260000e+02
      vertex   3.438874e+01 3.298495e+01 2.260000e+02
    endloop
  endfacet
  facet normal -9.297765e-01 -3.681246e-01 2.202153e-15
    outer loop
      vertex   3.438874e+01 3.298495e+01 2.230000e+02
      vertex   3.438874e+01 3.298495e+01 2.260000e+02
      vertex   3.420880e+01 3.343942e+01 2.230000e+02
    endloop
  endfacet
  facet normal -9.297765e-01 -3.681246e-01 -2.202153e-15
    outer loop
      vertex   3.420880e+01 3.343942e+01 2.230000e+02
      vertex   3.438874e+01 3.298495e+01 2.260000e+02
      vertex   3.420880e+01 3.343942e+01 2.260000e+02
    endloop
  endfacet
  facet normal -8.090170e-01 -5.877853e-01 -1.916137e-15
    outer loop
      vertex   3.420880e+01 3.343942e+01 2.230000e+02
      vertex   3.420880e+01 3.343942e+01 2.260000e+02
      vertex   3.392149e+01 3.383487e+01 2.230000e+02
    endloop
  endfacet
  facet normal -8.090170e-01 -5.877853e-01 0.000000e+00
    outer loop
      vertex   3.392149e+01 3.383487e+01 2.230000e+02
      vertex   3.420880e+01 3.343942e+01 2.260000e+02
      vertex   3.392149e+01 3.383487e+01 2.260000e+02
    endloop
  endfacet
  facet normal -6.374240e-01 -7.705132e-01 0.000000e+00
    outer loop
      vertex   3.392149e+01 3.383487e+01 2.230000e+02
      vertex   3.392149e+01 3.383487e+01 2.260000e+02
      vertex   3.354486e+01 3.414644e+01 2.230000e+02
    endloop
  endfacet
  facet normal -6.374240e-01 -7.705132e-01 3.152187e-16
    outer loop
      vertex   3.354486e+01 3.414644e+01 2.230000e+02
      vertex   3.392149e+01 3.383487e+01 2.260000e+02
      vertex   3.354486e+01 3.414644e+01 2.260000e+02
    endloop
  endfacet
  facet normal -4.257793e-01 -9.048271e-01 1.134613e-15
    outer loop
      vertex   3.354486e+01 3.414644e+01 2.230000e+02
      vertex   3.354486e+01 3.414644e+01 2.260000e+02
      vertex   3.310258e+01 3.435456e+01 2.230000e+02
    endloop
  endfacet
  facet normal -4.257793e-01 -9.048271e-01 2.143061e-15
    outer loop
      vertex   3.310258e+01 3.435456e+01 2.230000e+02
      vertex   3.354486e+01 3.414644e+01 2.260000e+02
      vertex   3.310258e+01 3.435456e+01 2.260000e+02
    endloop
  endfacet
  facet normal -1.873813e-01 -9.822873e-01 2.326524e-15
    outer loop
      vertex   3.310258e+01 3.435456e+01 2.230000e+02
      vertex   3.310258e+01 3.435456e+01 2.260000e+02
      vertex   3.262244e+01 3.444615e+01 2.230000e+02
    endloop
  endfacet
  facet normal -1.873813e-01 -9.822873e-01 0.000000e+00
    outer loop
      vertex   3.262244e+01 3.444615e+01 2.230000e+02
      vertex   3.310258e+01 3.435456e+01 2.260000e+02
      vertex   3.262244e+01 3.444615e+01 2.260000e+02
    endloop
  endfacet
  facet normal 6.279052e-02 -9.980267e-01 0.000000e+00
    outer loop
      vertex   3.262244e+01 3.444615e+01 2.230000e+02
      vertex   3.262244e+01 3.444615e+01 2.260000e+02
      vertex   3.213461e+01 3.441546e+01 2.230000e+02
    endloop
  endfacet
  facet normal 6.279052e-02 -9.980267e-01 0.000000e+00
    outer loop
      vertex   3.213461e+01 3.441546e+01 2.230000e+02
      vertex   3.262244e+01 3.444615e+01 2.260000e+02
      vertex   3.213461e+01 3.441546e+01 2.260000e+02
    endloop
  endfacet
  facet normal 3.090170e-01 -9.510565e-01 0.000000e+00
    outer loop
      vertex   3.213461e+01 3.441546e+01 2.230000e+02
      vertex   3.213461e+01 3.441546e+01 2.260000e+02
      vertex   3.166973e+01 3.426441e+01 2.230000e+02
    endloop
  endfacet
  facet normal 3.090170e-01 -9.510565e-01 0.000000e+00
    outer loop
      vertex   3.166973e+01 3.426441e+01 2.230000e+02
      vertex   3.213461e+01 3.441546e+01 2.260000e+02
      vertex   3.166973e+01 3.426441e+01 2.260000e+02
    endloop
  endfacet
  facet normal 5.358268e-01 -8.443279e-01 0.000000e+00
    outer loop
      vertex   3.166973e+01 3.426441e+01 2.230000e+02
      vertex   3.166973e+01 3.426441e+01 2.260000e+02
      vertex   3.125702e+01 3.400250e+01 2.230000e+02
    endloop
  endfacet
  facet normal 5.358268e-01 -8.443279e-01 -1.999770e-15
    outer loop
      vertex   3.125702e+01 3.400250e+01 2.230000e+02
      vertex   3.166973e+01 3.426441e+01 2.260000e+02
      vertex   3.125702e+01 3.400250e+01 2.260000e+02
    endloop
  endfacet
  facet normal 7.289686e-01 -6.845471e-01 -1.621333e-15
    outer loop
      vertex   3.125702e+01 3.400250e+01 2.230000e+02
      vertex   3.125702e+01 3.400250e+01 2.260000e+02
      vertex   3.092242e+01 3.364618e+01 2.230000e+02
    endloop
  endfacet
  facet normal 7.289686e-01 -6.845471e-01 8.632723e-16
    outer loop
      vertex   3.092242e+01 3.364618e+01 2.230000e+02
      vertex   3.125702e+01 3.400250e+01 2.260000e+02
      vertex   3.092242e+01 3.364618e+01 2.260000e+02
    endloop
  endfacet
  facet normal 8.763067e-01 -4.817537e-01 1.037756e-15
    outer loop
      vertex   3.092242e+01 3.364618e+01 2.230000e+02
      vertex   3.092242e+01 3.364618e+01 2.260000e+02
      vertex   3.068694e+01 3.321784e+01 2.230000e+02
    endloop
  endfacet
  facet normal 8.763067e-01 -4.817537e-01 -2.075511e-15
    outer loop
      vertex   3.068694e+01 3.321784e+01 2.230000e+02
      vertex   3.092242e+01 3.364618e+01 2.260000e+02
      vertex   3.068694e+01 3.321784e+01 2.260000e+02
    endloop
  endfacet
  facet normal 9.685832e-01 -2.486899e-01 -2.294066e-15
    outer loop
      vertex   3.068694e+01 3.321784e+01 2.230000e+02
      vertex   3.068694e+01 3.321784e+01 2.260000e+02
      vertex   3.056538e+01 3.274440e+01 2.230000e+02
    endloop
  endfacet
  facet normal 9.685832e-01 -2.486899e-01 0.000000e+00
    outer loop
      vertex   3.056538e+01 3.274440e+01 2.230000e+02
      vertex   3.068694e+01 3.321784e+01 2.260000e+02
      vertex   3.056538e+01 3.274440e+01 2.260000e+02
    endloop
  endfacet
  facet normal 1.000000e+00 0.000000e+00 -0.000000e+00
    outer loop
      vertex   3.056538e+01 3.274440e+01 2.230000e+02
      vertex   3.056538e+01 3.274440e+01 2.260000e+02
      vertex   3.056538e+01 3.225560e+01 2.230000e+02
    endloop
  endfacet
  facet normal 1.000000e+00 0.000000e+00 0.000000e+00
    outer loop
      vertex   3.056538e+01 3.225560e+01 2.230000e+02
      vertex   3.056538e+01 3.274440e+01 2.260000e+02
      vertex   3.056538e+01 3.225560e+01 2.260000e+02
    endloop
  endfacet
  facet normal 9.685832e-01 2.486899e-01 -0.000000e+00
    outer loop
      vertex   3.056538e+01 3.225560e+01 2.230000e+02
      vertex   3.056538e+01 3.225560e+01 2.260000e+02
      vertex   3.068694e+01 3.178216e+01 2.230000e+02
    endloop
  endfacet
  facet normal 9.685832e-01 2.486899e-01 1.999558e-15
    outer loop
      vertex   3.068694e+01 3.178216e+01 2.230000e+02
      vertex   3.056538e+01 3.225560e+01 2.260000e+02
      vertex   3.068694e+01 3.178216e+01 2.260000e+02
    endloop
  endfacet
  facet normal 8.763067e-01 4.817537e-01 1.505000e-15
    outer loop
      vertex   3.068694e+01 3.178216e+01 2.230000e+02
      vertex   3.068694e+01 3.178216e+01 2.260000e+02
      vertex   3.092242e+01 3.135382e+01 2.230000e+02
    endloop
  endfacet
  facet normal 8.763067e-01 4.817537e-01 -1.037756e-15
    outer loop
      vertex   3.092242e+01 3.135382e+01 2.230000e+02
      vertex   3.068694e+01 3.178216e+01 2.260000e+02
      vertex   3.092242e+01 3.135382e+01 2.260000e+02
    endloop
  endfacet
  facet normal 7.289686e-01 6.845471e-01 -8.632723e-16
    outer loop
      vertex   3.092242e+01 3.135382e+01 2.230000e+02
      vertex   3.092242e+01 3.135382e+01 2.260000e+02
      vertex   3.125702e+01 3.099750e+01 2.230000e+02
    endloop
  endfacet
  facet normal 7.289686e-01 6.845471e-01 1.621333e-15
    outer loop
      vertex   3.125702e+01 3.099750e+01 2.230000e+02
      vertex   3.092242e+01 3.135382e+01 2.260000e+02
      vertex   3.125702e+01 3.099750e+01 2.260000e+02
    endloop
  endfacet
  facet normal 5.358268e-01 8.443279e-01 1.999770e-15
    outer loop
      vertex   3.125702e+01 3.099750e+01 2.230000e+02
      vertex   3.125702e+01 3.099750e+01 2.260000e+02
      vertex   3.166973e+01 3.073559e+01 2.230000e+02
    endloop
  endfacet
  facet normal 5.358268e-01 8.443279e-01 -0.000000e+00
    outer loop
      vertex   3.166973e+01 3.073559e+01 2.230000e+02
      vertex   3.125702e+01 3.099750e+01 2.260000e+02
      vertex   3.166973e+01 3.073559e+01 2.260000e+02
    endloop
  endfacet
  facet normal 3.090170e-01 9.510565e-01 -0.000000e+00
    outer loop
      vertex   3.166973e+01 3.073559e+01 2.230000e+02
      vertex   3.166973e+01 3.073559e+01 2.260000e+02
      vertex   3.213461e+01 3.058454e+01 2.230000e+02
    endloop
  endfacet
  facet normal 3.090170e-01 9.510565e-01 -0.000000e+00
    outer loop
      vertex   3.213461e+01 3.058454e+01 2.230000e+02
      vertex   3.166973e+01 3.073559e+01 2.260000e+02
      vertex   3.213461e+01 3.058454e+01 2.260000e+02
    endloop
  endfacet
  facet normal 6.279052e-02 9.980267e-01 -0.000000e+00
    outer loop
      vertex   3.213461e+01 3.058454e+01 2.230000e+02
      vertex   3.213461e+01 3.058454e+01 2.260000e+02
      vertex   3.262244e+01 3.055385e+01 2.230000e+02
    endloop
  endfacet
  facet normal 6.279052e-02 9.980267e-01 -0.000000e+00
    outer loop
      vertex   3.262244e+01 3.055385e+01 2.230000e+02
      vertex   3.213461e+01 3.058454e+01 2.260000e+02
      vertex   3.262244e+01 3.055385e+01 2.260000e+02
    endloop
  endfacet
  facet normal -1.873813e-01 9.822873e-01 0.000000e+00
    outer loop
      vertex   3.262244e+01 3.055385e+01 2.230000e+02
      vertex   3.262244e+01 3.055385e+01 2.260000e+02
      vertex   3.310258e+01 3.064544e+01 2.230000e+02
    endloop
  endfacet
  facet normal -1.873813e-01 9.822873e-01 -2.326524e-15
    outer loop
      vertex   3.310258e+01 3.064544e+01 2.230000e+02
      vertex   3.262244e+01 3.055385e+01 2.260000e+02
      vertex   3.310258e+01 3.064544e+01 2.260000e+02
    endloop
  endfacet
  facet normal -4.257793e-01 9.048271e-01 -2.143061e-15
    outer loop
      vertex   3.310258e+01 3.064544e+01 2.230000e+02
      vertex   3.310258e+01 3.064544e+01 2.260000e+02
      vertex   3.354486e+01 3.085356e+01 2.230000e+02
    endloop
  endfacet
  facet normal -4.257793e-01 9.048271e-01 -6.308254e-17
    outer loop
      vertex   3.354486e+01 3.085356e+01 2.230000e+02
      vertex   3.310258e+01 3.064544e+01 2.260000e+02
      vertex   3.354486e+01 3.085356e+01 2.260000e+02
    endloop
  endfacet
  facet normal -6.374240e-01 7.705132e-01 5.972523e-16
    outer loop
      vertex   3.354486e+01 3.085356e+01 2.230000e+02
      vertex   3.354486e+01 3.085356e+01 2.260000e+02
      vertex   3.392149e+01 3.116513e+01 2.230000e+02
    endloop
  endfacet
  facet normal -6.374240e-01 7.705132e-01 9.124710e-16
    outer loop
      vertex   3.392149e+01 3.116513e+01 2.230000e+02
      vertex   3.354486e+01 3.085356e+01 2.260000e+02
      vertex   3.392149e+01 3.116513e+01 2.260000e+02
    endloop
  endfacet
  facet normal -8.090170e-01 5.877853e-01 6.960776e-16
    outer loop
      vertex   3.392149e+01 3.116513e+01 2.230000e+02
      vertex   3.392149e+01 3.116513e+01 2.260000e+02
      vertex   3.420880e+01 3.156058e+01 2.230000e+02
    endloop
  endfacet
  facet normal -8.090170e-01 5.877853e-01 2.612215e-15
    outer loop
      vertex   3.420880e+01 3.156058e+01 2.230000e+02
      vertex   3.392149e+01 3.116513e+01 2.260000e+02
      vertex   3.420880e+01 3.156058e+01 2.260000e+02
    endloop
  endfacet
  facet normal -9.297765e-01 3.681246e-01 2.638100e-15
    outer loop
      vertex   3.420880e+01 3.156058e+01 2.230000e+02
      vertex   3.420880e+01 3.156058e+01 2.260000e+02
      vertex   3.438874e+01 3.201505e+01 2.230000e+02
    endloop
  endfacet
  facet normal -9.297765e-01 3.681246e-01 -2.202153e-15
    outer loop
      vertex   3.438874e+01 3.201505e+01 2.230000e+02
      vertex   3.420880e+01 3.156058e+01 2.260000e+02
      vertex   3.438874e+01 3.201505e+01 2.260000e+02
    endloop
  endfacet
  facet normal -9.921147e-01 1.253332e-01 0.000000e+00
    outer loop
      vertex   -3.061126e+01 3.201505e+01 2.230000e+02
      vertex   -3.061126e+01 3.201505e+01 2.260000e+02
      vertex   -3.055000e+01 3.250000e+01 2.230000e+02
    endloop
  endfacet
  facet normal -9.921147e-01 1.253332e-01 0.000000e+00
    outer loop
      vertex   -3.055000e+01 3.250000e+01 2.230000e+02
      vertex   -3.061126e+01 3.201505e+01 2.260000e+02
      vertex   -3.055000e+01 3.250000e+01 2.260000e+02
    endloop
  endfacet
  facet normal -9.921147e-01 -1.253332e-01 0.000000e+00
    outer loop
      vertex   -3.055000e+01 3.250000e+01 2.230000e+02
      vertex   -3.055000e+01 3.250000e+01 2.260000e+02
      vertex   -3.061126e+01 3.298495e+01 2.230000e+02
    endloop
  endfacet
  facet normal -9.921147e-01 -1.253332e-01 0.000000e+00
    outer loop
      vertex   -3.061126e+01 3.298495e+01 2.230000e+02
      vertex   -3.055000e+01 3.250000e+01 2.260000e+02
      vertex   -3.061126e+01 3.298495e+01 2.260000e+02
    endloop
  endfacet
  facet normal -9.297765e-01 -3.681246e-01 0.000000e+00
    outer loop
      vertex   -3.061126e+01 3.298495e+01 2.230000e+02
      vertex   -3.061126e+01 3.298495e+01 2.260000e+02
      vertex   -3.079120e+01 3.343942e+01 2.230000e+02
    endloop
  endfacet
  facet normal -9.297765e-01 -3.681246e-01 0.000000e+00
    outer loop
      vertex   -3.079120e+01 3.343942e+01 2.230000e+02
      vertex   -3.061126e+01 3.298495e+01 2.260000e+02
      vertex   -3.079120e+01 3.343942e+01 2.260000e+02
    endloop
  endfacet
  facet normal -8.090170e-01 -5.877853e-01 0.000000e+00
    outer loop
      vertex   -3.079120e+01 3.343942e+01 2.230000e+02
      vertex   -3.079120e+01 3.343942e+01 2.260000e+02
      vertex   -3.107851e+01 3.383487e+01 2.230000e+02
    endloop
  endfacet
  facet normal -8.090170e-01 -5.877853e-01 9.580686e-16
    outer loop
      vertex   -3.107851e+01 3.383487e+01 2.230000e+02
      vertex   -3.079120e+01 3.343942e+01 2.260000e+02
      vertex   -3.107851e+01 3.383487e+01 2.260000e+02
    endloop
  endfacet
  facet normal -6.374240e-01 -7.705132e-01 7.548616e-16
    outer loop
      vertex   -3.107851e+01 3.383487e+01 2.230000e+02
      vertex   -3.107851e+01 3.383487e+01 2.260000e+02
      vertex   -3.145514e+01 3.414644e+01 2.230000e+02
    endloop
  endfacet
  facet normal -6.374240e-01 -7.705132e-01 1.824942e-15
    outer loop
      vertex   -3.145514e+01 3.414644e+01 2.230000e+02
      vertex   -3.107851e+01 3.383487e+01 2.260000e+02
      vertex   -3.145514e+01 3.414644e+01 2.260000e+02
    endloop
  endfacet
  facet normal -4.257793e-01 -9.048271e-01 2.143061e-15
    outer loop
      vertex   -3.145514e+01 3.414644e+01 2.230000e+02
      vertex   -3.145514e+01 3.414644e+01 2.260000e+02
      vertex   -3.189742e+01 3.435456e+01 2.230000e+02
    endloop
  endfacet
  facet normal -4.257793e-01 -9.048271e-01 0.000000e+00
    outer loop
      vertex   -3.189742e+01 3.435456e+01 2.230000e+02
      vertex   -3.145514e+01 3.414644e+01 2.260000e+02
      vertex   -3.189742e+01 3.435456e+01 2.260000e+02
    endloop
  endfacet
  facet normal -1.873813e-01 -9.822873e-01 0.000000e+00
    outer loop
      vertex   -3.189742e+01 3.435456e+01 2.230000e+02
      vertex   -3.189742e+01 3.435456e+01 2.260000e+02
      vertex   -3.237756e+01 3.444615e+01 2.230000e+02
    endloop
  endfacet
  facet normal -1.873813e-01 -9.822873e-01 0.000000e+00
    outer loop
      vertex   -3.237756e+01 3.444615e+01 2.230000e+02
      vertex   -3.189742e+01 3.435456e+01 2.260000e+02
      vertex   -3.237756e+01 3.444615e+01 2.260000e+02
    endloop
  endfacet
  facet normal 6.279052e-02 -9.980267e-01 0.000000e+00
    outer loop
      vertex   -3.237756e+01 3.444615e+01 2.230000e+02
      vertex   -3.237756e+01 3.444615e+01 2.260000e+02
      vertex   -3.286539e+01 3.441546e+01 2.230000e+02
    endloop
  endfacet
  facet normal 6.279052e-02 -9.980267e-01 0.000000e+00
    outer loop
      vertex   -3.286539e+01 3.441546e+01 2.230000e+02
      vertex   -3.237756e+01 3.444615e+01 2.260000e+02
      vertex   -3.286539e+01 3.441546e+01 2.260000e+02
    endloop
  endfacet
  facet normal 3.090170e-01 -9.510565e-01 0.000000e+00
    outer loop
      vertex   -3.286539e+01 3.441546e+01 2.230000e+02
      vertex   -3.286539e+01 3.441546e+01 2.260000e+02
      vertex   -3.333027e+01 3.426441e+01 2.230000e+02
    endloop
  endfacet
  facet normal 3.090170e-01 -9.510565e-01 -2.252554e-15
    outer loop
      vertex   -3.333027e+01 3.426441e+01 2.230000e+02
      vertex   -3.286539e+01 3.441546e+01 2.260000e+02
      vertex   -3.333027e+01 3.426441e+01 2.260000e+02
    endloop
  endfacet
  facet normal 5.358268e-01 -8.443279e-01 -1.999770e-15
    outer loop
      vertex   -3.333027e+01 3.426441e+01 2.230000e+02
      vertex   -3.333027e+01 3.426441e+01 2.260000e+02
      vertex   -3.374298e+01 3.400250e+01 2.230000e+02
    endloop
  endfacet
  facet normal 5.358268e-01 -8.443279e-01 0.000000e+00
    outer loop
      vertex   -3.374298e+01 3.400250e+01 2.230000e+02
      vertex   -3.333027e+01 3.426441e+01 2.260000e+02
      vertex   -3.374298e+01 3.400250e+01 2.260000e+02
    endloop
  endfacet
  facet normal 7.289686e-01 -6.845471e-01 0.000000e+00
    outer loop
      vertex   -3.374298e+01 3.400250e+01 2.230000e+02
      vertex   -3.374298e+01 3.400250e+01 2.260000e+02
      vertex   -3.407758e+01 3.364618e+01 2.230000e+02
    endloop
  endfacet
  facet normal 7.289686e-01 -6.845471e-01 0.000000e+00
    outer loop
      vertex   -3.407758e+01 3.364618e+01 2.230000e+02
      vertex   -3.374298e+01 3.400250e+01 2.260000e+02
      vertex   -3.407758e+01 3.364618e+01 2.260000e+02
    endloop
  endfacet
  facet normal 8.763067e-01 -4.817537e-01 0.000000e+00
    outer loop
      vertex   -3.407758e+01 3.364618e+01 2.230000e+02
      vertex   -3.407758e+01 3.364618e+01 2.260000e+02
      vertex   -3.431306e+01 3.321784e+01 2.230000e+02
    endloop
  endfacet
  facet normal 8.763067e-01 -4.817537e-01 -2.075511e-15
    outer loop
      vertex   -3.431306e+01 3.321784e+01 2.230000e+02
      vertex   -3.407758e+01 3.364618e+01 2.260000e+02
      vertex   -3.431306e+01 3.321784e+01 2.260000e+02
    endloop
  endfacet
  facet normal 9.685832e-01 -2.486899e-01 -2.294066e-15
    outer loop
      vertex   -3.431306e+01 3.321784e+01 2.230000e+02
      vertex   -3.431306e+01 3.321784e+01 2.260000e+02
      vertex   -3.443462e+01 3.274440e+01 2.230000e+02
    endloop
  endfacet
  facet normal 9.685832e-01 -2.486899e-01 0.000000e+00
    outer loop
      vertex   -3.443462e+01 3.274440e+01 2.230000e+02
      vertex   -3.431306e+01 3.321784e+01 2.260000e+02
      vertex   -3.443462e+01 3.274440e+01 2.260000e+02
    endloop
  endfacet
  facet normal 1.000000e+00 0.000000e+00 -0.000000e+00
    outer loop
      vertex   -3.443462e+01 3.274440e+01 2.230000e+02
      vertex   -3.443462e+01 3.274440e+01 2.260000e+02
      vertex   -3.443462e+01 3.225560e+01 2.230000e+02
    endloop
  endfacet
  facet normal 1.000000e+00 0.000000e+00 0.000000e+00
    outer loop
      vertex   -3.443462e+01 3.225560e+01 2.230000e+02
      vertex   -3.443462e+01 3.274440e+01 2.260000e+02
      vertex   -3.443462e+01 3.225560e+01 2.260000e+02
    endloop
  endfacet
  facet normal 9.685832e-01 2.486899e-01 -0.000000e+00
    outer loop
      vertex   -3.443462e+01 3.225560e+01 2.230000e+02
      vertex   -3.443462e+01 3.225560e+01 2.260000e+02
      vertex   -3.431306e+01 3.178216e+01 2.230000e+02
    endloop
  endfacet
  facet normal 9.685832e-01 2.486899e-01 2.294066e-15
    outer loop
      vertex   -3.431306e+01 3.178216e+01 2.230000e+02
      vertex   -3.443462e+01 3.225560e+01 2.260000e+02
      vertex   -3.431306e+01 3.178216e+01 2.260000e+02
    endloop
  endfacet
  facet normal 8.763067e-01 4.817537e-01 2.075511e-15
    outer loop
      vertex   -3.431306e+01 3.178216e+01 2.230000e+02
      vertex   -3.431306e+01 3.178216e+01 2.260000e+02
      vertex   -3.407758e+01 3.135382e+01 2.230000e+02
    endloop
  endfacet
  facet normal 8.763067e-01 4.817537e-01 -0.000000e+00
    outer loop
      vertex   -3.407758e+01 3.135382e+01 2.230000e+02
      vertex   -3.431306e+01 3.178216e+01 2.260000e+02
      vertex   -3.407758e+01 3.135382e+01 2.260000e+02
    endloop
  endfacet
  facet normal 7.289686e-01 6.845471e-01 -0.000000e+00
    outer loop
      vertex   -3.407758e+01 3.135382e+01 2.230000e+02
      vertex   -3.407758e+01 3.135382e+01 2.260000e+02
      vertex   -3.374298e+01 3.099750e+01 2.230000e+02
    endloop
  endfacet
  facet normal 7.289686e-01 6.845471e-01 -0.000000e+00
    outer loop
      vertex   -3.374298e+01 3.099750e+01 2.230000e+02
      vertex   -3.407758e+01 3.135382e+01 2.260000e+02
      vertex   -3.374298e+01 3.099750e+01 2.260000e+02
    endloop
  endfacet
  facet normal 5.358268e-01 8.443279e-01 -0.000000e+00
    outer loop
      vertex   -3.374298e+01 3.099750e+01 2.230000e+02
      vertex   -3.374298e+01 3.099750e+01 2.260000e+02
      vertex   -3.333027e+01 3.073559e+01 2.230000e+02
    endloop
  endfacet
  facet normal 5.358268e-01 8.443279e-01 1.999770e-15
    outer loop
      vertex   -3.333027e+01 3.073559e+01 2.230000e+02
      vertex   -3.374298e+01 3.099750e+01 2.260000e+02
      vertex   -3.333027e+01 3.073559e+01 2.260000e+02
    endloop
  endfacet
  facet normal 3.090170e-01 9.510565e-01 2.252554e-15
    outer loop
      vertex   -3.333027e+01 3.073559e+01 2.230000e+02
      vertex   -3.333027e+01 3.073559e+01 2.260000e+02
      vertex   -3.286539e+01 3.058454e+01 2.230000e+02
    endloop
  endfacet
  facet normal 3.090170e-01 9.510565e-01 -0.000000e+00
    outer loop
      vertex   -3.286539e+01 3.058454e+01 2.230000e+02
      vertex   -3.333027e+01 3.073559e+01 2.260000e+02
      vertex   -3.286539e+01 3.058454e+01 2.260000e+02
    endloop
  endfacet
  facet normal 6.279052e-02 9.980267e-01 -0.000000e+00
    outer loop
      vertex   -3.286539e+01 3.058454e+01 2.230000e+02
      vertex   -3.286539e+01 3.058454e+01 2.260000e+02
      vertex   -3.237756e+01 3.055385e+01 2.230000e+02
    endloop
  endfacet
  facet normal 6.279052e-02 9.980267e-01 -0.000000e+00
    outer loop
      vertex   -3.237756e+01 3.055385e+01 2.230000e+02
      vertex   -3.286539e+01 3.058454e+01 2.260000e+02
      vertex   -3.237756e+01 3.055385e+01 2.260000e+02
    endloop
  endfacet
  facet normal -1.873813e-01 9.822873e-01 0.000000e+00
    outer loop
      vertex   -3.237756e+01 3.055385e+01 2.230000e+02
      vertex   -3.237756e+01 3.055385e+01 2.260000e+02
      vertex   -3.189742e+01 3.064544e+01 2.230000e+02
    endloop
  endfacet
  facet normal -1.873813e-01 9.822873e-01 0.000000e+00
    outer loop
      vertex   -3.189742e+01 3.064544e+01 2.230000e+02
      vertex   -3.237756e+01 3.055385e+01 2.260000e+02
      vertex   -3.189742e+01 3.064544e+01 2.260000e+02
    endloop
  endfacet
  facet normal -4.257793e-01 9.048271e-01 0.000000e+00
    outer loop
      vertex   -3.189742e+01 3.064544e+01 2.230000e+02
      vertex   -3.189742e+01 3.064544e+01 2.260000e+02
      vertex   -3.145514e+01 3.085356e+01 2.230000e+02
    endloop
  endfacet
  facet normal -4.257793e-01 9.048271e-01 -1.071530e-15
    outer loop
      vertex   -3.145514e+01 3.085356e+01 2.230000e+02
      vertex   -3.189742e+01 3.064544e+01 2.260000e+02
      vertex   -3.145514e+01 3.085356e+01 2.260000e+02
    endloop
  endfacet
  facet normal -6.374240e-01 7.705132e-01 -9.124710e-16
    outer loop
      vertex   -3.145514e+01 3.085356e+01 2.230000e+02
      vertex   -3.145514e+01 3.085356e+01 2.260000e+02
      vertex   -3.107851e+01 3.116513e+01 2.230000e+02
    endloop
  endfacet
  facet normal -6.374240e-01 7.705132e-01 -1.667333e-15
    outer loop
      vertex   -3.107851e+01 3.116513e+01 2.230000e+02
      vertex   -3.145514e+01 3.085356e+01 2.260000e+02
      vertex   -3.107851e+01 3.116513e+01 2.260000e+02
    endloop
  endfacet
  facet normal -8.090170e-01 5.877853e-01 -1.654146e-15
    outer loop
      vertex   -3.107851e+01 3.116513e+01 2.230000e+02
      vertex   -3.107851e+01 3.116513e+01 2.260000e+02
      vertex   -3.079120e+01 3.156058e+01 2.230000e+02
    endloop
  endfacet
  facet normal -8.090170e-01 5.877853e-01 0.000000e+00
    outer loop
      vertex   -3.079120e+01 3.156058e+01 2.230000e+02
      vertex   -3.107851e+01 3.116513e+01 2.260000e+02
      vertex   -3.079120e+01 3.156058e+01 2.260000e+02
    endloop
  endfacet
  facet normal -9.297765e-01 3.681246e-01 0.000000e+00
    outer loop
      vertex   -3.079120e+01 3.156058e+01 2.230000e+02
      vertex   -3.079120e+01 3.156058e+01 2.260000e+02
      vertex   -3.061126e+01 3.201505e+01 2.230000e+02
    endloop
  endfacet
  facet normal -9.297765e-01 3.681246e-01 0.000000e+00
    outer loop
      vertex   -3.061126e+01 3.201505e+01 2.230000e+02
      vertex   -3.079120e+01 3.156058e+01 2.260000e+02
      vertex   -3.061126e+01 3.201505e+01 2.260000e+02
    endloop
  endfacet
  facet normal -8.715574e-02 9.961947e-01 0.000000e+00
    outer loop
      vertex   -3.250000e+01 3.650000e+01 2.260000e+02
      vertex   -3.250000e+01 3.650000e+01 2.230000e+02
      vertex   -3.319459e+01 3.643923e+01 2.260000e+02
    endloop
  endfacet
  facet normal -8.715574e-02 9.961947e-01 0.000000e+00
    outer loop
      vertex   -3.319459e+01 3.643923e+01 2.260000e+02
      vertex   -3.250000e+01 3.650000e+01 2.230000e+02
      vertex   -3.319459e+01 3.643923e+01 2.230000e+02
    endloop
  endfacet
  facet normal -2.588190e-01 9.659258e-01 0.000000e+00
    outer loop
      vertex   -3.319459e+01 3.643923e+01 2.260000e+02
      vertex   -3.319459e+01 3.643923e+01 2.230000e+02
      vertex   -3.386808e+01 3.625877e+01 2.260000e+02
    endloop
  endfacet
  facet normal -2.588190e-01 9.659258e-01 0.000000e+00
    outer loop
      vertex   -3.386808e+01 3.625877e+01 2.260000e+02
      vertex   -3.319459e+01 3.643923e+01 2.230000e+02
      vertex   -3.386808e+01 3.625877e+01 2.230000e+02
    endloop
  endfacet
  facet normal -4.226183e-01 9.063078e-01 0.000000e+00
    outer loop
      vertex   -3.386808e+01 3.625877e+01 2.260000e+02
      vertex   -3.386808e+01 3.625877e+01 2.230000e+02
      vertex   -3.450000e+01 3.596410e+01 2.260000e+02
    endloop
  endfacet
  facet normal -4.226183e-01 9.063078e-01 -2.146568e-15
    outer loop
      vertex   -3.450000e+01 3.596410e+01 2.260000e+02
      vertex   -3.386808e+01 3.625877e+01 2.230000e+02
      vertex   -3.450000e+01 3.596410e+01 2.230000e+02
    endloop
  endfacet
  facet normal -5.735764e-01 8.191520e-01 -1.940142e-15
    outer loop
      vertex   -3.450000e+01 3.596410e+01 2.260000e+02
      vertex   -3.450000e+01 3.596410e+01 2.230000e+02
      vertex   -3.507115e+01 3.556418e+01 2.260000e+02
    endloop
  endfacet
  facet normal -5.735764e-01 8.191520e-01 1.940142e-15
    outer loop
      vertex   -3.507115e+01 3.556418e+01 2.260000e+02
      vertex   -3.450000e+01 3.596410e+01 2.230000e+02
      vertex   -3.507115e+01 3.556418e+01 2.230000e+02
    endloop
  endfacet
  facet normal -7.071068e-01 7.071068e-01 1.674765e-15
    outer loop
      vertex   -3.507115e+01 3.556418e+01 2.260000e+02
      vertex   -3.507115e+01 3.556418e+01 2.230000e+02
      vertex   -3.556418e+01 3.507115e+01 2.260000e+02
    endloop
  endfacet
  facet normal -7.071068e-01 7.071068e-01 -1.674765e-15
    outer loop
      vertex   -3.556418e+01 3.507115e+01 2.260000e+02
      vertex   -3.507115e+01 3.556418e+01 2.230000e+02
      vertex   -3.556418e+01 3.507115e+01 2.230000e+02
    endloop
  endfacet
  facet normal -8.191520e-01 5.735764e-01 -1.940142e-15
    outer loop
      vertex   -3.556418e+01 3.507115e+01 2.260000e+02
      vertex   -3.556418e+01 3.507115e+01 2.230000e+02
      vertex   -3.596410e+01 3.450000e+01 2.260000e+02
    endloop
  endfacet
  facet normal -8.191520e-01 5.735764e-01 1.940142e-15
    outer loop
      vertex   -3.596410e+01 3.450000e+01 2.260000e+02
      vertex   -3.556418e+01 3.507115e+01 2.230000e+02
      vertex   -3.596410e+01 3.450000e+01 2.230000e+02
    endloop
  endfacet
  facet normal -9.063078e-01 4.226183e-01 2.146568e-15
    outer loop
      vertex   -3.596410e+01 3.450000e+01 2.260000e+02
      vertex   -3.596410e+01 3.450000e+01 2.230000e+02
      vertex   -3.625877e+01 3.386808e+01 2.260000e+02
    endloop
  endfacet
  facet normal -9.063078e-01 4.226183e-01 0.000000e+00
    outer loop
      vertex   -3.625877e+01 3.386808e+01 2.260000e+02
      vertex   -3.596410e+01 3.450000e+01 2.230000e+02
      vertex   -3.625877e+01 3.386808e+01 2.230000e+02
    endloop
  endfacet
  facet normal -9.659258e-01 2.588190e-01 0.000000e+00
    outer loop
      vertex   -3.625877e+01 3.386808e+01 2.260000e+02
      vertex   -3.625877e+01 3.386808e+01 2.230000e+02
      vertex   -3.643923e+01 3.319459e+01 2.260000e+02
    endloop
  endfacet
  facet normal -9.659258e-01 2.588190e-01 0.000000e+00
    outer loop
      vertex   -3.643923e+01 3.319459e+01 2.260000e+02
      vertex   -3.625877e+01 3.386808e+01 2.230000e+02
      vertex   -3.643923e+01 3.319459e+01 2.230000e+02
    endloop
  endfacet
  facet normal -9.961947e-01 8.715574e-02 0.000000e+00
    outer loop
      vertex   -3.643923e+01 3.319459e+01 2.260000e+02
      vertex   -3.643923e+01 3.319459e+01 2.230000e+02
      vertex   -3.650000e+01 3.250000e+01 2.260000e+02
    endloop
  endfacet
  facet normal -9.961947e-01 8.715574e-02 0.000000e+00
    outer loop
      vertex   -3.650000e+01 3.250000e+01 2.260000e+02
      vertex   -3.643923e+01 3.319459e+01 2.230000e+02
      vertex   -3.650000e+01 3.250000e+01 2.230000e+02
    endloop
  endfacet
  facet normal 9.961947e-01 8.715571e-02 0.000000e+00
    outer loop
      vertex   3.650000e+01 3.250000e+01 2.260000e+02
      vertex   3.650000e+01 3.250000e+01 2.230000e+02
      vertex   3.643923e+01 3.319459e+01 2.260000e+02
    endloop
  endfacet
  facet normal 9.961947e-01 8.715571e-02 1.200374e-14
    outer loop
      vertex   3.643923e+01 3.319459e+01 2.260000e+02
      vertex   3.650000e+01 3.250000e+01 2.230000e+02
      vertex   3.643923e+01 3.319459e+01 2.230000e+02
    endloop
  endfacet
  facet normal 9.659258e-01 2.588190e-01 1.205187e-14
    outer loop
      vertex   3.643923e+01 3.319459e+01 2.260000e+02
      vertex   3.643923e+01 3.319459e+01 2.230000e+02
      vertex   3.625877e+01 3.386808e+01 2.260000e+02
    endloop
  endfacet
  facet normal 9.659258e-01 2.588190e-01 1.266487e-14
    outer loop
      vertex   3.625877e+01 3.386808e+01 2.260000e+02
      vertex   3.643923e+01 3.319459e+01 2.230000e+02
      vertex   3.625877e+01 3.386808e+01 2.230000e+02
    endloop
  endfacet
  facet normal 9.063078e-01 4.226182e-01 1.273476e-14
    outer loop
      vertex   3.625877e+01 3.386808e+01 2.260000e+02
      vertex   3.625877e+01 3.386808e+01 2.230000e+02
      vertex   3.596410e+01 3.450000e+01 2.260000e+02
    endloop
  endfacet
  facet normal 9.063078e-01 4.226182e-01 1.373572e-14
    outer loop
      vertex   3.596410e+01 3.450000e+01 2.260000e+02
      vertex   3.625877e+01 3.386808e+01 2.230000e+02
      vertex   3.596410e+01 3.450000e+01 2.230000e+02
    endloop
  endfacet
  facet normal 8.191521e-01 5.735764e-01 1.377621e-14
    outer loop
      vertex   3.596410e+01 3.450000e+01 2.260000e+02
      vertex   3.596410e+01 3.450000e+01 2.230000e+02
      vertex   3.556418e+01 3.507115e+01 2.260000e+02
    endloop
  endfacet
  facet normal 8.191521e-01 5.735764e-01 1.183607e-14
    outer loop
      vertex   3.556418e+01 3.507115e+01 2.260000e+02
      vertex   3.596410e+01 3.450000e+01 2.230000e+02
      vertex   3.556418e+01 3.507115e+01 2.230000e+02
    endloop
  endfacet
  facet normal 7.071068e-01 7.071068e-01 1.172336e-14
    outer loop
      vertex   3.556418e+01 3.507115e+01 2.260000e+02
      vertex   3.556418e+01 3.507115e+01 2.230000e+02
      vertex   3.507115e+01 3.556418e+01 2.260000e+02
    endloop
  endfacet
  facet normal 7.071068e-01 7.071068e-01 1.339812e-14
    outer loop
      vertex   3.507115e+01 3.556418e+01 2.260000e+02
      vertex   3.556418e+01 3.507115e+01 2.230000e+02
      vertex   3.507115e+01 3.556418e+01 2.230000e+02
    endloop
  endfacet
  facet normal 5.735764e-01 8.191520e-01 1.319457e-14
    outer loop
      vertex   3.507115e+01 3.556418e+01 2.260000e+02
      vertex   3.507115e+01 3.556418e+01 2.230000e+02
      vertex   3.450000e+01 3.596410e+01 2.260000e+02
    endloop
  endfacet
  facet normal 5.735764e-01 8.191520e-01 1.241771e-14
    outer loop
      vertex   3.450000e+01 3.596410e+01 2.260000e+02
      vertex   3.507115e+01 3.556418e+01 2.230000e+02
      vertex   3.450000e+01 3.596410e+01 2.230000e+02
    endloop
  endfacet
  facet normal 4.226183e-01 9.063078e-01 1.273476e-14
    outer loop
      vertex   3.450000e+01 3.596410e+01 2.260000e+02
      vertex   3.450000e+01 3.596410e+01 2.230000e+02
      vertex   3.386808e+01 3.625877e+01 2.260000e+02
    endloop
  endfacet
  facet normal 4.226183e-01 9.063078e-01 1.488133e-14
    outer loop
      vertex   3.386808e+01 3.625877e+01 2.260000e+02
      vertex   3.450000e+01 3.596410e+01 2.230000e+02
      vertex   3.386808e+01 3.625877e+01 2.230000e+02
    endloop
  endfacet
  facet normal 2.588191e-01 9.659258e-01 1.495264e-14
    outer loop
      vertex   3.386808e+01 3.625877e+01 2.260000e+02
      vertex   3.386808e+01 3.625877e+01 2.230000e+02
      vertex   3.319459e+01 3.643923e+01 2.260000e+02
    endloop
  endfacet
  facet normal 2.588191e-01 9.659258e-01 1.205187e-14
    outer loop
      vertex   3.319459e+01 3.643923e+01 2.260000e+02
      vertex   3.386808e+01 3.625877e+01 2.230000e+02
      vertex   3.319459e+01 3.643923e+01 2.230000e+02
    endloop
  endfacet
  facet normal 8.715574e-02 9.961947e-01 1.200374e-14
    outer loop
      vertex   3.319459e+01 3.643923e+01 2.260000e+02
      vertex   3.319459e+01 3.643923e+01 2.230000e+02
      vertex   3.250000e+01 3.650000e+01 2.260000e+02
    endloop
  endfacet
  facet normal 8.715574e-02 9.961947e-01 0.000000e+00
    outer loop
      vertex   3.250000e+01 3.650000e+01 2.260000e+02
      vertex   3.319459e+01 3.643923e+01 2.230000e+02
      vertex   3.250000e+01 3.650000e+01 2.230000e+02
    endloop
  endfacet
  facet normal 0.000000e+00 1.000000e+00 0.000000e+00
    outer loop
      vertex   3.650000e+01 -2.250000e+01 2.250000e+02
      vertex   3.650000e+01 -2.250000e+01 2.228000e+02
      vertex   2.850000e+01 -2.250000e+01 2.250000e+02
    endloop
  endfacet
  facet normal 0.000000e+00 1.000000e+00 0.000000e+00
    outer loop
      vertex   2.850000e+01 -2.250000e+01 2.250000e+02
      vertex   3.650000e+01 -2.250000e+01 2.228000e+02
      vertex   2.850000e+01 -2.250000e+01 2.228000e+02
    endloop
  endfacet
  facet normal 0.000000e+00 1.305262e-01 9.914449e-01
    outer loop
      vertex   3.650000e+01 -2.150000e+01 2.218000e+02
      vertex   2.850000e+01 -2.150000e+01 2.218000e+02
      vertex   3.250000e+01 -2.175882e+01 2.218341e+02
    endloop
  endfacet
  facet normal -5.821200e-14 1.305262e-01 9.914449e-01
    outer loop
      vertex   3.250000e+01 -2.175882e+01 2.218341e+02
      vertex   2.850000e+01 -2.150000e+01 2.218000e+02
      vertex   2.850000e+01 -2.175882e+01 2.218341e+02
    endloop
  endfacet
  facet normal -5.795473e-14 3.826834e-01 9.238795e-01
    outer loop
      vertex   3.250000e+01 -2.175882e+01 2.218341e+02
      vertex   2.850000e+01 -2.175882e+01 2.218341e+02
      vertex   3.250000e+01 -2.200000e+01 2.219340e+02
    endloop
  endfacet
  facet normal -3.339595e-14 3.826834e-01 9.238795e-01
    outer loop
      vertex   3.250000e+01 -2.200000e+01 2.219340e+02
      vertex   2.850000e+01 -2.175882e+01 2.218341e+02
      vertex   2.850000e+01 -2.200000e+01 2.219340e+02
    endloop
  endfacet
  facet normal -3.390292e-14 6.087614e-01 7.933533e-01
    outer loop
      vertex   3.250000e+01 -2.200000e+01 2.219340e+02
      vertex   2.850000e+01 -2.200000e+01 2.219340e+02
      vertex   3.250000e+01 -2.220711e+01 2.220929e+02
    endloop
  endfacet
  facet normal -1.884387e-14 6.087614e-01 7.933533e-01
    outer loop
      vertex   3.250000e+01 -2.220711e+01 2.220929e+02
      vertex   2.850000e+01 -2.200000e+01 2.219340e+02
      vertex   2.850000e+01 -2.220711e+01 2.220929e+02
    endloop
  endfacet
  facet normal -1.851597e-14 7.933533e-01 6.087614e-01
    outer loop
      vertex   3.250000e+01 -2.220711e+01 2.220929e+02
      vertex   2.850000e+01 -2.220711e+01 2.220929e+02
      vertex   3.250000e+01 -2.236603e+01 2.223000e+02
    endloop
  endfacet
  facet normal -1.428813e-14 7.933533e-01 6.087614e-01
    outer loop
      vertex   3.250000e+01 -2.236603e+01 2.223000e+02
      vertex   2.850000e+01 -2.220711e+01 2.220929e+02
      vertex   2.850000e+01 -2.236603e+01 2.223000e+02
    endloop
  endfacet
  facet normal -1.200282e-14 9.238795e-01 3.826834e-01
    outer loop
      vertex   3.250000e+01 -2.236603e+01 2.223000e+02
      vertex   2.850000e+01 -2.236603e+01 2.223000e+02
      vertex   3.250000e+01 -2.246593e+01 2.225412e+02
    endloop
  endfacet
  facet normal 0.000000e+00 9.238795e-01 3.826834e-01
    outer loop
      vertex   3.250000e+01 -2.246593e+01 2.225412e+02
      vertex   2.850000e+01 -2.236603e+01 2.223000e+02
      vertex   2.850000e+01 -2.246593e+01 2.225412e+02
    endloop
  endfacet
  facet normal 0.000000e+00 9.914449e-01 1.305262e-01
    outer loop
      vertex   3.250000e+01 -2.246593e+01 2.225412e+02
      vertex   2.850000e+01 -2.246593e+01 2.225412e+02
      vertex   2.850000e+01 -2.250000e+01 2.228000e+02
    endloop
  endfacet
  facet normal -0.000000e+00 9.914449e-01 1.305262e-01
    outer loop
      vertex   2.850000e+01 -2.250000e+01 2.228000e+02
      vertex   3.650000e+01 -2.250000e+01 2.228000e+02
      vertex   3.250000e+01 -2.246593e+01 2.225412e+02
    endloop
  endfacet
  facet normal 1.761160e-15 9.914449e-01 1.305262e-01
    outer loop
      vertex   3.250000e+01 -2.246593e+01 2.225412e+02
      vertex   3.650000e+01 -2.250000e+01 2.228000e+02
      vertex   3.650000e+01 -2.246593e+01 2.225412e+02
    endloop
  endfacet
  facet normal 1.641140e-15 9.238795e-01 3.826834e-01
    outer loop
      vertex   3.250000e+01 -2.246593e+01 2.225412e+02
      vertex   3.650000e+01 -2.246593e+01 2.225412e+02
      vertex   3.250000e+01 -2.236603e+01 2.223000e+02
    endloop
  endfacet
  facet normal 8.205699e-15 9.238795e-01 3.826834e-01
    outer loop
      vertex   3.250000e+01 -2.236603e+01 2.223000e+02
      vertex   3.650000e+01 -2.246593e+01 2.225412e+02
      vertex   3.650000e+01 -2.236603e+01 2.223000e+02
    endloop
  endfacet
  facet normal 7.046393e-15 7.933533e-01 6.087614e-01
    outer loop
      vertex   3.250000e+01 -2.236603e+01 2.223000e+02
      vertex   3.650000e+01 -2.236603e+01 2.223000e+02
      vertex   3.250000e+01 -2.220711e+01 2.220929e+02
    endloop
  endfacet
  facet normal 2.495540e-14 7.933533e-01 6.087614e-01
    outer loop
      vertex   3.250000e+01 -2.220711e+01 2.220929e+02
      vertex   3.650000e+01 -2.236603e+01 2.223000e+02
      vertex   3.650000e+01 -2.220711e+01 2.220929e+02
    endloop
  endfacet
  facet normal 2.610305e-14 6.087614e-01 7.933533e-01
    outer loop
      vertex   3.250000e+01 -2.220711e+01 2.220929e+02
      vertex   3.650000e+01 -2.220711e+01 2.220929e+02
      vertex   3.250000e+01 -2.200000e+01 2.219340e+02
    endloop
  endfacet
  facet normal 4.008073e-14 6.087614e-01 7.933533e-01
    outer loop
      vertex   3.250000e+01 -2.200000e+01 2.219340e+02
      vertex   3.650000e+01 -2.220711e+01 2.220929e+02
      vertex   3.650000e+01 -2.200000e+01 2.219340e+02
    endloop
  endfacet
  facet normal 4.030040e-14 3.826834e-01 9.238795e-01
    outer loop
      vertex   3.250000e+01 -2.200000e+01 2.219340e+02
      vertex   3.650000e+01 -2.200000e+01 2.219340e+02
      vertex   3.250000e+01 -2.175882e+01 2.218341e+02
    endloop
  endfacet
  facet normal 5.795473e-14 3.826834e-01 9.238795e-01
    outer loop
      vertex   3.250000e+01 -2.175882e+01 2.218341e+02
      vertex   3.650000e+01 -2.200000e+01 2.219340e+02
      vertex   3.650000e+01 -2.175882e+01 2.218341e+02
    endloop
  endfacet
  facet normal 5.821200e-14 1.305262e-01 9.914449e-01
    outer loop
      vertex   3.250000e+01 -2.175882e+01 2.218341e+02
      vertex   3.650000e+01 -2.175882e+01 2.218341e+02
      vertex   3.650000e+01 -2.150000e+01 2.218000e+02
    endloop
  endfacet
  facet normal -1.000000e+00 0.000000e+00 -0.000000e+00
    outer loop
      vertex   -3.650000e+01 2.253407e+01 2.252588e+02
      vertex   -3.650000e+01 3.250000e+01 2.260000e+02
      vertex   -3.650000e+01 2.250000e+01 2.250000e+02
    endloop
  endfacet
  facet normal -1.000000e+00 0.000000e+00 0.000000e+00
    outer loop
      vertex   -3.650000e+01 2.250000e+01 2.250000e+02
      vertex   -3.650000e+01 3.250000e+01 2.260000e+02
      vertex   -3.650000e+01 3.250000e+01 2.230000e+02
    endloop
  endfacet
  facet normal -1.000000e+00 0.000000e+00 0.000000e+00
    outer loop
      vertex   -3.650000e+01 2.250000e+01 2.250000e+02
      vertex   -3.650000e+01 3.250000e+01 2.230000e+02
      vertex   -3.650000e+01 2.650000e+01 2.230000e+02
    endloop
  endfacet
  facet normal -1.000000e+00 0.000000e+00 0.000000e+00
    outer loop
      vertex   -3.650000e+01 2.253407e+01 2.252588e+02
      vertex   -3.650000e+01 2.263397e+01 2.255000e+02
      vertex   -3.650000e+01 3.250000e+01 2.260000e+02
    endloop
  endfacet
  facet normal -1.000000e+00 0.000000e+00 0.000000e+00
    outer loop
      vertex   -3.650000e+01 3.250000e+01 2.260000e+02
      vertex   -3.650000e+01 2.263397e+01 2.255000e+02
      vertex   -3.650000e+01 2.279289e+01 2.257071e+02
    endloop
  endfacet
  facet normal -1.000000e+00 0.000000e+00 0.000000e+00
    outer loop
      vertex   -3.650000e+01 3.250000e+01 2.260000e+02
      vertex   -3.650000e+01 2.279289e+01 2.257071e+02
      vertex   -3.650000e+01 2.300000e+01 2.258660e+02
    endloop
  endfacet
  facet normal -1.000000e+00 0.000000e+00 -0.000000e+00
    outer loop
      vertex   -3.650000e+01 2.324118e+01 2.259659e+02
      vertex   -3.650000e+01 2.350000e+01 2.260000e+02
      vertex   -3.650000e+01 2.300000e+01 2.258660e+02
    endloop
  endfacet
  facet normal -1.000000e+00 0.000000e+00 0.000000e+00
    outer loop
      vertex   -3.650000e+01 2.300000e+01 2.258660e+02
      vertex   -3.650000e+01 2.350000e+01 2.260000e+02
      vertex   -3.650000e+01 3.250000e+01 2.260000e+02
    endloop
  endfacet
  facet normal -1.000000e+00 0.000000e+00 0.000000e+00
    outer loop
      vertex   -3.650000e+01 2.650000e+01 2.183000e+02
      vertex   -3.650000e+01 2.175882e+01 2.218341e+02
      vertex   -3.650000e+01 2.650000e+01 2.230000e+02
    endloop
  endfacet
  facet normal -1.000000e+00 0.000000e+00 0.000000e+00
    outer loop
      vertex   -3.650000e+01 2.650000e+01 2.230000e+02
      vertex   -3.650000e+01 2.175882e+01 2.218341e+02
      vertex   -3.650000e+01 2.200000e+01 2.219340e+02
    endloop
  endfacet
  facet normal -1.000000e+00 0.000000e+00 0.000000e+00
    outer loop
      vertex   -3.650000e+01 2.650000e+01 2.230000e+02
      vertex   -3.650000e+01 2.200000e+01 2.219340e+02
      vertex   -3.650000e+01 2.220711e+01 2.220929e+02
    endloop
  endfacet
  facet normal -1.000000e+00 0.000000e+00 -0.000000e+00
    outer loop
      vertex   -3.650000e+01 2.175882e+01 2.218341e+02
      vertex   -3.650000e+01 2.650000e+01 2.183000e+02
      vertex   -3.650000e+01 2.150000e+01 2.218000e+02
    endloop
  endfacet
  facet normal -1.000000e+00 0.000000e+00 -0.000000e+00
    outer loop
      vertex   -3.650000e+01 2.150000e+01 2.218000e+02
      vertex   -3.650000e+01 2.650000e+01 2.183000e+02
      vertex   -3.650000e+01 -2.650000e+01 2.183000e+02
    endloop
  endfacet
  facet normal -1.000000e+00 -0.000000e+00 0.000000e+00
    outer loop
      vertex   -3.650000e+01 2.150000e+01 2.218000e+02
      vertex   -3.650000e+01 -2.650000e+01 2.183000e+02
      vertex   -3.650000e+01 -2.150000e+01 2.218000e+02
    endloop
  endfacet
  facet normal -1.000000e+00 -0.000000e+00 0.000000e+00
    outer loop
      vertex   -3.650000e+01 -2.150000e+01 2.218000e+02
      vertex   -3.650000e+01 -2.650000e+01 2.183000e+02
      vertex   -3.650000e+01 -2.175882e+01 2.218341e+02
    endloop
  endfacet
  facet normal -1.000000e+00 -0.000000e+00 0.000000e+00
    outer loop
      vertex   -3.650000e+01 -2.175882e+01 2.218341e+02
      vertex   -3.650000e+01 -2.650000e+01 2.183000e+02
      vertex   -3.650000e+01 -2.650000e+01 2.230000e+02
    endloop
  endfacet
  facet normal -1.000000e+00 0.000000e+00 0.000000e+00
    outer loop
      vertex   -3.650000e+01 -2.175882e+01 2.218341e+02
      vertex   -3.650000e+01 -2.650000e+01 2.230000e+02
      vertex   -3.650000e+01 -2.200000e+01 2.219340e+02
    endloop
  endfacet
  facet normal -1.000000e+00 0.000000e+00 0.000000e+00
    outer loop
      vertex   -3.650000e+01 -2.200000e+01 2.219340e+02
      vertex   -3.650000e+01 -2.650000e+01 2.230000e+02
      vertex   -3.650000e+01 -2.220711e+01 2.220929e+02
    endloop
  endfacet
  facet normal -1.000000e+00 0.000000e+00 0.000000e+00
    outer loop
      vertex   -3.650000e+01 -2.220711e+01 2.220929e+02
      vertex   -3.650000e+01 -2.650000e+01 2.230000e+02
      vertex   -3.650000e+01 -2.236603e+01 2.223000e+02
    endloop
  endfacet
  facet normal -1.000000e+00 0.000000e+00 0.000000e+00
    outer loop
      vertex   -3.650000e+01 -2.236603e+01 2.223000e+02
      vertex   -3.650000e+01 -2.650000e+01 2.230000e+02
      vertex   -3.650000e+01 -2.246593e+01 2.225412e+02
    endloop
  endfacet
  facet normal -1.000000e+00 0.000000e+00 0.000000e+00
    outer loop
      vertex   -3.650000e+01 -2.246593e+01 2.225412e+02
      vertex   -3.650000e+01 -2.650000e+01 2.230000e+02
      vertex   -3.650000e+01 -2.250000e+01 2.228000e+02
    endloop
  endfacet
  facet normal -1.000000e+00 0.000000e+00 0.000000e+00
    outer loop
      vertex   -3.650000e+01 -2.250000e+01 2.228000e+02
      vertex   -3.650000e+01 -2.650000e+01 2.230000e+02
      vertex   -3.650000e+01 -2.250000e+01 2.250000e+02
    endloop
  endfacet
  facet normal -1.000000e+00 0.000000e+00 0.000000e+00
    outer loop
      vertex   -3.650000e+01 -2.250000e+01 2.250000e+02
      vertex   -3.650000e+01 -2.650000e+01 2.230000e+02
      vertex   -3.650000e+01 -3.250000e+01 2.230000e+02
    endloop
  endfacet
  facet normal -1.000000e+00 -0.000000e+00 0.000000e+00
    outer loop
      vertex   -3.650000e+01 -2.250000e+01 2.250000e+02
      vertex   -3.650000e+01 -3.250000e+01 2.230000e+02
      vertex   -3.650000e+01 -3.250000e+01 2.260000e+02
    endloop
  endfacet
  facet normal -1.000000e+00 -0.000000e+00 -0.000000e+00
    outer loop
      vertex   -3.650000e+01 -2.350000e+01 2.260000e+02
      vertex   -3.650000e+01 -2.300000e+01 2.258660e+02
      vertex   -3.650000e+01 -3.250000e+01 2.260000e+02
    endloop
  endfacet
  facet normal -1.000000e+00 0.000000e+00 0.000000e+00
    outer loop
      vertex   -3.650000e+01 -3.250000e+01 2.260000e+02
      vertex   -3.650000e+01 -2.300000e+01 2.258660e+02
      vertex   -3.650000e+01 -2.279289e+01 2.257071e+02
    endloop
  endfacet
  facet normal -1.000000e+00 0.000000e+00 0.000000e+00
    outer loop
      vertex   -3.650000e+01 -3.250000e+01 2.260000e+02
      vertex   -3.650000e+01 -2.279289e+01 2.257071e+02
      vertex   -3.650000e+01 -2.263397e+01 2.255000e+02
    endloop
  endfacet
  facet normal -1.000000e+00 0.000000e+00 0.000000e+00
    outer loop
      vertex   -3.650000e+01 -2.350000e+01 2.260000e+02
      vertex   -3.650000e+01 -2.324118e+01 2.259659e+02
      vertex   -3.650000e+01 -2.300000e+01 2.258660e+02
    endloop
  endfacet
  facet normal -1.000000e+00 -0.000000e+00 -0.000000e+00
    outer loop
      vertex   -3.650000e+01 -2.263397e+01 2.255000e+02
      vertex   -3.650000e+01 -2.253407e+01 2.252588e+02
      vertex   -3.650000e+01 -3.250000e+01 2.260000e+02
    endloop
  endfacet
  facet normal -1.000000e+00 0.000000e+00 0.000000e+00
    outer loop
      vertex   -3.650000e+01 -3.250000e+01 2.260000e+02
      vertex   -3.650000e+01 -2.253407e+01 2.252588e+02
      vertex   -3.650000e+01 -2.250000e+01 2.250000e+02
    endloop
  endfacet
  facet normal -1.000000e+00 0.000000e+00 0.000000e+00
    outer loop
      vertex   -3.650000e+01 2.220711e+01 2.220929e+02
      vertex   -3.650000e+01 2.236603e+01 2.223000e+02
      vertex   -3.650000e+01 2.650000e+01 2.230000e+02
    endloop
  endfacet
  facet normal -1.000000e+00 0.000000e+00 0.000000e+00
    outer loop
      vertex   -3.650000e+01 2.650000e+01 2.230000e+02
      vertex   -3.650000e+01 2.236603e+01 2.223000e+02
      vertex   -3.650000e+01 2.246593e+01 2.225412e+02
    endloop
  endfacet
  facet normal -1.000000e+00 0.000000e+00 0.000000e+00
    outer loop
      vertex   -3.650000e+01 2.650000e+01 2.230000e+02
      vertex   -3.650000e+01 2.246593e+01 2.225412e+02
      vertex   -3.650000e+01 2.250000e+01 2.228000e+02
    endloop
  endfacet
  facet normal -1.000000e+00 0.000000e+00 0.000000e+00
    outer loop
      vertex   -3.650000e+01 2.250000e+01 2.228000e+02
      vertex   -3.650000e+01 2.250000e+01 2.250000e+02
      vertex   -3.650000e+01 2.650000e+01 2.230000e+02
    endloop
  endfacet
  facet normal 0.000000e+00 1.000000e+00 0.000000e+00
    outer loop
      vertex   -2.850000e+01 -2.250000e+01 2.250000e+02
      vertex   -2.850000e+01 -2.250000e+01 2.228000e+02
      vertex   -3.650000e+01 -2.250000e+01 2.250000e+02
    endloop
  endfacet
  facet normal 0.000000e+00 1.000000e+00 0.000000e+00
    outer loop
      vertex   -3.650000e+01 -2.250000e+01 2.250000e+02
      vertex   -2.850000e+01 -2.250000e+01 2.228000e+02
      vertex   -3.650000e+01 -2.250000e+01 2.228000e+02
    endloop
  endfacet
  facet normal 0.000000e+00 1.305262e-01 9.914449e-01
    outer loop
      vertex   -2.850000e+01 -2.150000e+01 2.218000e+02
      vertex   -3.650000e+01 -2.150000e+01 2.218000e+02
      vertex   -3.250000e+01 -2.175882e+01 2.218341e+02
    endloop
  endfacet
  facet normal -5.821200e-14 1.305262e-01 9.914449e-01
    outer loop
      vertex   -3.250000e+01 -2.175882e+01 2.218341e+02
      vertex   -3.650000e+01 -2.150000e+01 2.218000e+02
      vertex   -3.650000e+01 -2.175882e+01 2.218341e+02
    endloop
  endfacet
  facet normal -5.795473e-14 3.826834e-01 9.238795e-01
    outer loop
      vertex   -3.250000e+01 -2.175882e+01 2.218341e+02
      vertex   -3.650000e+01 -2.175882e+01 2.218341e+02
      vertex   -3.250000e+01 -2.200000e+01 2.219340e+02
    endloop
  endfacet
  facet normal -3.339595e-14 3.826834e-01 9.238795e-01
    outer loop
      vertex   -3.250000e+01 -2.200000e+01 2.219340e+02
      vertex   -3.650000e+01 -2.175882e+01 2.218341e+02
      vertex   -3.650000e+01 -2.200000e+01 2.219340e+02
    endloop
  endfacet
  facet normal -3.390292e-14 6.087614e-01 7.933533e-01
    outer loop
      vertex   -3.250000e+01 -2.200000e+01 2.219340e+02
      vertex   -3.650000e+01 -2.200000e+01 2.219340e+02
      vertex   -3.250000e+01 -2.220711e+01 2.220929e+02
    endloop
  endfacet
  facet normal -1.884387e-14 6.087614e-01 7.933533e-01
    outer loop
      vertex   -3.250000e+01 -2.220711e+01 2.220929e+02
      vertex   -3.650000e+01 -2.200000e+01 2.219340e+02
      vertex   -3.650000e+01 -2.220711e+01 2.220929e+02
    endloop
  endfacet
  facet normal -1.851597e-14 7.933533e-01 6.087614e-01
    outer loop
      vertex   -3.250000e+01 -2.220711e+01 2.220929e+02
      vertex   -3.650000e+01 -2.220711e+01 2.220929e+02
      vertex   -3.250000e+01 -2.236603e+01 2.223000e+02
    endloop
  endfacet
  facet normal -1.428813e-14 7.933533e-01 6.087614e-01
    outer loop
      vertex   -3.250000e+01 -2.236603e+01 2.223000e+02
      vertex   -3.650000e+01 -2.220711e+01 2.220929e+02
      vertex   -3.650000e+01 -2.236603e+01 2.223000e+02
    endloop
  endfacet
  facet normal -1.200282e-14 9.238795e-01 3.826834e-01
    outer loop
      vertex   -3.250000e+01 -2.236603e+01 2.223000e+02
      vertex   -3.650000e+01 -2.236603e+01 2.223000e+02
      vertex   -3.250000e+01 -2.246593e+01 2.225412e+02
    endloop
  endfacet
  facet normal 0.000000e+00 9.238795e-01 3.826834e-01
    outer loop
      vertex   -3.250000e+01 -2.246593e+01 2.225412e+02
      vertex   -3.650000e+01 -2.236603e+01 2.223000e+02
      vertex   -3.650000e+01 -2.246593e+01 2.225412e+02
    endloop
  endfacet
  facet normal 0.000000e+00 9.914449e-01 1.305262e-01
    outer loop
      vertex   -3.250000e+01 -2.246593e+01 2.225412e+02
      vertex   -3.650000e+01 -2.246593e+01 2.225412e+02
      vertex   -3.650000e+01 -2.250000e+01 2.228000e+02
    endloop
  endfacet
  facet normal -0.000000e+00 9.914449e-01 1.305262e-01
    outer loop
      vertex   -3.650000e+01 -2.250000e+01 2.228000e+02
      vertex   -2.850000e+01 -2.250000e+01 2.228000e+02
      vertex   -3.250000e+01 -2.246593e+01 2.225412e+02
    endloop
  endfacet
  facet normal 1.761160e-15 9.914449e-01 1.305262e-01
    outer loop
      vertex   -3.250000e+01 -2.246593e+01 2.225412e+02
      vertex   -2.850000e+01 -2.250000e+01 2.228000e+02
      vertex   -2.850000e+01 -2.246593e+01 2.225412e+02
    endloop
  endfacet
  facet normal 1.641140e-15 9.238795e-01 3.826834e-01
    outer loop
      vertex   -3.250000e+01 -2.246593e+01 2.225412e+02
      vertex   -2.850000e+01 -2.246593e+01 2.225412e+02
      vertex   -3.250000e+01 -2.236603e+01 2.223000e+02
    endloop
  endfacet
  facet normal 8.205699e-15 9.238795e-01 3.826834e-01
    outer loop
      vertex   -3.250000e+01 -2.236603e+01 2.223000e+02
      vertex   -2.850000e+01 -2.246593e+01 2.225412e+02
      vertex   -2.850000e+01 -2.236603e+01 2.223000e+02
    endloop
  endfacet
  facet normal 7.046393e-15 7.933533e-01 6.087614e-01
    outer loop
      vertex   -3.250000e+01 -2.236603e+01 2.223000e+02
      vertex   -2.850000e+01 -2.236603e+01 2.223000e+02
      vertex   -3.250000e+01 -2.220711e+01 2.220929e+02
    endloop
  endfacet
  facet normal 2.495540e-14 7.933533e-01 6.087614e-01
    outer loop
      vertex   -3.250000e+01 -2.220711e+01 2.220929e+02
      vertex   -2.850000e+01 -2.236603e+01 2.223000e+02
      vertex   -2.850000e+01 -2.220711e+01 2.220929e+02
    endloop
  endfacet
  facet normal 2.610305e-14 6.087614e-01 7.933533e-01
    outer loop
      vertex   -3.250000e+01 -2.220711e+01 2.220929e+02
      vertex   -2.850000e+01 -2.220711e+01 2.220929e+02
      vertex   -3.250000e+01 -2.200000e+01 2.219340e+02
    endloop
  endfacet
  facet normal 4.008073e-14 6.087614e-01 7.933533e-01
    outer loop
      vertex   -3.250000e+01 -2.200000e+01 2.219340e+02
      vertex   -2.850000e+01 -2.220711e+01 2.220929e+02
      vertex   -2.850000e+01 -2.200000e+01 2.219340e+02
    endloop
  endfacet
  facet normal 4.030040e-14 3.826834e-01 9.238795e-01
    outer loop
      vertex   -3.250000e+01 -2.200000e+01 2.219340e+02
      vertex   -2.850000e+01 -2.200000e+01 2.219340e+02
      vertex   -3.250000e+01 -2.175882e+01 2.218341e+02
    endloop
  endfacet
  facet normal 5.795473e-14 3.826834e-01 9.238795e-01
    outer loop
      vertex   -3.250000e+01 -2.175882e+01 2.218341e+02
      vertex   -2.850000e+01 -2.200000e+01 2.219340e+02
      vertex   -2.850000e+01 -2.175882e+01 2.218341e+02
    endloop
  endfacet
  facet normal 5.821200e-14 1.305262e-01 9.914449e-01
    outer loop
      vertex   -3.250000e+01 -2.175882e+01 2.218341e+02
      vertex   -2.850000e+01 -2.175882e+01 2.218341e+02
      vertex   -2.850000e+01 -2.150000e+01 2.218000e+02
    endloop
  endfacet
  facet normal 0.000000e+00 0.000000e+00 1.000000e+00
    outer loop
      vertex   -3.650000e+01 -2.150000e+01 2.218000e+02
      vertex   -2.850000e+01 -2.150000e+01 2.218000e+02
      vertex   -3.650000e+01 2.150000e+01 2.218000e+02
    endloop
  endfacet
  facet normal -0.000000e+00 0.000000e+00 1.000000e+00
    outer loop
      vertex   -3.650000e+01 2.150000e+01 2.218000e+02
      vertex   -2.850000e+01 -2.150000e+01 2.218000e+02
      vertex   -2.850000e+01 2.150000e+01 2.218000e+02
    endloop
  endfacet
  facet normal 0.000000e+00 0.000000e+00 1.000000e+00
    outer loop
      vertex   2.850000e+01 -2.150000e+01 2.218000e+02
      vertex   3.650000e+01 -2.150000e+01 2.218000e+02
      vertex   2.850000e+01 2.150000e+01 2.218000e+02
    endloop
  endfacet
  facet normal -0.000000e+00 0.000000e+00 1.000000e+00
    outer loop
      vertex   2.850000e+01 2.150000e+01 2.218000e+02
      vertex   3.650000e+01 -2.150000e+01 2.218000e+02
      vertex   3.650000e+01 2.150000e+01 2.218000e+02
    endloop
  endfacet
  facet normal 1.000000e+00 -0.000000e+00 0.000000e+00
    outer loop
      vertex   3.650000e+01 2.324118e+01 2.259659e+02
      vertex   3.650000e+01 2.300000e+01 2.258660e+02
      vertex   3.650000e+01 2.350000e+01 2.260000e+02
    endloop
  endfacet
  facet normal 1.000000e+00 -0.000000e+00 0.000000e+00
    outer loop
      vertex   3.650000e+01 2.350000e+01 2.260000e+02
      vertex   3.650000e+01 2.300000e+01 2.258660e+02
      vertex   3.650000e+01 3.250000e+01 2.260000e+02
    endloop
  endfacet
  facet normal 1.000000e+00 0.000000e+00 0.000000e+00
    outer loop
      vertex   3.650000e+01 3.250000e+01 2.260000e+02
      vertex   3.650000e+01 2.300000e+01 2.258660e+02
      vertex   3.650000e+01 2.279289e+01 2.257071e+02
    endloop
  endfacet
  facet normal 1.000000e+00 0.000000e+00 0.000000e+00
    outer loop
      vertex   3.650000e+01 3.250000e+01 2.260000e+02
      vertex   3.650000e+01 2.279289e+01 2.257071e+02
      vertex   3.650000e+01 2.263397e+01 2.255000e+02
    endloop
  endfacet
  facet normal 1.000000e+00 -0.000000e+00 0.000000e+00
    outer loop
      vertex   3.650000e+01 2.263397e+01 2.255000e+02
      vertex   3.650000e+01 2.253407e+01 2.252588e+02
      vertex   3.650000e+01 3.250000e+01 2.260000e+02
    endloop
  endfacet
  facet normal 1.000000e+00 0.000000e+00 0.000000e+00
    outer loop
      vertex   3.650000e+01 3.250000e+01 2.260000e+02
      vertex   3.650000e+01 2.253407e+01 2.252588e+02
      vertex   3.650000e+01 2.250000e+01 2.250000e+02
    endloop
  endfacet
  facet normal 1.000000e+00 0.000000e+00 0.000000e+00
    outer loop
      vertex   3.650000e+01 3.250000e+01 2.260000e+02
      vertex   3.650000e+01 2.250000e+01 2.250000e+02
      vertex   3.650000e+01 3.250000e+01 2.230000e+02
    endloop
  endfacet
  facet normal 1.000000e+00 0.000000e+00 0.000000e+00
    outer loop
      vertex   3.650000e+01 3.250000e+01 2.230000e+02
      vertex   3.650000e+01 2.250000e+01 2.250000e+02
      vertex   3.650000e+01 2.650000e+01 2.230000e+02
    endloop
  endfacet
  facet normal 1.000000e+00 0.000000e+00 0.000000e+00
    outer loop
      vertex   3.650000e+01 2.650000e+01 2.230000e+02
      vertex   3.650000e+01 2.250000e+01 2.250000e+02
      vertex   3.650000e+01 2.250000e+01 2.228000e+02
    endloop
  endfacet
  facet normal 1.000000e+00 0.000000e+00 0.000000e+00
    outer loop
      vertex   3.650000e+01 2.650000e+01 2.230000e+02
      vertex   3.650000e+01 2.250000e+01 2.228000e+02
      vertex   3.650000e+01 2.246593e+01 2.225412e+02
    endloop
  endfacet
  facet normal 1.000000e+00 -0.000000e+00 0.000000e+00
    outer loop
      vertex   3.650000e+01 2.246593e+01 2.225412e+02
      vertex   3.650000e+01 2.236603e+01 2.223000e+02
      vertex   3.650000e+01 2.650000e+01 2.230000e+02
    endloop
  endfacet
  facet normal 1.000000e+00 0.000000e+00 0.000000e+00
    outer loop
      vertex   3.650000e+01 2.650000e+01 2.230000e+02
      vertex   3.650000e+01 2.236603e+01 2.223000e+02
      vertex   3.650000e+01 2.220711e+01 2.220929e+02
    endloop
  endfacet
  facet normal 1.000000e+00 0.000000e+00 0.000000e+00
    outer loop
      vertex   3.650000e+01 2.650000e+01 2.230000e+02
      vertex   3.650000e+01 2.220711e+01 2.220929e+02
      vertex   3.650000e+01 2.200000e+01 2.219340e+02
    endloop
  endfacet
  facet normal 1.000000e+00 -0.000000e+00 0.000000e+00
    outer loop
      vertex   3.650000e+01 2.200000e+01 2.219340e+02
      vertex   3.650000e+01 2.175882e+01 2.218341e+02
      vertex   3.650000e+01 2.650000e+01 2.230000e+02
    endloop
  endfacet
  facet normal 1.000000e+00 0.000000e+00 0.000000e+00
    outer loop
      vertex   3.650000e+01 2.650000e+01 2.230000e+02
      vertex   3.650000e+01 2.175882e+01 2.218341e+02
      vertex   3.650000e+01 2.650000e+01 2.183000e+02
    endloop
  endfacet
  facet normal 1.000000e+00 0.000000e+00 0.000000e+00
    outer loop
      vertex   3.650000e+01 2.650000e+01 2.183000e+02
      vertex   3.650000e+01 2.175882e+01 2.218341e+02
      vertex   3.650000e+01 2.150000e+01 2.218000e+02
    endloop
  endfacet
  facet normal 1.000000e+00 0.000000e+00 0.000000e+00
    outer loop
      vertex   3.650000e+01 2.650000e+01 2.183000e+02
      vertex   3.650000e+01 2.150000e+01 2.218000e+02
      vertex   3.650000e+01 -2.650000e+01 2.183000e+02
    endloop
  endfacet
  facet normal 1.000000e+00 0.000000e+00 0.000000e+00
    outer loop
      vertex   3.650000e+01 -2.650000e+01 2.183000e+02
      vertex   3.650000e+01 2.150000e+01 2.218000e+02
      vertex   3.650000e+01 -2.150000e+01 2.218000e+02
    endloop
  endfacet
  facet normal 1.000000e+00 0.000000e+00 0.000000e+00
    outer loop
      vertex   3.650000e+01 -2.650000e+01 2.183000e+02
      vertex   3.650000e+01 -2.150000e+01 2.218000e+02
      vertex   3.650000e+01 -2.175882e+01 2.218341e+02
    endloop
  endfacet
  facet normal 1.000000e+00 0.000000e+00 0.000000e+00
    outer loop
      vertex   3.650000e+01 -2.650000e+01 2.183000e+02
      vertex   3.650000e+01 -2.175882e+01 2.218341e+02
      vertex   3.650000e+01 -2.650000e+01 2.230000e+02
    endloop
  endfacet
  facet normal 1.000000e+00 0.000000e+00 0.000000e+00
    outer loop
      vertex   3.650000e+01 -2.650000e+01 2.230000e+02
      vertex   3.650000e+01 -2.175882e+01 2.218341e+02
      vertex   3.650000e+01 -2.200000e+01 2.219340e+02
    endloop
  endfacet
  facet normal 1.000000e+00 0.000000e+00 0.000000e+00
    outer loop
      vertex   3.650000e+01 -2.650000e+01 2.230000e+02
      vertex   3.650000e+01 -2.200000e+01 2.219340e+02
      vertex   3.650000e+01 -2.220711e+01 2.220929e+02
    endloop
  endfacet
  facet normal 1.000000e+00 0.000000e+00 0.000000e+00
    outer loop
      vertex   3.650000e+01 -2.220711e+01 2.220929e+02
      vertex   3.650000e+01 -2.236603e+01 2.223000e+02
      vertex   3.650000e+01 -2.650000e+01 2.230000e+02
    endloop
  endfacet
  facet normal 1.000000e+00 0.000000e+00 0.000000e+00
    outer loop
      vertex   3.650000e+01 -2.650000e+01 2.230000e+02
      vertex   3.650000e+01 -2.236603e+01 2.223000e+02
      vertex   3.650000e+01 -2.246593e+01 2.225412e+02
    endloop
  endfacet
  facet normal 1.000000e+00 0.000000e+00 0.000000e+00
    outer loop
      vertex   3.650000e+01 -2.650000e+01 2.230000e+02
      vertex   3.650000e+01 -2.246593e+01 2.225412e+02
      vertex   3.650000e+01 -2.250000e+01 2.228000e+02
    endloop
  endfacet
  facet normal 1.000000e+00 0.000000e+00 -0.000000e+00
    outer loop
      vertex   3.650000e+01 -2.250000e+01 2.228000e+02
      vertex   3.650000e+01 -2.250000e+01 2.250000e+02
      vertex   3.650000e+01 -2.650000e+01 2.230000e+02
    endloop
  endfacet
  facet normal 1.000000e+00 0.000000e+00 -0.000000e+00
    outer loop
      vertex   3.650000e+01 -2.650000e+01 2.230000e+02
      vertex   3.650000e+01 -2.250000e+01 2.250000e+02
      vertex   3.650000e+01 -3.250000e+01 2.230000e+02
    endloop
  endfacet
  facet normal 1.000000e+00 0.000000e+00 0.000000e+00
    outer loop
      vertex   3.650000e+01 -3.250000e+01 2.230000e+02
      vertex   3.650000e+01 -2.250000e+01 2.250000e+02
      vertex   3.650000e+01 -3.250000e+01 2.260000e+02
    endloop
  endfacet
  facet normal 1.000000e+00 0.000000e+00 0.000000e+00
    outer loop
      vertex   3.650000e+01 -3.250000e+01 2.260000e+02
      vertex   3.650000e+01 -2.250000e+01 2.250000e+02
      vertex   3.650000e+01 -2.253407e+01 2.252588e+02
    endloop
  endfacet
  facet normal 1.000000e+00 0.000000e+00 0.000000e+00
    outer loop
      vertex   3.650000e+01 -3.250000e+01 2.260000e+02
      vertex   3.650000e+01 -2.253407e+01 2.252588e+02
      vertex   3.650000e+01 -2.263397e+01 2.255000e+02
    endloop
  endfacet
  facet normal 1.000000e+00 0.000000e+00 0.000000e+00
    outer loop
      vertex   3.650000e+01 -2.263397e+01 2.255000e+02
      vertex   3.650000e+01 -2.279289e+01 2.257071e+02
      vertex   3.650000e+01 -3.250000e+01 2.260000e+02
    endloop
  endfacet
  facet normal 1.000000e+00 0.000000e+00 0.000000e+00
    outer loop
      vertex   3.650000e+01 -3.250000e+01 2.260000e+02
      vertex   3.650000e+01 -2.279289e+01 2.257071e+02
      vertex   3.650000e+01 -2.300000e+01 2.258660e+02
    endloop
  endfacet
  facet normal 1.000000e+00 -0.000000e+00 0.000000e+00
    outer loop
      vertex   3.650000e+01 -3.250000e+01 2.260000e+02
      vertex   3.650000e+01 -2.300000e+01 2.258660e+02
      vertex   3.650000e+01 -2.350000e+01 2.260000e+02
    endloop
  endfacet
  facet normal 1.000000e+00 0.000000e+00 0.000000e+00
    outer loop
      vertex   3.650000e+01 -2.350000e+01 2.260000e+02
      vertex   3.650000e+01 -2.300000e+01 2.258660e+02
      vertex   3.650000e+01 -2.324118e+01 2.259659e+02
    endloop
  endfacet
  facet normal 0.000000e+00 0.000000e+00 1.000000e+00
    outer loop
      vertex   1.750000e+01 -2.850000e+01 2.218000e+02
      vertex   1.950000e+01 -2.850000e+01 2.218000e+02
      vertex   1.750000e+01 2.850000e+01 2.218000e+02
    endloop
  endfacet
  facet normal -0.000000e+00 0.000000e+00 1.000000e+00
    outer loop
      vertex   1.750000e+01 2.850000e+01 2.218000e+02
      vertex   1.950000e+01 -2.850000e+01 2.218000e+02
      vertex   1.950000e+01 2.850000e+01 2.218000e+02
    endloop
  endfacet
  facet normal 0.000000e+00 0.000000e+00 1.000000e+00
    outer loop
      vertex   8.000000e+00 -2.850000e+01 2.218000e+02
      vertex   1.000000e+01 -2.850000e+01 2.218000e+02
      vertex   8.000000e+00 2.850000e+01 2.218000e+02
    endloop
  endfacet
  facet normal -0.000000e+00 0.000000e+00 1.000000e+00
    outer loop
      vertex   8.000000e+00 2.850000e+01 2.218000e+02
      vertex   1.000000e+01 -2.850000e+01 2.218000e+02
      vertex   1.000000e+01 2.850000e+01 2.218000e+02
    endloop
  endfacet
  facet normal 0.000000e+00 0.000000e+00 1.000000e+00
    outer loop
      vertex   -2.500000e+00 -2.850000e+01 2.218000e+02
      vertex   -5.000000e-01 -2.850000e+01 2.218000e+02
      vertex   -2.500000e+00 2.850000e+01 2.218000e+02
    endloop
  endfacet
  facet normal -0.000000e+00 0.000000e+00 1.000000e+00
    outer loop
      vertex   -2.500000e+00 2.850000e+01 2.218000e+02
      vertex   -5.000000e-01 -2.850000e+01 2.218000e+02
      vertex   -5.000000e-01 2.850000e+01 2.218000e+02
    endloop
  endfacet
  facet normal 0.000000e+00 0.000000e+00 1.000000e+00
    outer loop
      vertex   -1.200000e+01 -2.850000e+01 2.218000e+02
      vertex   -1.000000e+01 -2.850000e+01 2.218000e+02
      vertex   -1.200000e+01 2.850000e+01 2.218000e+02
    endloop
  endfacet
  facet normal -0.000000e+00 0.000000e+00 1.000000e+00
    outer loop
      vertex   -1.200000e+01 2.850000e+01 2.218000e+02
      vertex   -1.000000e+01 -2.850000e+01 2.218000e+02
      vertex   -1.000000e+01 2.850000e+01 2.218000e+02
    endloop
  endfacet
  facet normal 0.000000e+00 0.000000e+00 1.000000e+00
    outer loop
      vertex   -2.150000e+01 -2.850000e+01 2.218000e+02
      vertex   -1.950000e+01 -2.850000e+01 2.218000e+02
      vertex   -2.150000e+01 2.850000e+01 2.218000e+02
    endloop
  endfacet
  facet normal -0.000000e+00 0.000000e+00 1.000000e+00
    outer loop
      vertex   -2.150000e+01 2.850000e+01 2.218000e+02
      vertex   -1.950000e+01 -2.850000e+01 2.218000e+02
      vertex   -1.950000e+01 2.850000e+01 2.218000e+02
    endloop
  endfacet
  facet normal 1.119645e-01 -9.937122e-01 0.000000e+00
    outer loop
      vertex   3.450000e+01 -2.850000e+01 2.230000e+02
      vertex   3.450000e+01 -2.850000e+01 2.183000e+02
      vertex   3.494504e+01 -2.844986e+01 2.230000e+02
    endloop
  endfacet
  facet normal 1.119645e-01 -9.937122e-01 0.000000e+00
    outer loop
      vertex   3.494504e+01 -2.844986e+01 2.230000e+02
      vertex   3.450000e+01 -2.850000e+01 2.183000e+02
      vertex   3.494504e+01 -2.844986e+01 2.183000e+02
    endloop
  endfacet
  facet normal 3.302791e-01 -9.438833e-01 0.000000e+00
    outer loop
      vertex   3.494504e+01 -2.844986e+01 2.230000e+02
      vertex   3.494504e+01 -2.844986e+01 2.183000e+02
      vertex   3.536777e+01 -2.830194e+01 2.230000e+02
    endloop
  endfacet
  facet normal 3.302791e-01 -9.438833e-01 0.000000e+00
    outer loop
      vertex   3.536777e+01 -2.830194e+01 2.230000e+02
      vertex   3.494504e+01 -2.844986e+01 2.183000e+02
      vertex   3.536777e+01 -2.830194e+01 2.183000e+02
    endloop
  endfacet
  facet normal 5.320321e-01 -8.467242e-01 0.000000e+00
    outer loop
      vertex   3.536777e+01 -2.830194e+01 2.230000e+02
      vertex   3.536777e+01 -2.830194e+01 2.183000e+02
      vertex   3.574698e+01 -2.806366e+01 2.230000e+02
    endloop
  endfacet
  facet normal 5.320321e-01 -8.467242e-01 0.000000e+00
    outer loop
      vertex   3.574698e+01 -2.806366e+01 2.230000e+02
      vertex   3.536777e+01 -2.830194e+01 2.183000e+02
      vertex   3.574698e+01 -2.806366e+01 2.183000e+02
    endloop
  endfacet
  facet normal 7.071068e-01 -7.071068e-01 0.000000e+00
    outer loop
      vertex   3.574698e+01 -2.806366e+01 2.230000e+02
      vertex   3.574698e+01 -2.806366e+01 2.183000e+02
      vertex   3.606366e+01 -2.774698e+01 2.230000e+02
    endloop
  endfacet
  facet normal 7.071068e-01 -7.071068e-01 0.000000e+00
    outer loop
      vertex   3.606366e+01 -2.774698e+01 2.230000e+02
      vertex   3.574698e+01 -2.806366e+01 2.183000e+02
      vertex   3.606366e+01 -2.774698e+01 2.183000e+02
    endloop
  endfacet
  facet normal 8.467242e-01 -5.320321e-01 0.000000e+00
    outer loop
      vertex   3.606366e+01 -2.774698e+01 2.230000e+02
      vertex   3.606366e+01 -2.774698e+01 2.183000e+02
      vertex   3.630194e+01 -2.736777e+01 2.230000e+02
    endloop
  endfacet
  facet normal 8.467242e-01 -5.320321e-01 0.000000e+00
    outer loop
      vertex   3.630194e+01 -2.736777e+01 2.230000e+02
      vertex   3.606366e+01 -2.774698e+01 2.183000e+02
      vertex   3.630194e+01 -2.736777e+01 2.183000e+02
    endloop
  endfacet
  facet normal 9.438833e-01 -3.302791e-01 0.000000e+00
    outer loop
      vertex   3.630194e+01 -2.736777e+01 2.230000e+02
      vertex   3.630194e+01 -2.736777e+01 2.183000e+02
      vertex   3.644986e+01 -2.694504e+01 2.230000e+02
    endloop
  endfacet
  facet normal 9.438833e-01 -3.302791e-01 0.000000e+00
    outer loop
      vertex   3.644986e+01 -2.694504e+01 2.230000e+02
      vertex   3.630194e+01 -2.736777e+01 2.183000e+02
      vertex   3.644986e+01 -2.694504e+01 2.183000e+02
    endloop
  endfacet
  facet normal 9.937122e-01 -1.119645e-01 0.000000e+00
    outer loop
      vertex   3.644986e+01 -2.694504e+01 2.230000e+02
      vertex   3.644986e+01 -2.694504e+01 2.183000e+02
      vertex   3.650000e+01 -2.650000e+01 2.230000e+02
    endloop
  endfacet
  facet normal 9.937122e-01 -1.119645e-01 0.000000e+00
    outer loop
      vertex   3.650000e+01 -2.650000e+01 2.230000e+02
      vertex   3.644986e+01 -2.694504e+01 2.183000e+02
      vertex   3.650000e+01 -2.650000e+01 2.183000e+02
    endloop
  endfacet
  facet normal 0.000000e+00 0.000000e+00 -1.000000e+00
    outer loop
      vertex   3.650000e+01 -2.650000e+01 2.183000e+02
      vertex   2.850000e+01 -2.650000e+01 2.183000e+02
      vertex   3.650000e+01 2.650000e+01 2.183000e+02
    endloop
  endfacet
  facet normal -0.000000e+00 0.000000e+00 -1.000000e+00
    outer loop
      vertex   3.650000e+01 2.650000e+01 2.183000e+02
      vertex   2.850000e+01 -2.650000e+01 2.183000e+02
      vertex   2.850000e+01 2.650000e+01 2.183000e+02
    endloop
  endfacet
  facet normal 0.000000e+00 0.000000e+00 -1.000000e+00
    outer loop
      vertex   3.650000e+01 2.650000e+01 2.183000e+02
      vertex   2.850000e+01 2.650000e+01 2.183000e+02
      vertex   3.250000e+01 2.850000e+01 2.183000e+02
    endloop
  endfacet
  facet normal -0.000000e+00 0.000000e+00 -1.000000e+00
    outer loop
      vertex   3.250000e+01 2.850000e+01 2.183000e+02
      vertex   2.850000e+01 2.650000e+01 2.183000e+02
      vertex   3.180541e+01 2.856077e+01 2.183000e+02
    endloop
  endfacet
  facet normal -0.000000e+00 0.000000e+00 -1.000000e+00
    outer loop
      vertex   3.180541e+01 2.856077e+01 2.183000e+02
      vertex   2.850000e+01 2.650000e+01 2.183000e+02
      vertex   3.113192e+01 2.874123e+01 2.183000e+02
    endloop
  endfacet
  facet normal 0.000000e+00 0.000000e+00 -1.000000e+00
    outer loop
      vertex   3.113192e+01 2.874123e+01 2.183000e+02
      vertex   2.850000e+01 2.650000e+01 2.183000e+02
      vertex   2.844986e+01 2.694504e+01 2.183000e+02
    endloop
  endfacet
  facet normal -0.000000e+00 0.000000e+00 -1.000000e+00
    outer loop
      vertex   3.113192e+01 2.874123e+01 2.183000e+02
      vertex   2.844986e+01 2.694504e+01 2.183000e+02
      vertex   3.050000e+01 2.903590e+01 2.183000e+02
    endloop
  endfacet
  facet normal 0.000000e+00 0.000000e+00 -1.000000e+00
    outer loop
      vertex   3.050000e+01 2.903590e+01 2.183000e+02
      vertex   2.844986e+01 2.694504e+01 2.183000e+02
      vertex   2.830194e+01 2.736777e+01 2.183000e+02
    endloop
  endfacet
  facet normal -0.000000e+00 0.000000e+00 -1.000000e+00
    outer loop
      vertex   3.050000e+01 2.903590e+01 2.183000e+02
      vertex   2.830194e+01 2.736777e+01 2.183000e+02
      vertex   2.992885e+01 2.943582e+01 2.183000e+02
    endloop
  endfacet
  facet normal 0.000000e+00 0.000000e+00 -1.000000e+00
    outer loop
      vertex   2.992885e+01 2.943582e+01 2.183000e+02
      vertex   2.830194e+01 2.736777e+01 2.183000e+02
      vertex   2.806366e+01 2.774698e+01 2.183000e+02
    endloop
  endfacet
  facet normal 0.000000e+00 0.000000e+00 -1.000000e+00
    outer loop
      vertex   2.992885e+01 2.943582e+01 2.183000e+02
      vertex   2.806366e+01 2.774698e+01 2.183000e+02
      vertex   2.774698e+01 2.806366e+01 2.183000e+02
    endloop
  endfacet
  facet normal -0.000000e+00 0.000000e+00 -1.000000e+00
    outer loop
      vertex   3.644986e+01 -2.694504e+01 2.183000e+02
      vertex   3.630194e+01 -2.736777e+01 2.183000e+02
      vertex   3.650000e+01 -2.650000e+01 2.183000e+02
    endloop
  endfacet
  facet normal 0.000000e+00 0.000000e+00 -1.000000e+00
    outer loop
      vertex   3.650000e+01 -2.650000e+01 2.183000e+02
      vertex   3.630194e+01 -2.736777e+01 2.183000e+02
      vertex   3.606366e+01 -2.774698e+01 2.183000e+02
    endloop
  endfacet
  facet normal 0.000000e+00 0.000000e+00 -1.000000e+00
    outer loop
      vertex   3.650000e+01 -2.650000e+01 2.183000e+02
      vertex   3.606366e+01 -2.774698e+01 2.183000e+02
      vertex   3.574698e+01 -2.806366e+01 2.183000e+02
    endloop
  endfacet
  facet normal -0.000000e+00 0.000000e+00 -1.000000e+00
    outer loop
      vertex   3.574698e+01 -2.806366e+01 2.183000e+02
      vertex   3.536777e+01 -2.830194e+01 2.183000e+02
      vertex   3.650000e+01 -2.650000e+01 2.183000e+02
    endloop
  endfacet
  facet normal 0.000000e+00 0.000000e+00 -1.000000e+00
    outer loop
      vertex   3.650000e+01 -2.650000e+01 2.183000e+02
      vertex   3.536777e+01 -2.830194e+01 2.183000e+02
      vertex   3.494504e+01 -2.844986e+01 2.183000e+02
    endloop
  endfacet
  facet normal 0.000000e+00 0.000000e+00 -1.000000e+00
    outer loop
      vertex   3.650000e+01 -2.650000e+01 2.183000e+02
      vertex   3.494504e+01 -2.844986e+01 2.183000e+02
      vertex   3.450000e+01 -2.850000e+01 2.183000e+02
    endloop
  endfacet
  facet normal 0.000000e+00 0.000000e+00 -1.000000e+00
    outer loop
      vertex   3.450000e+01 -2.850000e+01 2.183000e+02
      vertex   3.250000e+01 -2.850000e+01 2.183000e+02
      vertex   3.650000e+01 -2.650000e+01 2.183000e+02
    endloop
  endfacet
  facet normal -0.000000e+00 0.000000e+00 -1.000000e+00
    outer loop
      vertex   3.650000e+01 -2.650000e+01 2.183000e+02
      vertex   3.250000e+01 -2.850000e+01 2.183000e+02
      vertex   2.850000e+01 -2.650000e+01 2.183000e+02
    endloop
  endfacet
  facet normal -0.000000e+00 0.000000e+00 -1.000000e+00
    outer loop
      vertex   3.250000e+01 -2.850000e+01 2.183000e+02
      vertex   3.180541e+01 -2.856077e+01 2.183000e+02
      vertex   2.850000e+01 -2.650000e+01 2.183000e+02
    endloop
  endfacet
  facet normal 0.000000e+00 0.000000e+00 -1.000000e+00
    outer loop
      vertex   2.850000e+01 -2.650000e+01 2.183000e+02
      vertex   3.180541e+01 -2.856077e+01 2.183000e+02
      vertex   3.113192e+01 -2.874123e+01 2.183000e+02
    endloop
  endfacet
  facet normal 0.000000e+00 -0.000000e+00 -1.000000e+00
    outer loop
      vertex   2.850000e+01 -2.650000e+01 2.183000e+02
      vertex   3.113192e+01 -2.874123e+01 2.183000e+02
      vertex   2.844986e+01 -2.694504e+01 2.183000e+02
    endloop
  endfacet
  facet normal 0.000000e+00 0.000000e+00 -1.000000e+00
    outer loop
      vertex   2.844986e+01 -2.694504e+01 2.183000e+02
      vertex   3.113192e+01 -2.874123e+01 2.183000e+02
      vertex   3.050000e+01 -2.903590e+01 2.183000e+02
    endloop
  endfacet
  facet normal 0.000000e+00 -0.000000e+00 -1.000000e+00
    outer loop
      vertex   2.844986e+01 -2.694504e+01 2.183000e+02
      vertex   3.050000e+01 -2.903590e+01 2.183000e+02
      vertex   2.830194e+01 -2.736777e+01 2.183000e+02
    endloop
  endfacet
  facet normal 0.000000e+00 0.000000e+00 -1.000000e+00
    outer loop
      vertex   2.830194e+01 -2.736777e+01 2.183000e+02
      vertex   3.050000e+01 -2.903590e+01 2.183000e+02
      vertex   2.992885e+01 -2.943582e+01 2.183000e+02
    endloop
  endfacet
  facet normal 0.000000e+00 -0.000000e+00 -1.000000e+00
    outer loop
      vertex   2.830194e+01 -2.736777e+01 2.183000e+02
      vertex   2.992885e+01 -2.943582e+01 2.183000e+02
      vertex   2.806366e+01 -2.774698e+01 2.183000e+02
    endloop
  endfacet
  facet normal 0.000000e+00 -0.000000e+00 -1.000000e+00
    outer loop
      vertex   2.806366e+01 -2.774698e+01 2.183000e+02
      vertex   2.992885e+01 -2.943582e+01 2.183000e+02
      vertex   2.774698e+01 -2.806366e+01 2.183000e+02
    endloop
  endfacet
  facet normal 0.000000e+00 0.000000e+00 -1.000000e+00
    outer loop
      vertex   2.774698e+01 -2.806366e+01 2.183000e+02
      vertex   2.992885e+01 -2.943582e+01 2.183000e+02
      vertex   2.943582e+01 -2.992885e+01 2.183000e+02
    endloop
  endfacet
  facet normal 0.000000e+00 -0.000000e+00 -1.000000e+00
    outer loop
      vertex   2.774698e+01 -2.806366e+01 2.183000e+02
      vertex   2.943582e+01 -2.992885e+01 2.183000e+02
      vertex   2.736777e+01 -2.830194e+01 2.183000e+02
    endloop
  endfacet
  facet normal 0.000000e+00 0.000000e+00 -1.000000e+00
    outer loop
      vertex   2.736777e+01 -2.830194e+01 2.183000e+02
      vertex   2.943582e+01 -2.992885e+01 2.183000e+02
      vertex   2.903590e+01 -3.050000e+01 2.183000e+02
    endloop
  endfacet
  facet normal 0.000000e+00 -0.000000e+00 -1.000000e+00
    outer loop
      vertex   2.736777e+01 -2.830194e+01 2.183000e+02
      vertex   2.903590e+01 -3.050000e+01 2.183000e+02
      vertex   2.694504e+01 -2.844986e+01 2.183000e+02
    endloop
  endfacet
  facet normal 0.000000e+00 0.000000e+00 -1.000000e+00
    outer loop
      vertex   2.694504e+01 -2.844986e+01 2.183000e+02
      vertex   2.903590e+01 -3.050000e+01 2.183000e+02
      vertex   2.874123e+01 -3.113192e+01 2.183000e+02
    endloop
  endfacet
  facet normal 0.000000e+00 -0.000000e+00 -1.000000e+00
    outer loop
      vertex   2.694504e+01 -2.844986e+01 2.183000e+02
      vertex   2.874123e+01 -3.113192e+01 2.183000e+02
      vertex   2.650000e+01 -2.850000e+01 2.183000e+02
    endloop
  endfacet
  facet normal 0.000000e+00 0.000000e+00 -1.000000e+00
    outer loop
      vertex   2.650000e+01 -2.850000e+01 2.183000e+02
      vertex   2.874123e+01 -3.113192e+01 2.183000e+02
      vertex   2.856077e+01 -3.180541e+01 2.183000e+02
    endloop
  endfacet
  facet normal 0.000000e+00 0.000000e+00 -1.000000e+00
    outer loop
      vertex   2.650000e+01 -2.850000e+01 2.183000e+02
      vertex   2.856077e+01 -3.180541e+01 2.183000e+02
      vertex   2.850000e+01 -3.250000e+01 2.183000e+02
    endloop
  endfacet
  facet normal -0.000000e+00 0.000000e+00 -1.000000e+00
    outer loop
      vertex   2.850000e+01 -3.450000e+01 2.183000e+02
      vertex   2.650000e+01 -3.650000e+01 2.183000e+02
      vertex   2.850000e+01 -3.250000e+01 2.183000e+02
    endloop
  endfacet
  facet normal -0.000000e+00 0.000000e+00 -1.000000e+00
    outer loop
      vertex   2.850000e+01 -3.250000e+01 2.183000e+02
      vertex   2.650000e+01 -3.650000e+01 2.183000e+02
      vertex   2.100000e+01 -2.850000e+01 2.183000e+02
    endloop
  endfacet
  facet normal 0.000000e+00 0.000000e+00 -1.000000e+00
    outer loop
      vertex   2.850000e+01 -3.250000e+01 2.183000e+02
      vertex   2.100000e+01 -2.850000e+01 2.183000e+02
      vertex   2.650000e+01 -2.850000e+01 2.183000e+02
    endloop
  endfacet
  facet normal -0.000000e+00 0.000000e+00 -1.000000e+00
    outer loop
      vertex   2.844986e+01 -3.494504e+01 2.183000e+02
      vertex   2.830194e+01 -3.536777e+01 2.183000e+02
      vertex   2.850000e+01 -3.450000e+01 2.183000e+02
    endloop
  endfacet
  facet normal 0.000000e+00 0.000000e+00 -1.000000e+00
    outer loop
      vertex   2.850000e+01 -3.450000e+01 2.183000e+02
      vertex   2.830194e+01 -3.536777e+01 2.183000e+02
      vertex   2.806366e+01 -3.574698e+01 2.183000e+02
    endloop
  endfacet
  facet normal 0.000000e+00 0.000000e+00 -1.000000e+00
    outer loop
      vertex   2.850000e+01 -3.450000e+01 2.183000e+02
      vertex   2.806366e+01 -3.574698e+01 2.183000e+02
      vertex   2.774698e+01 -3.606366e+01 2.183000e+02
    endloop
  endfacet
  facet normal -0.000000e+00 0.000000e+00 -1.000000e+00
    outer loop
      vertex   2.774698e+01 -3.606366e+01 2.183000e+02
      vertex   2.736777e+01 -3.630194e+01 2.183000e+02
      vertex   2.850000e+01 -3.450000e+01 2.183000e+02
    endloop
  endfacet
  facet normal 0.000000e+00 0.000000e+00 -1.000000e+00
    outer loop
      vertex   2.850000e+01 -3.450000e+01 2.183000e+02
      vertex   2.736777e+01 -3.630194e+01 2.183000e+02
      vertex   2.694504e+01 -3.644986e+01 2.183000e+02
    endloop
  endfacet
  facet normal 0.000000e+00 0.000000e+00 -1.000000e+00
    outer loop
      vertex   2.850000e+01 -3.450000e+01 2.183000e+02
      vertex   2.694504e+01 -3.644986e+01 2.183000e+02
      vertex   2.650000e+01 -3.650000e+01 2.183000e+02
    endloop
  endfacet
  facet normal 0.000000e+00 0.000000e+00 -1.000000e+00
    outer loop
      vertex   -2.650000e+01 -3.650000e+01 2.183000e+02
      vertex   1.000000e+00 -2.850000e+01 2.183000e+02
      vertex   2.650000e+01 -3.650000e+01 2.183000e+02
    endloop
  endfacet
  facet normal 0.000000e+00 0.000000e+00 -1.000000e+00
    outer loop
      vertex   2.650000e+01 -3.650000e+01 2.183000e+02
      vertex   1.000000e+00 -2.850000e+01 2.183000e+02
      vertex   6.500000e+00 -2.850000e+01 2.183000e+02
    endloop
  endfacet
  facet normal 0.000000e+00 0.000000e+00 -1.000000e+00
    outer loop
      vertex   2.650000e+01 -3.650000e+01 2.183000e+02
      vertex   6.500000e+00 -2.850000e+01 2.183000e+02
      vertex   1.150000e+01 -2.850000e+01 2.183000e+02
    endloop
  endfacet
  facet normal 0.000000e+00 0.000000e+00 -1.000000e+00
    outer loop
      vertex   1.150000e+01 -2.850000e+01 2.183000e+02
      vertex   6.500000e+00 -2.850000e+01 2.183000e+02
      vertex   1.124118e+01 -2.846593e+01 2.183000e+02
    endloop
  endfacet
  facet normal 0.000000e+00 0.000000e+00 -1.000000e+00
    outer loop
      vertex   1.124118e+01 -2.846593e+01 2.183000e+02
      vertex   6.500000e+00 -2.850000e+01 2.183000e+02
      vertex   6.758819e+00 -2.846593e+01 2.183000e+02
    endloop
  endfacet
  facet normal -0.000000e+00 0.000000e+00 -1.000000e+00
    outer loop
      vertex   1.124118e+01 -2.846593e+01 2.183000e+02
      vertex   6.758819e+00 -2.846593e+01 2.183000e+02
      vertex   1.100000e+01 -2.836603e+01 2.183000e+02
    endloop
  endfacet
  facet normal 0.000000e+00 0.000000e+00 -1.000000e+00
    outer loop
      vertex   1.100000e+01 -2.836603e+01 2.183000e+02
      vertex   6.758819e+00 -2.846593e+01 2.183000e+02
      vertex   7.000000e+00 -2.836603e+01 2.183000e+02
    endloop
  endfacet
  facet normal -0.000000e+00 0.000000e+00 -1.000000e+00
    outer loop
      vertex   1.100000e+01 -2.836603e+01 2.183000e+02
      vertex   7.000000e+00 -2.836603e+01 2.183000e+02
      vertex   1.079289e+01 -2.820711e+01 2.183000e+02
    endloop
  endfacet
  facet normal 0.000000e+00 0.000000e+00 -1.000000e+00
    outer loop
      vertex   1.079289e+01 -2.820711e+01 2.183000e+02
      vertex   7.000000e+00 -2.836603e+01 2.183000e+02
      vertex   7.207107e+00 -2.820711e+01 2.183000e+02
    endloop
  endfacet
  facet normal -0.000000e+00 0.000000e+00 -1.000000e+00
    outer loop
      vertex   1.079289e+01 -2.820711e+01 2.183000e+02
      vertex   7.207107e+00 -2.820711e+01 2.183000e+02
      vertex   1.063397e+01 -2.800000e+01 2.183000e+02
    endloop
  endfacet
  facet normal 0.000000e+00 0.000000e+00 -1.000000e+00
    outer loop
      vertex   1.063397e+01 -2.800000e+01 2.183000e+02
      vertex   7.207107e+00 -2.820711e+01 2.183000e+02
      vertex   7.366025e+00 -2.800000e+01 2.183000e+02
    endloop
  endfacet
  facet normal -0.000000e+00 0.000000e+00 -1.000000e+00
    outer loop
      vertex   1.063397e+01 -2.800000e+01 2.183000e+02
      vertex   7.366025e+00 -2.800000e+01 2.183000e+02
      vertex   1.053407e+01 -2.775882e+01 2.183000e+02
    endloop
  endfacet
  facet normal 0.000000e+00 0.000000e+00 -1.000000e+00
    outer loop
      vertex   1.053407e+01 -2.775882e+01 2.183000e+02
      vertex   7.366025e+00 -2.800000e+01 2.183000e+02
      vertex   7.465926e+00 -2.775882e+01 2.183000e+02
    endloop
  endfacet
  facet normal -0.000000e+00 0.000000e+00 -1.000000e+00
    outer loop
      vertex   1.053407e+01 -2.775882e+01 2.183000e+02
      vertex   7.465926e+00 -2.775882e+01 2.183000e+02
      vertex   1.050000e+01 -2.750000e+01 2.183000e+02
    endloop
  endfacet
  facet normal -0.000000e+00 0.000000e+00 -1.000000e+00
    outer loop
      vertex   1.050000e+01 -2.750000e+01 2.183000e+02
      vertex   7.465926e+00 -2.775882e+01 2.183000e+02
      vertex   7.500000e+00 -2.750000e+01 2.183000e+02
    endloop
  endfacet
  facet normal 0.000000e+00 0.000000e+00 -1.000000e+00
    outer loop
      vertex   1.050000e+01 -2.750000e+01 2.183000e+02
      vertex   7.500000e+00 -2.750000e+01 2.183000e+02
      vertex   1.050000e+01 2.750000e+01 2.183000e+02
    endloop
  endfacet
  facet normal -0.000000e+00 0.000000e+00 -1.000000e+00
    outer loop
      vertex   1.050000e+01 2.750000e+01 2.183000e+02
      vertex   7.500000e+00 -2.750000e+01 2.183000e+02
      vertex   7.500000e+00 2.750000e+01 2.183000e+02
    endloop
  endfacet
  facet normal 0.000000e+00 0.000000e+00 -1.000000e+00
    outer loop
      vertex   1.050000e+01 2.750000e+01 2.183000e+02
      vertex   7.500000e+00 2.750000e+01 2.183000e+02
      vertex   1.053407e+01 2.775882e+01 2.183000e+02
    endloop
  endfacet
  facet normal -0.000000e+00 0.000000e+00 -1.000000e+00
    outer loop
      vertex   1.053407e+01 2.775882e+01 2.183000e+02
      vertex   7.500000e+00 2.750000e+01 2.183000e+02
      vertex   7.465926e+00 2.775882e+01 2.183000e+02
    endloop
  endfacet
  facet normal 0.000000e+00 0.000000e+00 -1.000000e+00
    outer loop
      vertex   1.053407e+01 2.775882e+01 2.183000e+02
      vertex   7.465926e+00 2.775882e+01 2.183000e+02
      vertex   1.063397e+01 2.800000e+01 2.183000e+02
    endloop
  endfacet
  facet normal -0.000000e+00 0.000000e+00 -1.000000e+00
    outer loop
      vertex   1.063397e+01 2.800000e+01 2.183000e+02
      vertex   7.465926e+00 2.775882e+01 2.183000e+02
      vertex   7.366025e+00 2.800000e+01 2.183000e+02
    endloop
  endfacet
  facet normal 0.000000e+00 0.000000e+00 -1.000000e+00
    outer loop
      vertex   1.063397e+01 2.800000e+01 2.183000e+02
      vertex   7.366025e+00 2.800000e+01 2.183000e+02
      vertex   1.079289e+01 2.820711e+01 2.183000e+02
    endloop
  endfacet
  facet normal -0.000000e+00 0.000000e+00 -1.000000e+00
    outer loop
      vertex   1.079289e+01 2.820711e+01 2.183000e+02
      vertex   7.366025e+00 2.800000e+01 2.183000e+02
      vertex   7.207107e+00 2.820711e+01 2.183000e+02
    endloop
  endfacet
  facet normal 0.000000e+00 0.000000e+00 -1.000000e+00
    outer loop
      vertex   1.079289e+01 2.820711e+01 2.183000e+02
      vertex   7.207107e+00 2.820711e+01 2.183000e+02
      vertex   1.100000e+01 2.836603e+01 2.183000e+02
    endloop
  endfacet
  facet normal -0.000000e+00 0.000000e+00 -1.000000e+00
    outer loop
      vertex   1.100000e+01 2.836603e+01 2.183000e+02
      vertex   7.207107e+00 2.820711e+01 2.183000e+02
      vertex   7.000000e+00 2.836603e+01 2.183000e+02
    endloop
  endfacet
  facet normal 0.000000e+00 0.000000e+00 -1.000000e+00
    outer loop
      vertex   1.100000e+01 2.836603e+01 2.183000e+02
      vertex   7.000000e+00 2.836603e+01 2.183000e+02
      vertex   1.124118e+01 2.846593e+01 2.183000e+02
    endloop
  endfacet
  facet normal -0.000000e+00 0.000000e+00 -1.000000e+00
    outer loop
      vertex   1.124118e+01 2.846593e+01 2.183000e+02
      vertex   7.000000e+00 2.836603e+01 2.183000e+02
      vertex   6.758819e+00 2.846593e+01 2.183000e+02
    endloop
  endfacet
  facet normal 0.000000e+00 0.000000e+00 -1.000000e+00
    outer loop
      vertex   1.124118e+01 2.846593e+01 2.183000e+02
      vertex   6.758819e+00 2.846593e+01 2.183000e+02
      vertex   1.150000e+01 2.850000e+01 2.183000e+02
    endloop
  endfacet
  facet normal -0.000000e+00 0.000000e+00 -1.000000e+00
    outer loop
      vertex   1.150000e+01 2.850000e+01 2.183000e+02
      vertex   6.758819e+00 2.846593e+01 2.183000e+02
      vertex   6.500000e+00 2.850000e+01 2.183000e+02
    endloop
  endfacet
  facet normal 0.000000e+00 0.000000e+00 -1.000000e+00
    outer loop
      vertex   1.150000e+01 2.850000e+01 2.183000e+02
      vertex   6.500000e+00 2.850000e+01 2.183000e+02
      vertex   2.650000e+01 3.650000e+01 2.183000e+02
    endloop
  endfacet
  facet normal 0.000000e+00 0.000000e+00 -1.000000e+00
    outer loop
      vertex   2.650000e+01 3.650000e+01 2.183000e+02
      vertex   6.500000e+00 2.850000e+01 2.183000e+02
      vertex   1.000000e+00 2.850000e+01 2.183000e+02
    endloop
  endfacet
  facet normal -0.000000e+00 0.000000e+00 -1.000000e+00
    outer loop
      vertex   2.650000e+01 3.650000e+01 2.183000e+02
      vertex   1.000000e+00 2.850000e+01 2.183000e+02
      vertex   -2.650000e+01 3.650000e+01 2.183000e+02
    endloop
  endfacet
  facet normal 0.000000e+00 0.000000e+00 -1.000000e+00
    outer loop
      vertex   -2.650000e+01 3.650000e+01 2.183000e+02
      vertex   1.000000e+00 2.850000e+01 2.183000e+02
      vertex   -4.000000e+00 2.850000e+01 2.183000e+02
    endloop
  endfacet
  facet normal 0.000000e+00 0.000000e+00 -1.000000e+00
    outer loop
      vertex   -2.650000e+01 3.650000e+01 2.183000e+02
      vertex   -4.000000e+00 2.850000e+01 2.183000e+02
      vertex   -8.500000e+00 2.850000e+01 2.183000e+02
    endloop
  endfacet
  facet normal 0.000000e+00 0.000000e+00 -1.000000e+00
    outer loop
      vertex   -2.694504e+01 -3.644986e+01 2.183000e+02
      vertex   -2.850000e+01 -3.450000e+01 2.183000e+02
      vertex   -2.650000e+01 -3.650000e+01 2.183000e+02
    endloop
  endfacet
  facet normal 0.000000e+00 0.000000e+00 -1.000000e+00
    outer loop
      vertex   -2.650000e+01 -3.650000e+01 2.183000e+02
      vertex   -2.850000e+01 -3.450000e+01 2.183000e+02
      vertex   -2.850000e+01 -3.250000e+01 2.183000e+02
    endloop
  endfacet
  facet normal 0.000000e+00 0.000000e+00 -1.000000e+00
    outer loop
      vertex   -2.650000e+01 -3.650000e+01 2.183000e+02
      vertex   -2.850000e+01 -3.250000e+01 2.183000e+02
      vertex   -2.300000e+01 -2.850000e+01 2.183000e+02
    endloop
  endfacet
  facet normal 0.000000e+00 0.000000e+00 -1.000000e+00
    outer loop
      vertex   -2.300000e+01 -2.850000e+01 2.183000e+02
      vertex   -2.850000e+01 -3.250000e+01 2.183000e+02
      vertex   -2.856077e+01 -3.180541e+01 2.183000e+02
    endloop
  endfacet
  facet normal -0.000000e+00 0.000000e+00 -1.000000e+00
    outer loop
      vertex   -2.300000e+01 -2.850000e+01 2.183000e+02
      vertex   -2.856077e+01 -3.180541e+01 2.183000e+02
      vertex   -2.650000e+01 -2.850000e+01 2.183000e+02
    endloop
  endfacet
  facet normal 0.000000e+00 0.000000e+00 -1.000000e+00
    outer loop
      vertex   -2.650000e+01 -2.850000e+01 2.183000e+02
      vertex   -2.856077e+01 -3.180541e+01 2.183000e+02
      vertex   -2.874123e+01 -3.113192e+01 2.183000e+02
    endloop
  endfacet
  facet normal -0.000000e+00 0.000000e+00 -1.000000e+00
    outer loop
      vertex   -2.650000e+01 -2.850000e+01 2.183000e+02
      vertex   -2.874123e+01 -3.113192e+01 2.183000e+02
      vertex   -2.694504e+01 -2.844986e+01 2.183000e+02
    endloop
  endfacet
  facet normal 0.000000e+00 0.000000e+00 -1.000000e+00
    outer loop
      vertex   -2.694504e+01 -2.844986e+01 2.183000e+02
      vertex   -2.874123e+01 -3.113192e+01 2.183000e+02
      vertex   -2.903590e+01 -3.050000e+01 2.183000e+02
    endloop
  endfacet
  facet normal -0.000000e+00 0.000000e+00 -1.000000e+00
    outer loop
      vertex   -2.694504e+01 -2.844986e+01 2.183000e+02
      vertex   -2.903590e+01 -3.050000e+01 2.183000e+02
      vertex   -2.736777e+01 -2.830194e+01 2.183000e+02
    endloop
  endfacet
  facet normal 0.000000e+00 0.000000e+00 -1.000000e+00
    outer loop
      vertex   -2.736777e+01 -2.830194e+01 2.183000e+02
      vertex   -2.903590e+01 -3.050000e+01 2.183000e+02
      vertex   -2.943582e+01 -2.992885e+01 2.183000e+02
    endloop
  endfacet
  facet normal -0.000000e+00 0.000000e+00 -1.000000e+00
    outer loop
      vertex   -2.736777e+01 -2.830194e+01 2.183000e+02
      vertex   -2.943582e+01 -2.992885e+01 2.183000e+02
      vertex   -2.774698e+01 -2.806366e+01 2.183000e+02
    endloop
  endfacet
  facet normal 0.000000e+00 0.000000e+00 -1.000000e+00
    outer loop
      vertex   -2.774698e+01 -2.806366e+01 2.183000e+02
      vertex   -2.943582e+01 -2.992885e+01 2.183000e+02
      vertex   -2.992885e+01 -2.943582e+01 2.183000e+02
    endloop
  endfacet
  facet normal -0.000000e+00 0.000000e+00 -1.000000e+00
    outer loop
      vertex   -2.774698e+01 -2.806366e+01 2.183000e+02
      vertex   -2.992885e+01 -2.943582e+01 2.183000e+02
      vertex   -2.806366e+01 -2.774698e+01 2.183000e+02
    endloop
  endfacet
  facet normal -0.000000e+00 0.000000e+00 -1.000000e+00
    outer loop
      vertex   -2.806366e+01 -2.774698e+01 2.183000e+02
      vertex   -2.992885e+01 -2.943582e+01 2.183000e+02
      vertex   -2.830194e+01 -2.736777e+01 2.183000e+02
    endloop
  endfacet
  facet normal 0.000000e+00 0.000000e+00 -1.000000e+00
    outer loop
      vertex   -2.830194e+01 -2.736777e+01 2.183000e+02
      vertex   -2.992885e+01 -2.943582e+01 2.183000e+02
      vertex   -3.050000e+01 -2.903590e+01 2.183000e+02
    endloop
  endfacet
  facet normal -0.000000e+00 0.000000e+00 -1.000000e+00
    outer loop
      vertex   -2.830194e+01 -2.736777e+01 2.183000e+02
      vertex   -3.050000e+01 -2.903590e+01 2.183000e+02
      vertex   -2.844986e+01 -2.694504e+01 2.183000e+02
    endloop
  endfacet
  facet normal 0.000000e+00 0.000000e+00 -1.000000e+00
    outer loop
      vertex   -2.844986e+01 -2.694504e+01 2.183000e+02
      vertex   -3.050000e+01 -2.903590e+01 2.183000e+02
      vertex   -3.113192e+01 -2.874123e+01 2.183000e+02
    endloop
  endfacet
  facet normal -0.000000e+00 0.000000e+00 -1.000000e+00
    outer loop
      vertex   -2.844986e+01 -2.694504e+01 2.183000e+02
      vertex   -3.113192e+01 -2.874123e+01 2.183000e+02
      vertex   -2.850000e+01 -2.650000e+01 2.183000e+02
    endloop
  endfacet
  facet normal 0.000000e+00 0.000000e+00 -1.000000e+00
    outer loop
      vertex   -2.850000e+01 -2.650000e+01 2.183000e+02
      vertex   -3.113192e+01 -2.874123e+01 2.183000e+02
      vertex   -3.180541e+01 -2.856077e+01 2.183000e+02
    endloop
  endfacet
  facet normal 0.000000e+00 0.000000e+00 -1.000000e+00
    outer loop
      vertex   -2.850000e+01 -2.650000e+01 2.183000e+02
      vertex   -3.180541e+01 -2.856077e+01 2.183000e+02
      vertex   -3.250000e+01 -2.850000e+01 2.183000e+02
    endloop
  endfacet
  facet normal 0.000000e+00 0.000000e+00 -1.000000e+00
    outer loop
      vertex   -2.694504e+01 -3.644986e+01 2.183000e+02
      vertex   -2.736777e+01 -3.630194e+01 2.183000e+02
      vertex   -2.850000e+01 -3.450000e+01 2.183000e+02
    endloop
  endfacet
  facet normal 0.000000e+00 0.000000e+00 -1.000000e+00
    outer loop
      vertex   -2.850000e+01 -3.450000e+01 2.183000e+02
      vertex   -2.736777e+01 -3.630194e+01 2.183000e+02
      vertex   -2.774698e+01 -3.606366e+01 2.183000e+02
    endloop
  endfacet
  facet normal 0.000000e+00 0.000000e+00 -1.000000e+00
    outer loop
      vertex   -2.850000e+01 -3.450000e+01 2.183000e+02
      vertex   -2.774698e+01 -3.606366e+01 2.183000e+02
      vertex   -2.806366e+01 -3.574698e+01 2.183000e+02
    endloop
  endfacet
  facet normal 0.000000e+00 0.000000e+00 -1.000000e+00
    outer loop
      vertex   -2.806366e+01 -3.574698e+01 2.183000e+02
      vertex   -2.830194e+01 -3.536777e+01 2.183000e+02
      vertex   -2.850000e+01 -3.450000e+01 2.183000e+02
    endloop
  endfacet
  facet normal 0.000000e+00 0.000000e+00 -1.000000e+00
    outer loop
      vertex   -2.850000e+01 -3.450000e+01 2.183000e+02
      vertex   -2.830194e+01 -3.536777e+01 2.183000e+02
      vertex   -2.844986e+01 -3.494504e+01 2.183000e+02
    endloop
  endfacet
  facet normal -0.000000e+00 0.000000e+00 -1.000000e+00
    outer loop
      vertex   -2.850000e+01 -2.650000e+01 2.183000e+02
      vertex   -3.250000e+01 -2.850000e+01 2.183000e+02
      vertex   -3.650000e+01 -2.650000e+01 2.183000e+02
    endloop
  endfacet
  facet normal 0.000000e+00 0.000000e+00 -1.000000e+00
    outer loop
      vertex   -3.650000e+01 -2.650000e+01 2.183000e+02
      vertex   -3.250000e+01 -2.850000e+01 2.183000e+02
      vertex   -3.450000e+01 -2.850000e+01 2.183000e+02
    endloop
  endfacet
  facet normal 0.000000e+00 0.000000e+00 -1.000000e+00
    outer loop
      vertex   -3.650000e+01 -2.650000e+01 2.183000e+02
      vertex   -3.450000e+01 -2.850000e+01 2.183000e+02
      vertex   -3.494504e+01 -2.844986e+01 2.183000e+02
    endloop
  endfacet
  facet normal 0.000000e+00 0.000000e+00 -1.000000e+00
    outer loop
      vertex   -3.494504e+01 -2.844986e+01 2.183000e+02
      vertex   -3.536777e+01 -2.830194e+01 2.183000e+02
      vertex   -3.650000e+01 -2.650000e+01 2.183000e+02
    endloop
  endfacet
  facet normal 0.000000e+00 0.000000e+00 -1.000000e+00
    outer loop
      vertex   -3.650000e+01 -2.650000e+01 2.183000e+02
      vertex   -3.536777e+01 -2.830194e+01 2.183000e+02
      vertex   -3.574698e+01 -2.806366e+01 2.183000e+02
    endloop
  endfacet
  facet normal 0.000000e+00 0.000000e+00 -1.000000e+00
    outer loop
      vertex   -3.650000e+01 -2.650000e+01 2.183000e+02
      vertex   -3.574698e+01 -2.806366e+01 2.183000e+02
      vertex   -3.606366e+01 -2.774698e+01 2.183000e+02
    endloop
  endfacet
  facet normal 0.000000e+00 0.000000e+00 -1.000000e+00
    outer loop
      vertex   -3.606366e+01 -2.774698e+01 2.183000e+02
      vertex   -3.630194e+01 -2.736777e+01 2.183000e+02
      vertex   -3.650000e+01 -2.650000e+01 2.183000e+02
    endloop
  endfacet
  facet normal 0.000000e+00 0.000000e+00 -1.000000e+00
    outer loop
      vertex   -3.650000e+01 -2.650000e+01 2.183000e+02
      vertex   -3.630194e+01 -2.736777e+01 2.183000e+02
      vertex   -3.644986e+01 -2.694504e+01 2.183000e+02
    endloop
  endfacet
  facet normal 0.000000e+00 0.000000e+00 -1.000000e+00
    outer loop
      vertex   -2.850000e+01 -2.650000e+01 2.183000e+02
      vertex   -3.650000e+01 -2.650000e+01 2.183000e+02
      vertex   -2.850000e+01 2.650000e+01 2.183000e+02
    endloop
  endfacet
  facet normal -0.000000e+00 0.000000e+00 -1.000000e+00
    outer loop
      vertex   -2.850000e+01 2.650000e+01 2.183000e+02
      vertex   -3.650000e+01 -2.650000e+01 2.183000e+02
      vertex   -3.650000e+01 2.650000e+01 2.183000e+02
    endloop
  endfacet
  facet normal 0.000000e+00 0.000000e+00 -1.000000e+00
    outer loop
      vertex   -2.850000e+01 2.650000e+01 2.183000e+02
      vertex   -3.650000e+01 2.650000e+01 2.183000e+02
      vertex   -3.250000e+01 2.850000e+01 2.183000e+02
    endloop
  endfacet
  facet normal -0.000000e+00 0.000000e+00 -1.000000e+00
    outer loop
      vertex   -3.250000e+01 2.850000e+01 2.183000e+02
      vertex   -3.650000e+01 2.650000e+01 2.183000e+02
      vertex   -3.450000e+01 2.850000e+01 2.183000e+02
    endloop
  endfacet
  facet normal 0.000000e+00 0.000000e+00 -1.000000e+00
    outer loop
      vertex   -3.450000e+01 2.850000e+01 2.183000e+02
      vertex   -3.650000e+01 2.650000e+01 2.183000e+02
      vertex   -3.644986e+01 2.694504e+01 2.183000e+02
    endloop
  endfacet
  facet normal 0.000000e+00 0.000000e+00 -1.000000e+00
    outer loop
      vertex   -3.450000e+01 2.850000e+01 2.183000e+02
      vertex   -3.644986e+01 2.694504e+01 2.183000e+02
      vertex   -3.630194e+01 2.736777e+01 2.183000e+02
    endloop
  endfacet
  facet normal 0.000000e+00 0.000000e+00 -1.000000e+00
    outer loop
      vertex   -3.630194e+01 2.736777e+01 2.183000e+02
      vertex   -3.606366e+01 2.774698e+01 2.183000e+02
      vertex   -3.450000e+01 2.850000e+01 2.183000e+02
    endloop
  endfacet
  facet normal 0.000000e+00 0.000000e+00 -1.000000e+00
    outer loop
      vertex   -3.450000e+01 2.850000e+01 2.183000e+02
      vertex   -3.606366e+01 2.774698e+01 2.183000e+02
      vertex   -3.574698e+01 2.806366e+01 2.183000e+02
    endloop
  endfacet
  facet normal 0.000000e+00 0.000000e+00 -1.000000e+00
    outer loop
      vertex   -3.450000e+01 2.850000e+01 2.183000e+02
      vertex   -3.574698e+01 2.806366e+01 2.183000e+02
      vertex   -3.536777e+01 2.830194e+01 2.183000e+02
    endloop
  endfacet
  facet normal 0.000000e+00 0.000000e+00 -1.000000e+00
    outer loop
      vertex   -3.536777e+01 2.830194e+01 2.183000e+02
      vertex   -3.494504e+01 2.844986e+01 2.183000e+02
      vertex   -3.450000e+01 2.850000e+01 2.183000e+02
    endloop
  endfacet
  facet normal 0.000000e+00 0.000000e+00 -1.000000e+00
    outer loop
      vertex   -3.250000e+01 2.850000e+01 2.183000e+02
      vertex   -3.180541e+01 2.856077e+01 2.183000e+02
      vertex   -2.850000e+01 2.650000e+01 2.183000e+02
    endloop
  endfacet
  facet normal 0.000000e+00 0.000000e+00 -1.000000e+00
    outer loop
      vertex   -2.850000e+01 2.650000e+01 2.183000e+02
      vertex   -3.180541e+01 2.856077e+01 2.183000e+02
      vertex   -3.113192e+01 2.874123e+01 2.183000e+02
    endloop
  endfacet
  facet normal 0.000000e+00 0.000000e+00 -1.000000e+00
    outer loop
      vertex   -2.850000e+01 2.650000e+01 2.183000e+02
      vertex   -3.113192e+01 2.874123e+01 2.183000e+02
      vertex   -2.844986e+01 2.694504e+01 2.183000e+02
    endloop
  endfacet
  facet normal 0.000000e+00 0.000000e+00 -1.000000e+00
    outer loop
      vertex   -2.844986e+01 2.694504e+01 2.183000e+02
      vertex   -3.113192e+01 2.874123e+01 2.183000e+02
      vertex   -3.050000e+01 2.903590e+01 2.183000e+02
    endloop
  endfacet
  facet normal 0.000000e+00 0.000000e+00 -1.000000e+00
    outer loop
      vertex   -2.844986e+01 2.694504e+01 2.183000e+02
      vertex   -3.050000e+01 2.903590e+01 2.183000e+02
      vertex   -2.830194e+01 2.736777e+01 2.183000e+02
    endloop
  endfacet
  facet normal 0.000000e+00 0.000000e+00 -1.000000e+00
    outer loop
      vertex   -2.830194e+01 2.736777e+01 2.183000e+02
      vertex   -3.050000e+01 2.903590e+01 2.183000e+02
      vertex   -2.992885e+01 2.943582e+01 2.183000e+02
    endloop
  endfacet
  facet normal 0.000000e+00 0.000000e+00 -1.000000e+00
    outer loop
      vertex   -2.830194e+01 2.736777e+01 2.183000e+02
      vertex   -2.992885e+01 2.943582e+01 2.183000e+02
      vertex   -2.806366e+01 2.774698e+01 2.183000e+02
    endloop
  endfacet
  facet normal 0.000000e+00 0.000000e+00 -1.000000e+00
    outer loop
      vertex   -2.806366e+01 2.774698e+01 2.183000e+02
      vertex   -2.992885e+01 2.943582e+01 2.183000e+02
      vertex   -2.774698e+01 2.806366e+01 2.183000e+02
    endloop
  endfacet
  facet normal 0.000000e+00 0.000000e+00 -1.000000e+00
    outer loop
      vertex   -2.774698e+01 2.806366e+01 2.183000e+02
      vertex   -2.992885e+01 2.943582e+01 2.183000e+02
      vertex   -2.943582e+01 2.992885e+01 2.183000e+02
    endloop
  endfacet
  facet normal 0.000000e+00 0.000000e+00 -1.000000e+00
    outer loop
      vertex   -2.774698e+01 2.806366e+01 2.183000e+02
      vertex   -2.943582e+01 2.992885e+01 2.183000e+02
      vertex   -2.736777e+01 2.830194e+01 2.183000e+02
    endloop
  endfacet
  facet normal 0.000000e+00 0.000000e+00 -1.000000e+00
    outer loop
      vertex   -2.736777e+01 2.830194e+01 2.183000e+02
      vertex   -2.943582e+01 2.992885e+01 2.183000e+02
      vertex   -2.903590e+01 3.050000e+01 2.183000e+02
    endloop
  endfacet
  facet normal 0.000000e+00 0.000000e+00 -1.000000e+00
    outer loop
      vertex   -2.736777e+01 2.830194e+01 2.183000e+02
      vertex   -2.903590e+01 3.050000e+01 2.183000e+02
      vertex   -2.694504e+01 2.844986e+01 2.183000e+02
    endloop
  endfacet
  facet normal 0.000000e+00 0.000000e+00 -1.000000e+00
    outer loop
      vertex   -2.694504e+01 2.844986e+01 2.183000e+02
      vertex   -2.903590e+01 3.050000e+01 2.183000e+02
      vertex   -2.874123e+01 3.113192e+01 2.183000e+02
    endloop
  endfacet
  facet normal 0.000000e+00 0.000000e+00 -1.000000e+00
    outer loop
      vertex   -2.694504e+01 2.844986e+01 2.183000e+02
      vertex   -2.874123e+01 3.113192e+01 2.183000e+02
      vertex   -2.650000e+01 2.850000e+01 2.183000e+02
    endloop
  endfacet
  facet normal 0.000000e+00 0.000000e+00 -1.000000e+00
    outer loop
      vertex   -2.650000e+01 2.850000e+01 2.183000e+02
      vertex   -2.874123e+01 3.113192e+01 2.183000e+02
      vertex   -2.856077e+01 3.180541e+01 2.183000e+02
    endloop
  endfacet
  facet normal 0.000000e+00 0.000000e+00 -1.000000e+00
    outer loop
      vertex   -2.650000e+01 2.850000e+01 2.183000e+02
      vertex   -2.856077e+01 3.180541e+01 2.183000e+02
      vertex   -2.300000e+01 2.850000e+01 2.183000e+02
    endloop
  endfacet
  facet normal 0.000000e+00 0.000000e+00 -1.000000e+00
    outer loop
      vertex   -2.300000e+01 2.850000e+01 2.183000e+02
      vertex   -2.856077e+01 3.180541e+01 2.183000e+02
      vertex   -2.850000e+01 3.250000e+01 2.183000e+02
    endloop
  endfacet
  facet normal 0.000000e+00 0.000000e+00 -1.000000e+00
    outer loop
      vertex   -2.300000e+01 2.850000e+01 2.183000e+02
      vertex   -2.850000e+01 3.250000e+01 2.183000e+02
      vertex   -2.650000e+01 3.650000e+01 2.183000e+02
    endloop
  endfacet
  facet normal 0.000000e+00 0.000000e+00 -1.000000e+00
    outer loop
      vertex   -2.650000e+01 3.650000e+01 2.183000e+02
      vertex   -2.850000e+01 3.250000e+01 2.183000e+02
      vertex   -2.850000e+01 3.450000e+01 2.183000e+02
    endloop
  endfacet
  facet normal 0.000000e+00 0.000000e+00 -1.000000e+00
    outer loop
      vertex   -2.650000e+01 3.650000e+01 2.183000e+02
      vertex   -2.850000e+01 3.450000e+01 2.183000e+02
      vertex   -2.844986e+01 3.494504e+01 2.183000e+02
    endloop
  endfacet
  facet normal 0.000000e+00 0.000000e+00 -1.000000e+00
    outer loop
      vertex   -2.844986e+01 3.494504e+01 2.183000e+02
      vertex   -2.830194e+01 3.536777e+01 2.183000e+02
      vertex   -2.650000e+01 3.650000e+01 2.183000e+02
    endloop
  endfacet
  facet normal 0.000000e+00 0.000000e+00 -1.000000e+00
    outer loop
      vertex   -2.650000e+01 3.650000e+01 2.183000e+02
      vertex   -2.830194e+01 3.536777e+01 2.183000e+02
      vertex   -2.806366e+01 3.574698e+01 2.183000e+02
    endloop
  endfacet
  facet normal 0.000000e+00 0.000000e+00 -1.000000e+00
    outer loop
      vertex   -2.650000e+01 3.650000e+01 2.183000e+02
      vertex   -2.806366e+01 3.574698e+01 2.183000e+02
      vertex   -2.774698e+01 3.606366e+01 2.183000e+02
    endloop
  endfacet
  facet normal 0.000000e+00 0.000000e+00 -1.000000e+00
    outer loop
      vertex   -2.774698e+01 3.606366e+01 2.183000e+02
      vertex   -2.736777e+01 3.630194e+01 2.183000e+02
      vertex   -2.650000e+01 3.650000e+01 2.183000e+02
    endloop
  endfacet
  facet normal 0.000000e+00 0.000000e+00 -1.000000e+00
    outer loop
      vertex   -2.650000e+01 3.650000e+01 2.183000e+02
      vertex   -2.736777e+01 3.630194e+01 2.183000e+02
      vertex   -2.694504e+01 3.644986e+01 2.183000e+02
    endloop
  endfacet
  facet normal -0.000000e+00 -0.000000e+00 -1.000000e+00
    outer loop
      vertex   2.694504e+01 3.644986e+01 2.183000e+02
      vertex   2.736777e+01 3.630194e+01 2.183000e+02
      vertex   2.650000e+01 3.650000e+01 2.183000e+02
    endloop
  endfacet
  facet normal 0.000000e+00 0.000000e+00 -1.000000e+00
    outer loop
      vertex   2.650000e+01 3.650000e+01 2.183000e+02
      vertex   2.736777e+01 3.630194e+01 2.183000e+02
      vertex   2.774698e+01 3.606366e+01 2.183000e+02
    endloop
  endfacet
  facet normal 0.000000e+00 0.000000e+00 -1.000000e+00
    outer loop
      vertex   2.650000e+01 3.650000e+01 2.183000e+02
      vertex   2.774698e+01 3.606366e+01 2.183000e+02
      vertex   2.806366e+01 3.574698e+01 2.183000e+02
    endloop
  endfacet
  facet normal -0.000000e+00 -0.000000e+00 -1.000000e+00
    outer loop
      vertex   2.806366e+01 3.574698e+01 2.183000e+02
      vertex   2.830194e+01 3.536777e+01 2.183000e+02
      vertex   2.650000e+01 3.650000e+01 2.183000e+02
    endloop
  endfacet
  facet normal 0.000000e+00 0.000000e+00 -1.000000e+00
    outer loop
      vertex   2.650000e+01 3.650000e+01 2.183000e+02
      vertex   2.830194e+01 3.536777e+01 2.183000e+02
      vertex   2.844986e+01 3.494504e+01 2.183000e+02
    endloop
  endfacet
  facet normal 0.000000e+00 0.000000e+00 -1.000000e+00
    outer loop
      vertex   2.650000e+01 3.650000e+01 2.183000e+02
      vertex   2.844986e+01 3.494504e+01 2.183000e+02
      vertex   2.850000e+01 3.450000e+01 2.183000e+02
    endloop
  endfacet
  facet normal -0.000000e+00 -0.000000e+00 -1.000000e+00
    outer loop
      vertex   2.850000e+01 3.450000e+01 2.183000e+02
      vertex   2.850000e+01 3.250000e+01 2.183000e+02
      vertex   2.650000e+01 3.650000e+01 2.183000e+02
    endloop
  endfacet
  facet normal 0.000000e+00 -0.000000e+00 -1.000000e+00
    outer loop
      vertex   2.650000e+01 3.650000e+01 2.183000e+02
      vertex   2.850000e+01 3.250000e+01 2.183000e+02
      vertex   2.100000e+01 2.850000e+01 2.183000e+02
    endloop
  endfacet
  facet normal -4.829660e-13 3.320391e-13 -1.000000e+00
    outer loop
      vertex   2.650000e+01 3.650000e+01 2.183000e+02
      vertex   2.100000e+01 2.850000e+01 2.183000e+02
      vertex   2.074118e+01 2.846593e+01 2.183000e+02
    endloop
  endfacet
  facet normal 0.000000e+00 0.000000e+00 -1.000000e+00
    outer loop
      vertex   2.100000e+01 2.850000e+01 2.183000e+02
      vertex   2.850000e+01 3.250000e+01 2.183000e+02
      vertex   2.650000e+01 2.850000e+01 2.183000e+02
    endloop
  endfacet
  facet normal 0.000000e+00 0.000000e+00 -1.000000e+00
    outer loop
      vertex   2.650000e+01 2.850000e+01 2.183000e+02
      vertex   2.850000e+01 3.250000e+01 2.183000e+02
      vertex   2.856077e+01 3.180541e+01 2.183000e+02
    endloop
  endfacet
  facet normal 0.000000e+00 0.000000e+00 -1.000000e+00
    outer loop
      vertex   2.650000e+01 2.850000e+01 2.183000e+02
      vertex   2.856077e+01 3.180541e+01 2.183000e+02
      vertex   2.874123e+01 3.113192e+01 2.183000e+02
    endloop
  endfacet
  facet normal 0.000000e+00 0.000000e+00 -1.000000e+00
    outer loop
      vertex   2.650000e+01 2.850000e+01 2.183000e+02
      vertex   2.874123e+01 3.113192e+01 2.183000e+02
      vertex   2.694504e+01 2.844986e+01 2.183000e+02
    endloop
  endfacet
  facet normal 0.000000e+00 0.000000e+00 -1.000000e+00
    outer loop
      vertex   2.694504e+01 2.844986e+01 2.183000e+02
      vertex   2.874123e+01 3.113192e+01 2.183000e+02
      vertex   2.903590e+01 3.050000e+01 2.183000e+02
    endloop
  endfacet
  facet normal 0.000000e+00 0.000000e+00 -1.000000e+00
    outer loop
      vertex   2.694504e+01 2.844986e+01 2.183000e+02
      vertex   2.903590e+01 3.050000e+01 2.183000e+02
      vertex   2.736777e+01 2.830194e+01 2.183000e+02
    endloop
  endfacet
  facet normal 0.000000e+00 0.000000e+00 -1.000000e+00
    outer loop
      vertex   2.736777e+01 2.830194e+01 2.183000e+02
      vertex   2.903590e+01 3.050000e+01 2.183000e+02
      vertex   2.943582e+01 2.992885e+01 2.183000e+02
    endloop
  endfacet
  facet normal 0.000000e+00 0.000000e+00 -1.000000e+00
    outer loop
      vertex   2.736777e+01 2.830194e+01 2.183000e+02
      vertex   2.943582e+01 2.992885e+01 2.183000e+02
      vertex   2.774698e+01 2.806366e+01 2.183000e+02
    endloop
  endfacet
  facet normal 0.000000e+00 0.000000e+00 -1.000000e+00
    outer loop
      vertex   2.774698e+01 2.806366e+01 2.183000e+02
      vertex   2.943582e+01 2.992885e+01 2.183000e+02
      vertex   2.992885e+01 2.943582e+01 2.183000e+02
    endloop
  endfacet
  facet normal 0.000000e+00 0.000000e+00 -1.000000e+00
    outer loop
      vertex   3.250000e+01 2.850000e+01 2.183000e+02
      vertex   3.450000e+01 2.850000e+01 2.183000e+02
      vertex   3.650000e+01 2.650000e+01 2.183000e+02
    endloop
  endfacet
  facet normal 0.000000e+00 0.000000e+00 -1.000000e+00
    outer loop
      vertex   3.650000e+01 2.650000e+01 2.183000e+02
      vertex   3.450000e+01 2.850000e+01 2.183000e+02
      vertex   3.644986e+01 2.694504e+01 2.183000e+02
    endloop
  endfacet
  facet normal 0.000000e+00 0.000000e+00 -1.000000e+00
    outer loop
      vertex   3.644986e+01 2.694504e+01 2.183000e+02
      vertex   3.450000e+01 2.850000e+01 2.183000e+02
      vertex   3.630194e+01 2.736777e+01 2.183000e+02
    endloop
  endfacet
  facet normal 0.000000e+00 0.000000e+00 -1.000000e+00
    outer loop
      vertex   3.630194e+01 2.736777e+01 2.183000e+02
      vertex   3.450000e+01 2.850000e+01 2.183000e+02
      vertex   3.606366e+01 2.774698e+01 2.183000e+02
    endloop
  endfacet
  facet normal 0.000000e+00 0.000000e+00 -1.000000e+00
    outer loop
      vertex   3.606366e+01 2.774698e+01 2.183000e+02
      vertex   3.450000e+01 2.850000e+01 2.183000e+02
      vertex   3.574698e+01 2.806366e+01 2.183000e+02
    endloop
  endfacet
  facet normal 0.000000e+00 0.000000e+00 -1.000000e+00
    outer loop
      vertex   3.574698e+01 2.806366e+01 2.183000e+02
      vertex   3.450000e+01 2.850000e+01 2.183000e+02
      vertex   3.536777e+01 2.830194e+01 2.183000e+02
    endloop
  endfacet
  facet normal 0.000000e+00 0.000000e+00 -1.000000e+00
    outer loop
      vertex   3.536777e+01 2.830194e+01 2.183000e+02
      vertex   3.450000e+01 2.850000e+01 2.183000e+02
      vertex   3.494504e+01 2.844986e+01 2.183000e+02
    endloop
  endfacet
  facet normal 0.000000e+00 -0.000000e+00 -1.000000e+00
    outer loop
      vertex   -2.300000e+01 -2.850000e+01 2.183000e+02
      vertex   -2.274118e+01 -2.846593e+01 2.183000e+02
      vertex   -2.650000e+01 -3.650000e+01 2.183000e+02
    endloop
  endfacet
  facet normal 0.000000e+00 0.000000e+00 -1.000000e+00
    outer loop
      vertex   -2.650000e+01 -3.650000e+01 2.183000e+02
      vertex   -2.274118e+01 -2.846593e+01 2.183000e+02
      vertex   -1.825882e+01 -2.846593e+01 2.183000e+02
    endloop
  endfacet
  facet normal 0.000000e+00 0.000000e+00 -1.000000e+00
    outer loop
      vertex   -2.650000e+01 -3.650000e+01 2.183000e+02
      vertex   -1.825882e+01 -2.846593e+01 2.183000e+02
      vertex   -1.800000e+01 -2.850000e+01 2.183000e+02
    endloop
  endfacet
  facet normal 0.000000e+00 0.000000e+00 -1.000000e+00
    outer loop
      vertex   -1.825882e+01 -2.846593e+01 2.183000e+02
      vertex   -2.274118e+01 -2.846593e+01 2.183000e+02
      vertex   -1.850000e+01 -2.836603e+01 2.183000e+02
    endloop
  endfacet
  facet normal -0.000000e+00 0.000000e+00 -1.000000e+00
    outer loop
      vertex   -1.850000e+01 -2.836603e+01 2.183000e+02
      vertex   -2.274118e+01 -2.846593e+01 2.183000e+02
      vertex   -2.250000e+01 -2.836603e+01 2.183000e+02
    endloop
  endfacet
  facet normal 0.000000e+00 0.000000e+00 -1.000000e+00
    outer loop
      vertex   -1.850000e+01 -2.836603e+01 2.183000e+02
      vertex   -2.250000e+01 -2.836603e+01 2.183000e+02
      vertex   -1.870711e+01 -2.820711e+01 2.183000e+02
    endloop
  endfacet
  facet normal -0.000000e+00 0.000000e+00 -1.000000e+00
    outer loop
      vertex   -1.870711e+01 -2.820711e+01 2.183000e+02
      vertex   -2.250000e+01 -2.836603e+01 2.183000e+02
      vertex   -2.229289e+01 -2.820711e+01 2.183000e+02
    endloop
  endfacet
  facet normal 0.000000e+00 0.000000e+00 -1.000000e+00
    outer loop
      vertex   -1.870711e+01 -2.820711e+01 2.183000e+02
      vertex   -2.229289e+01 -2.820711e+01 2.183000e+02
      vertex   -1.886603e+01 -2.800000e+01 2.183000e+02
    endloop
  endfacet
  facet normal -0.000000e+00 0.000000e+00 -1.000000e+00
    outer loop
      vertex   -1.886603e+01 -2.800000e+01 2.183000e+02
      vertex   -2.229289e+01 -2.820711e+01 2.183000e+02
      vertex   -2.213397e+01 -2.800000e+01 2.183000e+02
    endloop
  endfacet
  facet normal 0.000000e+00 0.000000e+00 -1.000000e+00
    outer loop
      vertex   -1.886603e+01 -2.800000e+01 2.183000e+02
      vertex   -2.213397e+01 -2.800000e+01 2.183000e+02
      vertex   -1.896593e+01 -2.775882e+01 2.183000e+02
    endloop
  endfacet
  facet normal -0.000000e+00 0.000000e+00 -1.000000e+00
    outer loop
      vertex   -1.896593e+01 -2.775882e+01 2.183000e+02
      vertex   -2.213397e+01 -2.800000e+01 2.183000e+02
      vertex   -2.203407e+01 -2.775882e+01 2.183000e+02
    endloop
  endfacet
  facet normal 0.000000e+00 0.000000e+00 -1.000000e+00
    outer loop
      vertex   -1.896593e+01 -2.775882e+01 2.183000e+02
      vertex   -2.203407e+01 -2.775882e+01 2.183000e+02
      vertex   -1.900000e+01 -2.750000e+01 2.183000e+02
    endloop
  endfacet
  facet normal -0.000000e+00 0.000000e+00 -1.000000e+00
    outer loop
      vertex   -1.900000e+01 -2.750000e+01 2.183000e+02
      vertex   -2.203407e+01 -2.775882e+01 2.183000e+02
      vertex   -2.200000e+01 -2.750000e+01 2.183000e+02
    endloop
  endfacet
  facet normal 0.000000e+00 0.000000e+00 -1.000000e+00
    outer loop
      vertex   -1.900000e+01 -2.750000e+01 2.183000e+02
      vertex   -2.200000e+01 -2.750000e+01 2.183000e+02
      vertex   -1.900000e+01 2.750000e+01 2.183000e+02
    endloop
  endfacet
  facet normal -0.000000e+00 0.000000e+00 -1.000000e+00
    outer loop
      vertex   -1.900000e+01 2.750000e+01 2.183000e+02
      vertex   -2.200000e+01 -2.750000e+01 2.183000e+02
      vertex   -2.200000e+01 2.750000e+01 2.183000e+02
    endloop
  endfacet
  facet normal 0.000000e+00 0.000000e+00 -1.000000e+00
    outer loop
      vertex   -1.900000e+01 2.750000e+01 2.183000e+02
      vertex   -2.200000e+01 2.750000e+01 2.183000e+02
      vertex   -1.896593e+01 2.775882e+01 2.183000e+02
    endloop
  endfacet
  facet normal 0.000000e+00 0.000000e+00 -1.000000e+00
    outer loop
      vertex   -1.896593e+01 2.775882e+01 2.183000e+02
      vertex   -2.200000e+01 2.750000e+01 2.183000e+02
      vertex   -2.203407e+01 2.775882e+01 2.183000e+02
    endloop
  endfacet
  facet normal -0.000000e+00 0.000000e+00 -1.000000e+00
    outer loop
      vertex   -1.896593e+01 2.775882e+01 2.183000e+02
      vertex   -2.203407e+01 2.775882e+01 2.183000e+02
      vertex   -1.886603e+01 2.800000e+01 2.183000e+02
    endloop
  endfacet
  facet normal 0.000000e+00 0.000000e+00 -1.000000e+00
    outer loop
      vertex   -1.886603e+01 2.800000e+01 2.183000e+02
      vertex   -2.203407e+01 2.775882e+01 2.183000e+02
      vertex   -2.213397e+01 2.800000e+01 2.183000e+02
    endloop
  endfacet
  facet normal -0.000000e+00 0.000000e+00 -1.000000e+00
    outer loop
      vertex   -1.886603e+01 2.800000e+01 2.183000e+02
      vertex   -2.213397e+01 2.800000e+01 2.183000e+02
      vertex   -1.870711e+01 2.820711e+01 2.183000e+02
    endloop
  endfacet
  facet normal 0.000000e+00 0.000000e+00 -1.000000e+00
    outer loop
      vertex   -1.870711e+01 2.820711e+01 2.183000e+02
      vertex   -2.213397e+01 2.800000e+01 2.183000e+02
      vertex   -2.229289e+01 2.820711e+01 2.183000e+02
    endloop
  endfacet
  facet normal -0.000000e+00 0.000000e+00 -1.000000e+00
    outer loop
      vertex   -1.870711e+01 2.820711e+01 2.183000e+02
      vertex   -2.229289e+01 2.820711e+01 2.183000e+02
      vertex   -1.850000e+01 2.836603e+01 2.183000e+02
    endloop
  endfacet
  facet normal 0.000000e+00 0.000000e+00 -1.000000e+00
    outer loop
      vertex   -1.850000e+01 2.836603e+01 2.183000e+02
      vertex   -2.229289e+01 2.820711e+01 2.183000e+02
      vertex   -2.250000e+01 2.836603e+01 2.183000e+02
    endloop
  endfacet
  facet normal -0.000000e+00 0.000000e+00 -1.000000e+00
    outer loop
      vertex   -1.850000e+01 2.836603e+01 2.183000e+02
      vertex   -2.250000e+01 2.836603e+01 2.183000e+02
      vertex   -1.825882e+01 2.846593e+01 2.183000e+02
    endloop
  endfacet
  facet normal 0.000000e+00 0.000000e+00 -1.000000e+00
    outer loop
      vertex   -1.825882e+01 2.846593e+01 2.183000e+02
      vertex   -2.250000e+01 2.836603e+01 2.183000e+02
      vertex   -2.274118e+01 2.846593e+01 2.183000e+02
    endloop
  endfacet
  facet normal -0.000000e+00 0.000000e+00 -1.000000e+00
    outer loop
      vertex   -1.825882e+01 2.846593e+01 2.183000e+02
      vertex   -2.274118e+01 2.846593e+01 2.183000e+02
      vertex   -2.650000e+01 3.650000e+01 2.183000e+02
    endloop
  endfacet
  facet normal 0.000000e+00 0.000000e+00 -1.000000e+00
    outer loop
      vertex   -2.650000e+01 3.650000e+01 2.183000e+02
      vertex   -2.274118e+01 2.846593e+01 2.183000e+02
      vertex   -2.300000e+01 2.850000e+01 2.183000e+02
    endloop
  endfacet
  facet normal -0.000000e+00 0.000000e+00 -1.000000e+00
    outer loop
      vertex   2.050000e+01 2.836603e+01 2.183000e+02
      vertex   1.650000e+01 2.836603e+01 2.183000e+02
      vertex   2.074118e+01 2.846593e+01 2.183000e+02
    endloop
  endfacet
  facet normal 0.000000e+00 0.000000e+00 -1.000000e+00
    outer loop
      vertex   2.074118e+01 2.846593e+01 2.183000e+02
      vertex   1.650000e+01 2.836603e+01 2.183000e+02
      vertex   1.625882e+01 2.846593e+01 2.183000e+02
    endloop
  endfacet
  facet normal 2.243146e-29 -1.415058e-14 -1.000000e+00
    outer loop
      vertex   2.074118e+01 2.846593e+01 2.183000e+02
      vertex   1.625882e+01 2.846593e+01 2.183000e+02
      vertex   2.650000e+01 3.650000e+01 2.183000e+02
    endloop
  endfacet
  facet normal 3.745349e-13 -4.915770e-13 -1.000000e+00
    outer loop
      vertex   2.650000e+01 3.650000e+01 2.183000e+02
      vertex   1.625882e+01 2.846593e+01 2.183000e+02
      vertex   1.600000e+01 2.850000e+01 2.183000e+02
    endloop
  endfacet
  facet normal 0.000000e+00 0.000000e+00 -1.000000e+00
    outer loop
      vertex   2.650000e+01 3.650000e+01 2.183000e+02
      vertex   1.600000e+01 2.850000e+01 2.183000e+02
      vertex   1.150000e+01 2.850000e+01 2.183000e+02
    endloop
  endfacet
  facet normal 4.765373e-28 -1.788444e-13 -1.000000e+00
    outer loop
      vertex   1.650000e+01 2.836603e+01 2.183000e+02
      vertex   2.050000e+01 2.836603e+01 2.183000e+02
      vertex   1.670711e+01 2.820711e+01 2.183000e+02
    endloop
  endfacet
  facet normal 3.543898e-28 -1.788444e-13 -1.000000e+00
    outer loop
      vertex   1.670711e+01 2.820711e+01 2.183000e+02
      vertex   2.050000e+01 2.836603e+01 2.183000e+02
      vertex   2.029289e+01 2.820711e+01 2.183000e+02
    endloop
  endfacet
  facet normal -2.719328e-28 1.372322e-13 -1.000000e+00
    outer loop
      vertex   1.670711e+01 2.820711e+01 2.183000e+02
      vertex   2.029289e+01 2.820711e+01 2.183000e+02
      vertex   1.686603e+01 2.800000e+01 2.183000e+02
    endloop
  endfacet
  facet normal -2.983807e-28 1.372322e-13 -1.000000e+00
    outer loop
      vertex   1.686603e+01 2.800000e+01 2.183000e+02
      vertex   2.029289e+01 2.820711e+01 2.183000e+02
      vertex   2.013397e+01 2.800000e+01 2.183000e+02
    endloop
  endfacet
  facet normal 0.000000e+00 0.000000e+00 -1.000000e+00
    outer loop
      vertex   1.686603e+01 2.800000e+01 2.183000e+02
      vertex   2.013397e+01 2.800000e+01 2.183000e+02
      vertex   1.696593e+01 2.775882e+01 2.183000e+02
    endloop
  endfacet
  facet normal 0.000000e+00 0.000000e+00 -1.000000e+00
    outer loop
      vertex   1.696593e+01 2.775882e+01 2.183000e+02
      vertex   2.013397e+01 2.800000e+01 2.183000e+02
      vertex   2.003407e+01 2.775882e+01 2.183000e+02
    endloop
  endfacet
  facet normal -1.017250e-27 4.392522e-13 -1.000000e+00
    outer loop
      vertex   1.696593e+01 2.775882e+01 2.183000e+02
      vertex   2.003407e+01 2.775882e+01 2.183000e+02
      vertex   1.700000e+01 2.750000e+01 2.183000e+02
    endloop
  endfacet
  facet normal 0.000000e+00 4.392522e-13 -1.000000e+00
    outer loop
      vertex   1.700000e+01 2.750000e+01 2.183000e+02
      vertex   2.003407e+01 2.775882e+01 2.183000e+02
      vertex   2.000000e+01 2.750000e+01 2.183000e+02
    endloop
  endfacet
  facet normal 0.000000e+00 0.000000e+00 -1.000000e+00
    outer loop
      vertex   1.700000e+01 2.750000e+01 2.183000e+02
      vertex   2.000000e+01 2.750000e+01 2.183000e+02
      vertex   1.700000e+01 -2.750000e+01 2.183000e+02
    endloop
  endfacet
  facet normal 0.000000e+00 0.000000e+00 -1.000000e+00
    outer loop
      vertex   1.700000e+01 -2.750000e+01 2.183000e+02
      vertex   2.000000e+01 2.750000e+01 2.183000e+02
      vertex   2.000000e+01 -2.750000e+01 2.183000e+02
    endloop
  endfacet
  facet normal 0.000000e+00 -4.392522e-13 -1.000000e+00
    outer loop
      vertex   1.700000e+01 -2.750000e+01 2.183000e+02
      vertex   2.000000e+01 -2.750000e+01 2.183000e+02
      vertex   1.696593e+01 -2.775882e+01 2.183000e+02
    endloop
  endfacet
  facet normal -1.017250e-27 -4.392522e-13 -1.000000e+00
    outer loop
      vertex   1.696593e+01 -2.775882e+01 2.183000e+02
      vertex   2.000000e+01 -2.750000e+01 2.183000e+02
      vertex   2.003407e+01 -2.775882e+01 2.183000e+02
    endloop
  endfacet
  facet normal 0.000000e+00 -0.000000e+00 -1.000000e+00
    outer loop
      vertex   1.696593e+01 -2.775882e+01 2.183000e+02
      vertex   2.003407e+01 -2.775882e+01 2.183000e+02
      vertex   1.686603e+01 -2.800000e+01 2.183000e+02
    endloop
  endfacet
  facet normal 0.000000e+00 0.000000e+00 -1.000000e+00
    outer loop
      vertex   1.686603e+01 -2.800000e+01 2.183000e+02
      vertex   2.003407e+01 -2.775882e+01 2.183000e+02
      vertex   2.013397e+01 -2.800000e+01 2.183000e+02
    endloop
  endfacet
  facet normal -2.983807e-28 -1.372322e-13 -1.000000e+00
    outer loop
      vertex   1.686603e+01 -2.800000e+01 2.183000e+02
      vertex   2.013397e+01 -2.800000e+01 2.183000e+02
      vertex   1.670711e+01 -2.820711e+01 2.183000e+02
    endloop
  endfacet
  facet normal -2.719328e-28 -1.372322e-13 -1.000000e+00
    outer loop
      vertex   1.670711e+01 -2.820711e+01 2.183000e+02
      vertex   2.013397e+01 -2.800000e+01 2.183000e+02
      vertex   2.029289e+01 -2.820711e+01 2.183000e+02
    endloop
  endfacet
  facet normal 3.543898e-28 1.788444e-13 -1.000000e+00
    outer loop
      vertex   1.670711e+01 -2.820711e+01 2.183000e+02
      vertex   2.029289e+01 -2.820711e+01 2.183000e+02
      vertex   1.650000e+01 -2.836603e+01 2.183000e+02
    endloop
  endfacet
  facet normal 4.765373e-28 1.788444e-13 -1.000000e+00
    outer loop
      vertex   1.650000e+01 -2.836603e+01 2.183000e+02
      vertex   2.029289e+01 -2.820711e+01 2.183000e+02
      vertex   2.050000e+01 -2.836603e+01 2.183000e+02
    endloop
  endfacet
  facet normal 0.000000e+00 -0.000000e+00 -1.000000e+00
    outer loop
      vertex   1.650000e+01 -2.836603e+01 2.183000e+02
      vertex   2.050000e+01 -2.836603e+01 2.183000e+02
      vertex   1.625882e+01 -2.846593e+01 2.183000e+02
    endloop
  endfacet
  facet normal 0.000000e+00 0.000000e+00 -1.000000e+00
    outer loop
      vertex   1.625882e+01 -2.846593e+01 2.183000e+02
      vertex   2.050000e+01 -2.836603e+01 2.183000e+02
      vertex   2.074118e+01 -2.846593e+01 2.183000e+02
    endloop
  endfacet
  facet normal 2.243146e-29 1.415058e-14 -1.000000e+00
    outer loop
      vertex   1.625882e+01 -2.846593e+01 2.183000e+02
      vertex   2.074118e+01 -2.846593e+01 2.183000e+02
      vertex   2.650000e+01 -3.650000e+01 2.183000e+02
    endloop
  endfacet
  facet normal -4.829660e-13 -3.320391e-13 -1.000000e+00
    outer loop
      vertex   2.650000e+01 -3.650000e+01 2.183000e+02
      vertex   2.074118e+01 -2.846593e+01 2.183000e+02
      vertex   2.100000e+01 -2.850000e+01 2.183000e+02
    endloop
  endfacet
  facet normal 0.000000e+00 0.000000e+00 -1.000000e+00
    outer loop
      vertex   1.150000e+01 -2.850000e+01 2.183000e+02
      vertex   1.600000e+01 -2.850000e+01 2.183000e+02
      vertex   2.650000e+01 -3.650000e+01 2.183000e+02
    endloop
  endfacet
  facet normal 3.745349e-13 4.915770e-13 -1.000000e+00
    outer loop
      vertex   2.650000e+01 -3.650000e+01 2.183000e+02
      vertex   1.600000e+01 -2.850000e+01 2.183000e+02
      vertex   1.625882e+01 -2.846593e+01 2.183000e+02
    endloop
  endfacet
  facet normal 0.000000e+00 -3.336452e-12 -1.000000e+00
    outer loop
      vertex   -4.000000e+00 2.850000e+01 2.183000e+02
      vertex   1.000000e+00 2.850000e+01 2.183000e+02
      vertex   -3.741181e+00 2.846593e+01 2.183000e+02
    endloop
  endfacet
  facet normal -7.933401e-27 -3.336452e-12 -1.000000e+00
    outer loop
      vertex   -3.741181e+00 2.846593e+01 2.183000e+02
      vertex   1.000000e+00 2.850000e+01 2.183000e+02
      vertex   7.411810e-01 2.846593e+01 2.183000e+02
    endloop
  endfacet
  facet normal 0.000000e+00 0.000000e+00 -1.000000e+00
    outer loop
      vertex   -3.741181e+00 2.846593e+01 2.183000e+02
      vertex   7.411810e-01 2.846593e+01 2.183000e+02
      vertex   -3.500000e+00 2.836603e+01 2.183000e+02
    endloop
  endfacet
  facet normal 0.000000e+00 0.000000e+00 -1.000000e+00
    outer loop
      vertex   -3.500000e+00 2.836603e+01 2.183000e+02
      vertex   7.411810e-01 2.846593e+01 2.183000e+02
      vertex   5.000000e-01 2.836603e+01 2.183000e+02
    endloop
  endfacet
  facet normal -3.176915e-28 -1.788444e-13 -1.000000e+00
    outer loop
      vertex   -3.500000e+00 2.836603e+01 2.183000e+02
      vertex   5.000000e-01 2.836603e+01 2.183000e+02
      vertex   -3.292893e+00 2.820711e+01 2.183000e+02
    endloop
  endfacet
  facet normal -1.771949e-28 -1.788444e-13 -1.000000e+00
    outer loop
      vertex   -3.292893e+00 2.820711e+01 2.183000e+02
      vertex   5.000000e-01 2.836603e+01 2.183000e+02
      vertex   2.928932e-01 2.820711e+01 2.183000e+02
    endloop
  endfacet
  facet normal 1.359664e-28 1.372322e-13 -1.000000e+00
    outer loop
      vertex   -3.292893e+00 2.820711e+01 2.183000e+02
      vertex   2.928932e-01 2.820711e+01 2.183000e+02
      vertex   -3.133975e+00 2.800000e+01 2.183000e+02
    endloop
  endfacet
  facet normal 1.491904e-28 1.372322e-13 -1.000000e+00
    outer loop
      vertex   -3.133975e+00 2.800000e+01 2.183000e+02
      vertex   2.928932e-01 2.820711e+01 2.183000e+02
      vertex   1.339746e-01 2.800000e+01 2.183000e+02
    endloop
  endfacet
  facet normal 0.000000e+00 0.000000e+00 -1.000000e+00
    outer loop
      vertex   -3.133975e+00 2.800000e+01 2.183000e+02
      vertex   1.339746e-01 2.800000e+01 2.183000e+02
      vertex   -3.034074e+00 2.775882e+01 2.183000e+02
    endloop
  endfacet
  facet normal 0.000000e+00 0.000000e+00 -1.000000e+00
    outer loop
      vertex   -3.034074e+00 2.775882e+01 2.183000e+02
      vertex   1.339746e-01 2.800000e+01 2.183000e+02
      vertex   3.407417e-02 2.775882e+01 2.183000e+02
    endloop
  endfacet
  facet normal 0.000000e+00 4.392522e-13 -1.000000e+00
    outer loop
      vertex   -3.034074e+00 2.775882e+01 2.183000e+02
      vertex   3.407417e-02 2.775882e+01 2.183000e+02
      vertex   -3.000000e+00 2.750000e+01 2.183000e+02
    endloop
  endfacet
  facet normal 0.000000e+00 4.392522e-13 -1.000000e+00
    outer loop
      vertex   -3.000000e+00 2.750000e+01 2.183000e+02
      vertex   3.407417e-02 2.775882e+01 2.183000e+02
      vertex   0.000000e+00 2.750000e+01 2.183000e+02
    endloop
  endfacet
  facet normal 0.000000e+00 0.000000e+00 -1.000000e+00
    outer loop
      vertex   -3.000000e+00 2.750000e+01 2.183000e+02
      vertex   0.000000e+00 2.750000e+01 2.183000e+02
      vertex   -3.000000e+00 -2.750000e+01 2.183000e+02
    endloop
  endfacet
  facet normal 0.000000e+00 0.000000e+00 -1.000000e+00
    outer loop
      vertex   -3.000000e+00 -2.750000e+01 2.183000e+02
      vertex   0.000000e+00 2.750000e+01 2.183000e+02
      vertex   0.000000e+00 -2.750000e+01 2.183000e+02
    endloop
  endfacet
  facet normal 0.000000e+00 -4.392522e-13 -1.000000e+00
    outer loop
      vertex   -3.000000e+00 -2.750000e+01 2.183000e+02
      vertex   0.000000e+00 -2.750000e+01 2.183000e+02
      vertex   -3.034074e+00 -2.775882e+01 2.183000e+02
    endloop
  endfacet
  facet normal 0.000000e+00 -4.392522e-13 -1.000000e+00
    outer loop
      vertex   -3.034074e+00 -2.775882e+01 2.183000e+02
      vertex   0.000000e+00 -2.750000e+01 2.183000e+02
      vertex   3.407417e-02 -2.775882e+01 2.183000e+02
    endloop
  endfacet
  facet normal 0.000000e+00 -0.000000e+00 -1.000000e+00
    outer loop
      vertex   -3.034074e+00 -2.775882e+01 2.183000e+02
      vertex   3.407417e-02 -2.775882e+01 2.183000e+02
      vertex   -3.133975e+00 -2.800000e+01 2.183000e+02
    endloop
  endfacet
  facet normal 0.000000e+00 0.000000e+00 -1.000000e+00
    outer loop
      vertex   -3.133975e+00 -2.800000e+01 2.183000e+02
      vertex   3.407417e-02 -2.775882e+01 2.183000e+02
      vertex   1.339746e-01 -2.800000e+01 2.183000e+02
    endloop
  endfacet
  facet normal 1.491904e-28 -1.372322e-13 -1.000000e+00
    outer loop
      vertex   -3.133975e+00 -2.800000e+01 2.183000e+02
      vertex   1.339746e-01 -2.800000e+01 2.183000e+02
      vertex   -3.292893e+00 -2.820711e+01 2.183000e+02
    endloop
  endfacet
  facet normal 1.359664e-28 -1.372322e-13 -1.000000e+00
    outer loop
      vertex   -3.292893e+00 -2.820711e+01 2.183000e+02
      vertex   1.339746e-01 -2.800000e+01 2.183000e+02
      vertex   2.928932e-01 -2.820711e+01 2.183000e+02
    endloop
  endfacet
  facet normal -1.771949e-28 1.788444e-13 -1.000000e+00
    outer loop
      vertex   -3.292893e+00 -2.820711e+01 2.183000e+02
      vertex   2.928932e-01 -2.820711e+01 2.183000e+02
      vertex   -3.500000e+00 -2.836603e+01 2.183000e+02
    endloop
  endfacet
  facet normal -3.176915e-28 1.788444e-13 -1.000000e+00
    outer loop
      vertex   -3.500000e+00 -2.836603e+01 2.183000e+02
      vertex   2.928932e-01 -2.820711e+01 2.183000e+02
      vertex   5.000000e-01 -2.836603e+01 2.183000e+02
    endloop
  endfacet
  facet normal 0.000000e+00 -0.000000e+00 -1.000000e+00
    outer loop
      vertex   -3.500000e+00 -2.836603e+01 2.183000e+02
      vertex   5.000000e-01 -2.836603e+01 2.183000e+02
      vertex   -3.741181e+00 -2.846593e+01 2.183000e+02
    endloop
  endfacet
  facet normal 0.000000e+00 0.000000e+00 -1.000000e+00
    outer loop
      vertex   -3.741181e+00 -2.846593e+01 2.183000e+02
      vertex   5.000000e-01 -2.836603e+01 2.183000e+02
      vertex   7.411810e-01 -2.846593e+01 2.183000e+02
    endloop
  endfacet
  facet normal -7.933401e-27 3.336452e-12 -1.000000e+00
    outer loop
      vertex   -3.741181e+00 -2.846593e+01 2.183000e+02
      vertex   7.411810e-01 -2.846593e+01 2.183000e+02
      vertex   -4.000000e+00 -2.850000e+01 2.183000e+02
    endloop
  endfacet
  facet normal 0.000000e+00 3.336452e-12 -1.000000e+00
    outer loop
      vertex   -4.000000e+00 -2.850000e+01 2.183000e+02
      vertex   7.411810e-01 -2.846593e+01 2.183000e+02
      vertex   1.000000e+00 -2.850000e+01 2.183000e+02
    endloop
  endfacet
  facet normal 0.000000e+00 -0.000000e+00 -1.000000e+00
    outer loop
      vertex   -4.000000e+00 -2.850000e+01 2.183000e+02
      vertex   1.000000e+00 -2.850000e+01 2.183000e+02
      vertex   -2.650000e+01 -3.650000e+01 2.183000e+02
    endloop
  endfacet
  facet normal -2.536315e-14 1.926523e-13 -1.000000e+00
    outer loop
      vertex   -8.758819e+00 2.846593e+01 2.183000e+02
      vertex   -1.324118e+01 2.846593e+01 2.183000e+02
      vertex   -8.500000e+00 2.850000e+01 2.183000e+02
    endloop
  endfacet
  facet normal -0.000000e+00 -3.336452e-12 -1.000000e+00
    outer loop
      vertex   -8.500000e+00 2.850000e+01 2.183000e+02
      vertex   -1.324118e+01 2.846593e+01 2.183000e+02
      vertex   -1.350000e+01 2.850000e+01 2.183000e+02
    endloop
  endfacet
  facet normal 0.000000e+00 0.000000e+00 -1.000000e+00
    outer loop
      vertex   -8.500000e+00 2.850000e+01 2.183000e+02
      vertex   -1.350000e+01 2.850000e+01 2.183000e+02
      vertex   -2.650000e+01 3.650000e+01 2.183000e+02
    endloop
  endfacet
  facet normal 0.000000e+00 0.000000e+00 -1.000000e+00
    outer loop
      vertex   -2.650000e+01 3.650000e+01 2.183000e+02
      vertex   -1.350000e+01 2.850000e+01 2.183000e+02
      vertex   -1.800000e+01 2.850000e+01 2.183000e+02
    endloop
  endfacet
  facet normal 0.000000e+00 0.000000e+00 -1.000000e+00
    outer loop
      vertex   -2.650000e+01 3.650000e+01 2.183000e+02
      vertex   -1.800000e+01 2.850000e+01 2.183000e+02
      vertex   -1.825882e+01 2.846593e+01 2.183000e+02
    endloop
  endfacet
  facet normal -2.536315e-14 -6.123207e-14 -1.000000e+00
    outer loop
      vertex   -1.324118e+01 2.846593e+01 2.183000e+02
      vertex   -8.758819e+00 2.846593e+01 2.183000e+02
      vertex   -1.300000e+01 2.836603e+01 2.183000e+02
    endloop
  endfacet
  facet normal -2.842171e-14 6.861608e-14 -1.000000e+00
    outer loop
      vertex   -1.300000e+01 2.836603e+01 2.183000e+02
      vertex   -8.758819e+00 2.846593e+01 2.183000e+02
      vertex   -9.000000e+00 2.836603e+01 2.183000e+02
    endloop
  endfacet
  facet normal -2.842171e-14 -2.158843e-13 -1.000000e+00
    outer loop
      vertex   -1.300000e+01 2.836603e+01 2.183000e+02
      vertex   -9.000000e+00 2.836603e+01 2.183000e+02
      vertex   -1.279289e+01 2.820711e+01 2.183000e+02
    endloop
  endfacet
  facet normal -3.963107e-14 5.164821e-14 -1.000000e+00
    outer loop
      vertex   -1.279289e+01 2.820711e+01 2.183000e+02
      vertex   -9.000000e+00 2.836603e+01 2.183000e+02
      vertex   -9.207107e+00 2.820711e+01 2.183000e+02
    endloop
  endfacet
  facet normal -3.963107e-14 1.068222e-13 -1.000000e+00
    outer loop
      vertex   -1.279289e+01 2.820711e+01 2.183000e+02
      vertex   -9.207107e+00 2.820711e+01 2.183000e+02
      vertex   -1.263397e+01 2.800000e+01 2.183000e+02
    endloop
  endfacet
  facet normal -3.478843e-14 2.669410e-14 -1.000000e+00
    outer loop
      vertex   -1.263397e+01 2.800000e+01 2.183000e+02
      vertex   -9.207107e+00 2.820711e+01 2.183000e+02
      vertex   -9.366025e+00 2.800000e+01 2.183000e+02
    endloop
  endfacet
  facet normal -3.478843e-14 -1.440984e-14 -1.000000e+00
    outer loop
      vertex   -1.263397e+01 2.800000e+01 2.183000e+02
      vertex   -9.366025e+00 2.800000e+01 2.183000e+02
      vertex   -1.253407e+01 2.775882e+01 2.183000e+02
    endloop
  endfacet
  facet normal -3.705389e-14 1.534822e-14 -1.000000e+00
    outer loop
      vertex   -1.253407e+01 2.775882e+01 2.183000e+02
      vertex   -9.366025e+00 2.800000e+01 2.183000e+02
      vertex   -9.465926e+00 2.775882e+01 2.183000e+02
    endloop
  endfacet
  facet normal -3.705389e-14 4.343740e-13 -1.000000e+00
    outer loop
      vertex   -1.253407e+01 2.775882e+01 2.183000e+02
      vertex   -9.465926e+00 2.775882e+01 2.183000e+02
      vertex   -1.250000e+01 2.750000e+01 2.183000e+02
    endloop
  endfacet
  facet normal 0.000000e+00 0.000000e+00 -1.000000e+00
    outer loop
      vertex   -1.250000e+01 2.750000e+01 2.183000e+02
      vertex   -9.465926e+00 2.775882e+01 2.183000e+02
      vertex   -9.500000e+00 2.750000e+01 2.183000e+02
    endloop
  endfacet
  facet normal 0.000000e+00 0.000000e+00 -1.000000e+00
    outer loop
      vertex   -1.250000e+01 2.750000e+01 2.183000e+02
      vertex   -9.500000e+00 2.750000e+01 2.183000e+02
      vertex   -1.250000e+01 -2.750000e+01 2.183000e+02
    endloop
  endfacet
  facet normal 0.000000e+00 0.000000e+00 -1.000000e+00
    outer loop
      vertex   -1.250000e+01 -2.750000e+01 2.183000e+02
      vertex   -9.500000e+00 2.750000e+01 2.183000e+02
      vertex   -9.500000e+00 -2.750000e+01 2.183000e+02
    endloop
  endfacet
  facet normal 0.000000e+00 -4.392522e-13 -1.000000e+00
    outer loop
      vertex   -1.250000e+01 -2.750000e+01 2.183000e+02
      vertex   -9.500000e+00 -2.750000e+01 2.183000e+02
      vertex   -1.253407e+01 -2.775882e+01 2.183000e+02
    endloop
  endfacet
  facet normal -3.705389e-14 -4.878237e-15 -1.000000e+00
    outer loop
      vertex   -1.253407e+01 -2.775882e+01 2.183000e+02
      vertex   -9.500000e+00 -2.750000e+01 2.183000e+02
      vertex   -9.465926e+00 -2.775882e+01 2.183000e+02
    endloop
  endfacet
  facet normal -3.705389e-14 1.534822e-14 -1.000000e+00
    outer loop
      vertex   -1.253407e+01 -2.775882e+01 2.183000e+02
      vertex   -9.465926e+00 -2.775882e+01 2.183000e+02
      vertex   -1.263397e+01 -2.800000e+01 2.183000e+02
    endloop
  endfacet
  facet normal -3.478843e-14 -1.440984e-14 -1.000000e+00
    outer loop
      vertex   -1.263397e+01 -2.800000e+01 2.183000e+02
      vertex   -9.465926e+00 -2.775882e+01 2.183000e+02
      vertex   -9.366025e+00 -2.800000e+01 2.183000e+02
    endloop
  endfacet
  facet normal -3.478843e-14 -1.105380e-13 -1.000000e+00
    outer loop
      vertex   -1.263397e+01 -2.800000e+01 2.183000e+02
      vertex   -9.366025e+00 -2.800000e+01 2.183000e+02
      vertex   -1.279289e+01 -2.820711e+01 2.183000e+02
    endloop
  endfacet
  facet normal -3.963107e-14 -3.040999e-14 -1.000000e+00
    outer loop
      vertex   -1.279289e+01 -2.820711e+01 2.183000e+02
      vertex   -9.366025e+00 -2.800000e+01 2.183000e+02
      vertex   -9.207107e+00 -2.820711e+01 2.183000e+02
    endloop
  endfacet
  facet normal -3.963107e-14 2.304926e-13 -1.000000e+00
    outer loop
      vertex   -1.279289e+01 -2.820711e+01 2.183000e+02
      vertex   -9.207107e+00 -2.820711e+01 2.183000e+02
      vertex   -1.300000e+01 -2.836603e+01 2.183000e+02
    endloop
  endfacet
  facet normal -2.842171e-14 -3.703989e-14 -1.000000e+00
    outer loop
      vertex   -1.300000e+01 -2.836603e+01 2.183000e+02
      vertex   -9.207107e+00 -2.820711e+01 2.183000e+02
      vertex   -9.000000e+00 -2.836603e+01 2.183000e+02
    endloop
  endfacet
  facet normal -2.842171e-14 6.861608e-14 -1.000000e+00
    outer loop
      vertex   -1.300000e+01 -2.836603e+01 2.183000e+02
      vertex   -9.000000e+00 -2.836603e+01 2.183000e+02
      vertex   -1.324118e+01 -2.846593e+01 2.183000e+02
    endloop
  endfacet
  facet normal -2.536315e-14 -6.123207e-14 -1.000000e+00
    outer loop
      vertex   -1.324118e+01 -2.846593e+01 2.183000e+02
      vertex   -9.000000e+00 -2.836603e+01 2.183000e+02
      vertex   -8.758819e+00 -2.846593e+01 2.183000e+02
    endloop
  endfacet
  facet normal -2.536315e-14 3.529104e-12 -1.000000e+00
    outer loop
      vertex   -1.324118e+01 -2.846593e+01 2.183000e+02
      vertex   -8.758819e+00 -2.846593e+01 2.183000e+02
      vertex   -1.350000e+01 -2.850000e+01 2.183000e+02
    endloop
  endfacet
  facet normal 0.000000e+00 0.000000e+00 -1.000000e+00
    outer loop
      vertex   -1.350000e+01 -2.850000e+01 2.183000e+02
      vertex   -8.758819e+00 -2.846593e+01 2.183000e+02
      vertex   -8.500000e+00 -2.850000e+01 2.183000e+02
    endloop
  endfacet
  facet normal 0.000000e+00 -0.000000e+00 -1.000000e+00
    outer loop
      vertex   -1.350000e+01 -2.850000e+01 2.183000e+02
      vertex   -8.500000e+00 -2.850000e+01 2.183000e+02
      vertex   -2.650000e+01 -3.650000e+01 2.183000e+02
    endloop
  endfacet
  facet normal 0.000000e+00 0.000000e+00 -1.000000e+00
    outer loop
      vertex   -2.650000e+01 -3.650000e+01 2.183000e+02
      vertex   -8.500000e+00 -2.850000e+01 2.183000e+02
      vertex   -4.000000e+00 -2.850000e+01 2.183000e+02
    endloop
  endfacet
  facet normal 0.000000e+00 -0.000000e+00 -1.000000e+00
    outer loop
      vertex   -1.800000e+01 -2.850000e+01 2.183000e+02
      vertex   -1.350000e+01 -2.850000e+01 2.183000e+02
      vertex   -2.650000e+01 -3.650000e+01 2.183000e+02
    endloop
  endfacet
  facet normal 0.000000e+00 -1.000000e+00 0.000000e+00
    outer loop
      vertex   3.450000e+01 -2.850000e+01 2.183000e+02
      vertex   3.450000e+01 -2.850000e+01 2.230000e+02
      vertex   3.250000e+01 -2.850000e+01 2.183000e+02
    endloop
  endfacet
  facet normal 0.000000e+00 -1.000000e+00 0.000000e+00
    outer loop
      vertex   3.250000e+01 -2.850000e+01 2.183000e+02
      vertex   3.450000e+01 -2.850000e+01 2.230000e+02
      vertex   3.250000e+01 -2.850000e+01 2.230000e+02
    endloop
  endfacet
  facet normal 1.119645e-01 -9.937122e-01 0.000000e+00
    outer loop
      vertex   2.650000e+01 -3.650000e+01 2.230000e+02
      vertex   2.650000e+01 -3.650000e+01 2.183000e+02
      vertex   2.694504e+01 -3.644986e+01 2.230000e+02
    endloop
  endfacet
  facet normal 1.119645e-01 -9.937122e-01 0.000000e+00
    outer loop
      vertex   2.694504e+01 -3.644986e+01 2.230000e+02
      vertex   2.650000e+01 -3.650000e+01 2.183000e+02
      vertex   2.694504e+01 -3.644986e+01 2.183000e+02
    endloop
  endfacet
  facet normal 3.302791e-01 -9.438833e-01 0.000000e+00
    outer loop
      vertex   2.694504e+01 -3.644986e+01 2.230000e+02
      vertex   2.694504e+01 -3.644986e+01 2.183000e+02
      vertex   2.736777e+01 -3.630194e+01 2.230000e+02
    endloop
  endfacet
  facet normal 3.302791e-01 -9.438833e-01 0.000000e+00
    outer loop
      vertex   2.736777e+01 -3.630194e+01 2.230000e+02
      vertex   2.694504e+01 -3.644986e+01 2.183000e+02
      vertex   2.736777e+01 -3.630194e+01 2.183000e+02
    endloop
  endfacet
  facet normal 5.320321e-01 -8.467242e-01 0.000000e+00
    outer loop
      vertex   2.736777e+01 -3.630194e+01 2.230000e+02
      vertex   2.736777e+01 -3.630194e+01 2.183000e+02
      vertex   2.774698e+01 -3.606366e+01 2.230000e+02
    endloop
  endfacet
  facet normal 5.320321e-01 -8.467242e-01 0.000000e+00
    outer loop
      vertex   2.774698e+01 -3.606366e+01 2.230000e+02
      vertex   2.736777e+01 -3.630194e+01 2.183000e+02
      vertex   2.774698e+01 -3.606366e+01 2.183000e+02
    endloop
  endfacet
  facet normal 7.071068e-01 -7.071068e-01 0.000000e+00
    outer loop
      vertex   2.774698e+01 -3.606366e+01 2.230000e+02
      vertex   2.774698e+01 -3.606366e+01 2.183000e+02
      vertex   2.806366e+01 -3.574698e+01 2.230000e+02
    endloop
  endfacet
  facet normal 7.071068e-01 -7.071068e-01 0.000000e+00
    outer loop
      vertex   2.806366e+01 -3.574698e+01 2.230000e+02
      vertex   2.774698e+01 -3.606366e+01 2.183000e+02
      vertex   2.806366e+01 -3.574698e+01 2.183000e+02
    endloop
  endfacet
  facet normal 8.467242e-01 -5.320321e-01 0.000000e+00
    outer loop
      vertex   2.806366e+01 -3.574698e+01 2.230000e+02
      vertex   2.806366e+01 -3.574698e+01 2.183000e+02
      vertex   2.830194e+01 -3.536777e+01 2.230000e+02
    endloop
  endfacet
  facet normal 8.467242e-01 -5.320321e-01 0.000000e+00
    outer loop
      vertex   2.830194e+01 -3.536777e+01 2.230000e+02
      vertex   2.806366e+01 -3.574698e+01 2.183000e+02
      vertex   2.830194e+01 -3.536777e+01 2.183000e+02
    endloop
  endfacet
  facet normal 9.438833e-01 -3.302791e-01 0.000000e+00
    outer loop
      vertex   2.830194e+01 -3.536777e+01 2.230000e+02
      vertex   2.830194e+01 -3.536777e+01 2.183000e+02
      vertex   2.844986e+01 -3.494504e+01 2.230000e+02
    endloop
  endfacet
  facet normal 9.438833e-01 -3.302791e-01 0.000000e+00
    outer loop
      vertex   2.844986e+01 -3.494504e+01 2.230000e+02
      vertex   2.830194e+01 -3.536777e+01 2.183000e+02
      vertex   2.844986e+01 -3.494504e+01 2.183000e+02
    endloop
  endfacet
  facet normal 9.937122e-01 -1.119645e-01 0.000000e+00
    outer loop
      vertex   2.844986e+01 -3.494504e+01 2.230000e+02
      vertex   2.844986e+01 -3.494504e+01 2.183000e+02
      vertex   2.850000e+01 -3.450000e+01 2.230000e+02
    endloop
  endfacet
  facet normal 9.937122e-01 -1.119645e-01 0.000000e+00
    outer loop
      vertex   2.850000e+01 -3.450000e+01 2.230000e+02
      vertex   2.844986e+01 -3.494504e+01 2.183000e+02
      vertex   2.850000e+01 -3.450000e+01 2.183000e+02
    endloop
  endfacet
  facet normal 0.000000e+00 -1.000000e+00 0.000000e+00
    outer loop
      vertex   2.650000e+01 -3.650000e+01 2.183000e+02
      vertex   2.650000e+01 -3.650000e+01 2.230000e+02
      vertex   -2.650000e+01 -3.650000e+01 2.183000e+02
    endloop
  endfacet
  facet normal 0.000000e+00 -1.000000e+00 0.000000e+00
    outer loop
      vertex   -2.650000e+01 -3.650000e+01 2.183000e+02
      vertex   2.650000e+01 -3.650000e+01 2.230000e+02
      vertex   -2.650000e+01 -3.650000e+01 2.230000e+02
    endloop
  endfacet
  facet normal 0.000000e+00 -1.000000e+00 0.000000e+00
    outer loop
      vertex   -2.650000e+01 -3.650000e+01 2.230000e+02
      vertex   2.650000e+01 -3.650000e+01 2.230000e+02
      vertex   -3.250000e+01 -3.650000e+01 2.260000e+02
    endloop
  endfacet
  facet normal 0.000000e+00 -1.000000e+00 0.000000e+00
    outer loop
      vertex   -2.650000e+01 -3.650000e+01 2.230000e+02
      vertex   -3.250000e+01 -3.650000e+01 2.260000e+02
      vertex   -3.250000e+01 -3.650000e+01 2.230000e+02
    endloop
  endfacet
  facet normal 0.000000e+00 -1.000000e+00 0.000000e+00
    outer loop
      vertex   3.250000e+01 -3.650000e+01 2.230000e+02
      vertex   3.250000e+01 -3.650000e+01 2.260000e+02
      vertex   2.650000e+01 -3.650000e+01 2.230000e+02
    endloop
  endfacet
  facet normal 0.000000e+00 -1.000000e+00 0.000000e+00
    outer loop
      vertex   2.650000e+01 -3.650000e+01 2.230000e+02
      vertex   3.250000e+01 -3.650000e+01 2.260000e+02
      vertex   -3.250000e+01 -3.650000e+01 2.260000e+02
    endloop
  endfacet
  facet normal 9.961947e-01 -8.715574e-02 0.000000e+00
    outer loop
      vertex   2.850000e+01 -3.250000e+01 2.230000e+02
      vertex   2.850000e+01 -3.250000e+01 2.183000e+02
      vertex   2.856077e+01 -3.180541e+01 2.230000e+02
    endloop
  endfacet
  facet normal 9.961947e-01 -8.715574e-02 -7.530201e-16
    outer loop
      vertex   2.856077e+01 -3.180541e+01 2.230000e+02
      vertex   2.850000e+01 -3.250000e+01 2.183000e+02
      vertex   2.856077e+01 -3.180541e+01 2.183000e+02
    endloop
  endfacet
  facet normal 9.659258e-01 -2.588190e-01 -7.301400e-16
    outer loop
      vertex   2.856077e+01 -3.180541e+01 2.230000e+02
      vertex   2.856077e+01 -3.180541e+01 2.183000e+02
      vertex   2.874123e+01 -3.113192e+01 2.230000e+02
    endloop
  endfacet
  facet normal 9.659258e-01 -2.588190e-01 1.956404e-16
    outer loop
      vertex   2.874123e+01 -3.113192e+01 2.230000e+02
      vertex   2.856077e+01 -3.180541e+01 2.183000e+02
      vertex   2.874123e+01 -3.113192e+01 2.183000e+02
    endloop
  endfacet
  facet normal 9.063078e-01 -4.226183e-01 3.194557e-16
    outer loop
      vertex   2.874123e+01 -3.113192e+01 2.230000e+02
      vertex   2.874123e+01 -3.113192e+01 2.183000e+02
      vertex   2.903590e+01 -3.050000e+01 2.230000e+02
    endloop
  endfacet
  facet normal 9.063078e-01 -4.226183e-01 3.194557e-16
    outer loop
      vertex   2.903590e+01 -3.050000e+01 2.230000e+02
      vertex   2.874123e+01 -3.113192e+01 2.183000e+02
      vertex   2.903590e+01 -3.050000e+01 2.183000e+02
    endloop
  endfacet
  facet normal 8.191520e-01 -5.735764e-01 4.335644e-16
    outer loop
      vertex   2.903590e+01 -3.050000e+01 2.230000e+02
      vertex   2.903590e+01 -3.050000e+01 2.183000e+02
      vertex   2.943582e+01 -2.992885e+01 2.230000e+02
    endloop
  endfacet
  facet normal 8.191520e-01 -5.735764e-01 -4.335644e-16
    outer loop
      vertex   2.943582e+01 -2.992885e+01 2.230000e+02
      vertex   2.903590e+01 -3.050000e+01 2.183000e+02
      vertex   2.943582e+01 -2.992885e+01 2.183000e+02
    endloop
  endfacet
  facet normal 7.071068e-01 -7.071068e-01 -5.344996e-16
    outer loop
      vertex   2.943582e+01 -2.992885e+01 2.230000e+02
      vertex   2.943582e+01 -2.992885e+01 2.183000e+02
      vertex   2.992885e+01 -2.943582e+01 2.230000e+02
    endloop
  endfacet
  facet normal 7.071068e-01 -7.071068e-01 5.344996e-16
    outer loop
      vertex   2.992885e+01 -2.943582e+01 2.230000e+02
      vertex   2.943582e+01 -2.992885e+01 2.183000e+02
      vertex   2.992885e+01 -2.943582e+01 2.183000e+02
    endloop
  endfacet
  facet normal 5.735764e-01 -8.191520e-01 4.335644e-16
    outer loop
      vertex   2.992885e+01 -2.943582e+01 2.230000e+02
      vertex   2.992885e+01 -2.943582e+01 2.183000e+02
      vertex   3.050000e+01 -2.903590e+01 2.230000e+02
    endloop
  endfacet
  facet normal 5.735764e-01 -8.191520e-01 -4.335644e-16
    outer loop
      vertex   3.050000e+01 -2.903590e+01 2.230000e+02
      vertex   2.992885e+01 -2.943582e+01 2.183000e+02
      vertex   3.050000e+01 -2.903590e+01 2.183000e+02
    endloop
  endfacet
  facet normal 4.226183e-01 -9.063078e-01 -3.194557e-16
    outer loop
      vertex   3.050000e+01 -2.903590e+01 2.230000e+02
      vertex   3.050000e+01 -2.903590e+01 2.183000e+02
      vertex   3.113192e+01 -2.874123e+01 2.230000e+02
    endloop
  endfacet
  facet normal 4.226183e-01 -9.063078e-01 -3.194557e-16
    outer loop
      vertex   3.113192e+01 -2.874123e+01 2.230000e+02
      vertex   3.050000e+01 -2.903590e+01 2.183000e+02
      vertex   3.113192e+01 -2.874123e+01 2.183000e+02
    endloop
  endfacet
  facet normal 2.588190e-01 -9.659258e-01 -1.956404e-16
    outer loop
      vertex   3.113192e+01 -2.874123e+01 2.230000e+02
      vertex   3.113192e+01 -2.874123e+01 2.183000e+02
      vertex   3.180541e+01 -2.856077e+01 2.230000e+02
    endloop
  endfacet
  facet normal 2.588190e-01 -9.659258e-01 7.301400e-16
    outer loop
      vertex   3.180541e+01 -2.856077e+01 2.230000e+02
      vertex   3.113192e+01 -2.874123e+01 2.183000e+02
      vertex   3.180541e+01 -2.856077e+01 2.183000e+02
    endloop
  endfacet
  facet normal 8.715574e-02 -9.961947e-01 7.530201e-16
    outer loop
      vertex   3.180541e+01 -2.856077e+01 2.230000e+02
      vertex   3.180541e+01 -2.856077e+01 2.183000e+02
      vertex   3.250000e+01 -2.850000e+01 2.230000e+02
    endloop
  endfacet
  facet normal 8.715574e-02 -9.961947e-01 0.000000e+00
    outer loop
      vertex   3.250000e+01 -2.850000e+01 2.230000e+02
      vertex   3.180541e+01 -2.856077e+01 2.183000e+02
      vertex   3.250000e+01 -2.850000e+01 2.183000e+02
    endloop
  endfacet
  facet normal 1.000000e+00 -0.000000e+00 0.000000e+00
    outer loop
      vertex   2.850000e+01 -3.450000e+01 2.230000e+02
      vertex   2.850000e+01 -3.450000e+01 2.183000e+02
      vertex   2.850000e+01 -3.250000e+01 2.230000e+02
    endloop
  endfacet
  facet normal 1.000000e+00 0.000000e+00 0.000000e+00
    outer loop
      vertex   2.850000e+01 -3.250000e+01 2.230000e+02
      vertex   2.850000e+01 -3.450000e+01 2.183000e+02
      vertex   2.850000e+01 -3.250000e+01 2.183000e+02
    endloop
  endfacet
  facet normal 0.000000e+00 0.000000e+00 -1.000000e+00
    outer loop
      vertex   2.850000e+01 -3.250000e+01 2.230000e+02
      vertex   3.068694e+01 -3.321784e+01 2.230000e+02
      vertex   2.850000e+01 -3.450000e+01 2.230000e+02
    endloop
  endfacet
  facet normal -5.883897e-14 1.003598e-13 -1.000000e+00
    outer loop
      vertex   2.850000e+01 -3.450000e+01 2.230000e+02
      vertex   3.068694e+01 -3.321784e+01 2.230000e+02
      vertex   3.092242e+01 -3.364618e+01 2.230000e+02
    endloop
  endfacet
  facet normal -1.763021e-14 -1.655587e-14 -1.000000e+00
    outer loop
      vertex   2.850000e+01 -3.450000e+01 2.230000e+02
      vertex   3.092242e+01 -3.364618e+01 2.230000e+02
      vertex   3.125702e+01 -3.400250e+01 2.230000e+02
    endloop
  endfacet
  facet normal 2.780997e-14 -2.433057e-15 -1.000000e+00
    outer loop
      vertex   2.856077e+01 -3.180541e+01 2.230000e+02
      vertex   3.056538e+01 -3.225560e+01 2.230000e+02
      vertex   2.850000e+01 -3.250000e+01 2.230000e+02
    endloop
  endfacet
  facet normal 1.376103e-14 1.162919e-13 -1.000000e+00
    outer loop
      vertex   2.850000e+01 -3.250000e+01 2.230000e+02
      vertex   3.056538e+01 -3.225560e+01 2.230000e+02
      vertex   3.056538e+01 -3.274440e+01 2.230000e+02
    endloop
  endfacet
  facet normal 0.000000e+00 0.000000e+00 -1.000000e+00
    outer loop
      vertex   2.850000e+01 -3.250000e+01 2.230000e+02
      vertex   3.056538e+01 -3.274440e+01 2.230000e+02
      vertex   3.068694e+01 -3.321784e+01 2.230000e+02
    endloop
  endfacet
  facet normal 2.681044e-14 -6.883751e-15 -1.000000e+00
    outer loop
      vertex   3.056538e+01 -3.225560e+01 2.230000e+02
      vertex   2.856077e+01 -3.180541e+01 2.230000e+02
      vertex   3.068694e+01 -3.178216e+01 2.230000e+02
    endloop
  endfacet
  facet normal 2.681373e-14 -7.184717e-15 -1.000000e+00
    outer loop
      vertex   3.068694e+01 -3.178216e+01 2.230000e+02
      vertex   2.856077e+01 -3.180541e+01 2.230000e+02
      vertex   2.874123e+01 -3.113192e+01 2.230000e+02
    endloop
  endfacet
  facet normal 2.527591e-14 -1.178635e-14 -1.000000e+00
    outer loop
      vertex   3.068694e+01 -3.178216e+01 2.230000e+02
      vertex   2.874123e+01 -3.113192e+01 2.230000e+02
      vertex   2.903590e+01 -3.050000e+01 2.230000e+02
    endloop
  endfacet
  facet normal 9.635108e-14 7.973736e-14 -1.000000e+00
    outer loop
      vertex   3.068694e+01 -3.178216e+01 2.230000e+02
      vertex   2.903590e+01 -3.050000e+01 2.230000e+02
      vertex   3.092242e+01 -3.135382e+01 2.230000e+02
    endloop
  endfacet
  facet normal 4.576085e-14 -3.204209e-14 -1.000000e+00
    outer loop
      vertex   3.092242e+01 -3.135382e+01 2.230000e+02
      vertex   2.903590e+01 -3.050000e+01 2.230000e+02
      vertex   2.943582e+01 -2.992885e+01 2.230000e+02
    endloop
  endfacet
  facet normal 4.024698e-14 -3.779443e-14 -1.000000e+00
    outer loop
      vertex   3.092242e+01 -3.135382e+01 2.230000e+02
      vertex   2.943582e+01 -2.992885e+01 2.230000e+02
      vertex   3.125702e+01 -3.099750e+01 2.230000e+02
    endloop
  endfacet
  facet normal 3.934004e-14 -3.934004e-14 -1.000000e+00
    outer loop
      vertex   3.125702e+01 -3.099750e+01 2.230000e+02
      vertex   2.943582e+01 -2.992885e+01 2.230000e+02
      vertex   2.992885e+01 -2.943582e+01 2.230000e+02
    endloop
  endfacet
  facet normal 3.194815e-14 -4.562669e-14 -1.000000e+00
    outer loop
      vertex   3.125702e+01 -3.099750e+01 2.230000e+02
      vertex   2.992885e+01 -2.943582e+01 2.230000e+02
      vertex   3.050000e+01 -2.903590e+01 2.230000e+02
    endloop
  endfacet
  facet normal 2.954431e-14 -4.655438e-14 -1.000000e+00
    outer loop
      vertex   3.125702e+01 -3.099750e+01 2.230000e+02
      vertex   3.050000e+01 -2.903590e+01 2.230000e+02
      vertex   3.166973e+01 -3.073559e+01 2.230000e+02
    endloop
  endfacet
  facet normal 2.361232e-14 -5.063679e-14 -1.000000e+00
    outer loop
      vertex   3.166973e+01 -3.073559e+01 2.230000e+02
      vertex   3.050000e+01 -2.903590e+01 2.230000e+02
      vertex   3.113192e+01 -2.874123e+01 2.230000e+02
    endloop
  endfacet
  facet normal 7.324255e-14 -3.725319e-14 -1.000000e+00
    outer loop
      vertex   3.166973e+01 -3.073559e+01 2.230000e+02
      vertex   3.113192e+01 -2.874123e+01 2.230000e+02
      vertex   3.213461e+01 -3.058454e+01 2.230000e+02
    endloop
  endfacet
  facet normal 1.802947e-14 -6.728690e-14 -1.000000e+00
    outer loop
      vertex   3.213461e+01 -3.058454e+01 2.230000e+02
      vertex   3.113192e+01 -2.874123e+01 2.230000e+02
      vertex   3.180541e+01 -2.856077e+01 2.230000e+02
    endloop
  endfacet
  facet normal 6.057223e-15 -6.923438e-14 -1.000000e+00
    outer loop
      vertex   3.213461e+01 -3.058454e+01 2.230000e+02
      vertex   3.180541e+01 -2.856077e+01 2.230000e+02
      vertex   3.250000e+01 -2.850000e+01 2.230000e+02
    endloop
  endfacet
  facet normal -0.000000e+00 -5.298999e-14 -1.000000e+00
    outer loop
      vertex   3.450000e+01 -2.850000e+01 2.230000e+02
      vertex   3.310258e+01 -3.064544e+01 2.230000e+02
      vertex   3.250000e+01 -2.850000e+01 2.230000e+02
    endloop
  endfacet
  facet normal -1.068063e-14 -5.598983e-14 -1.000000e+00
    outer loop
      vertex   3.250000e+01 -2.850000e+01 2.230000e+02
      vertex   3.310258e+01 -3.064544e+01 2.230000e+02
      vertex   3.262244e+01 -3.055385e+01 2.230000e+02
    endloop
  endfacet
  facet normal -5.457369e-14 -5.860654e-14 -1.000000e+00
    outer loop
      vertex   3.250000e+01 -2.850000e+01 2.230000e+02
      vertex   3.262244e+01 -3.055385e+01 2.230000e+02
      vertex   3.213461e+01 -3.058454e+01 2.230000e+02
    endloop
  endfacet
  facet normal 2.463399e-15 -2.186327e-14 -1.000000e+00
    outer loop
      vertex   3.494504e+01 -2.844986e+01 2.230000e+02
      vertex   3.392149e+01 -3.116513e+01 2.230000e+02
      vertex   3.450000e+01 -2.850000e+01 2.230000e+02
    endloop
  endfacet
  facet normal -7.893399e-14 -4.194621e-15 -1.000000e+00
    outer loop
      vertex   3.450000e+01 -2.850000e+01 2.230000e+02
      vertex   3.392149e+01 -3.116513e+01 2.230000e+02
      vertex   3.354486e+01 -3.085356e+01 2.230000e+02
    endloop
  endfacet
  facet normal -6.827189e-14 -8.521588e-15 -1.000000e+00
    outer loop
      vertex   3.450000e+01 -2.850000e+01 2.230000e+02
      vertex   3.354486e+01 -3.085356e+01 2.230000e+02
      vertex   3.310258e+01 -3.064544e+01 2.230000e+02
    endloop
  endfacet
  facet normal -1.897109e-14 -1.378331e-14 -1.000000e+00
    outer loop
      vertex   3.392149e+01 -3.116513e+01 2.230000e+02
      vertex   3.494504e+01 -2.844986e+01 2.230000e+02
      vertex   3.420880e+01 -3.156058e+01 2.230000e+02
    endloop
  endfacet
  facet normal 6.971491e-15 -1.992338e-14 -1.000000e+00
    outer loop
      vertex   3.420880e+01 -3.156058e+01 2.230000e+02
      vertex   3.494504e+01 -2.844986e+01 2.230000e+02
      vertex   3.536777e+01 -2.830194e+01 2.230000e+02
    endloop
  endfacet
  facet normal -2.789400e-14 -7.523111e-15 -1.000000e+00
    outer loop
      vertex   3.420880e+01 -3.156058e+01 2.230000e+02
      vertex   3.536777e+01 -2.830194e+01 2.230000e+02
      vertex   3.650000e+01 -3.250000e+01 2.230000e+02
    endloop
  endfacet
  facet normal 0.000000e+00 0.000000e+00 -1.000000e+00
    outer loop
      vertex   3.650000e+01 -3.250000e+01 2.230000e+02
      vertex   3.536777e+01 -2.830194e+01 2.230000e+02
      vertex   3.574698e+01 -2.806366e+01 2.230000e+02
    endloop
  endfacet
  facet normal 0.000000e+00 0.000000e+00 -1.000000e+00
    outer loop
      vertex   3.650000e+01 -3.250000e+01 2.230000e+02
      vertex   3.574698e+01 -2.806366e+01 2.230000e+02
      vertex   3.606366e+01 -2.774698e+01 2.230000e+02
    endloop
  endfacet
  facet normal 0.000000e+00 0.000000e+00 -1.000000e+00
    outer loop
      vertex   3.606366e+01 -2.774698e+01 2.230000e+02
      vertex   3.630194e+01 -2.736777e+01 2.230000e+02
      vertex   3.650000e+01 -3.250000e+01 2.230000e+02
    endloop
  endfacet
  facet normal 0.000000e+00 0.000000e+00 -1.000000e+00
    outer loop
      vertex   3.650000e+01 -3.250000e+01 2.230000e+02
      vertex   3.630194e+01 -2.736777e+01 2.230000e+02
      vertex   3.644986e+01 -2.694504e+01 2.230000e+02
    endloop
  endfacet
  facet normal 0.000000e+00 0.000000e+00 -1.000000e+00
    outer loop
      vertex   3.650000e+01 -3.250000e+01 2.230000e+02
      vertex   3.644986e+01 -2.694504e+01 2.230000e+02
      vertex   3.650000e+01 -2.650000e+01 2.230000e+02
    endloop
  endfacet
  facet normal 4.864278e-21 -8.183705e-14 -1.000000e+00
    outer loop
      vertex   3.643923e+01 -3.319459e+01 2.230000e+02
      vertex   3.445000e+01 -3.250000e+01 2.230000e+02
      vertex   3.650000e+01 -3.250000e+01 2.230000e+02
    endloop
  endfacet
  facet normal -0.000000e+00 0.000000e+00 -1.000000e+00
    outer loop
      vertex   3.650000e+01 -3.250000e+01 2.230000e+02
      vertex   3.445000e+01 -3.250000e+01 2.230000e+02
      vertex   3.438874e+01 -3.201505e+01 2.230000e+02
    endloop
  endfacet
  facet normal 3.160310e-14 1.375876e-13 -1.000000e+00
    outer loop
      vertex   3.650000e+01 -3.250000e+01 2.230000e+02
      vertex   3.438874e+01 -3.201505e+01 2.230000e+02
      vertex   3.420880e+01 -3.156058e+01 2.230000e+02
    endloop
  endfacet
  facet normal 4.696830e-14 5.267460e-14 -1.000000e+00
    outer loop
      vertex   3.445000e+01 -3.250000e+01 2.230000e+02
      vertex   3.643923e+01 -3.319459e+01 2.230000e+02
      vertex   3.438874e+01 -3.298495e+01 2.230000e+02
    endloop
  endfacet
  facet normal 3.627426e-14 -5.192043e-14 -1.000000e+00
    outer loop
      vertex   3.438874e+01 -3.298495e+01 2.230000e+02
      vertex   3.643923e+01 -3.319459e+01 2.230000e+02
      vertex   3.625877e+01 -3.386808e+01 2.230000e+02
    endloop
  endfacet
  facet normal 7.609884e-14 3.240788e-14 -1.000000e+00
    outer loop
      vertex   3.438874e+01 -3.298495e+01 2.230000e+02
      vertex   3.625877e+01 -3.386808e+01 2.230000e+02
      vertex   3.420880e+01 -3.343942e+01 2.230000e+02
    endloop
  endfacet
  facet normal 6.316328e-14 -2.945352e-14 -1.000000e+00
    outer loop
      vertex   3.420880e+01 -3.343942e+01 2.230000e+02
      vertex   3.625877e+01 -3.386808e+01 2.230000e+02
      vertex   3.596410e+01 -3.450000e+01 2.230000e+02
    endloop
  endfacet
  facet normal 5.689053e-14 -3.983517e-14 -1.000000e+00
    outer loop
      vertex   3.420880e+01 -3.343942e+01 2.230000e+02
      vertex   3.596410e+01 -3.450000e+01 2.230000e+02
      vertex   3.556418e+01 -3.507115e+01 2.230000e+02
    endloop
  endfacet
  facet normal 1.482392e-13 3.604260e-14 -1.000000e+00
    outer loop
      vertex   3.420880e+01 -3.343942e+01 2.230000e+02
      vertex   3.556418e+01 -3.507115e+01 2.230000e+02
      vertex   3.392149e+01 -3.383487e+01 2.230000e+02
    endloop
  endfacet
  facet normal 9.386002e-14 -3.621269e-14 -1.000000e+00
    outer loop
      vertex   3.392149e+01 -3.383487e+01 2.230000e+02
      vertex   3.556418e+01 -3.507115e+01 2.230000e+02
      vertex   3.507115e+01 -3.556418e+01 2.230000e+02
    endloop
  endfacet
  facet normal 5.263215e-14 -6.362135e-14 -1.000000e+00
    outer loop
      vertex   3.392149e+01 -3.383487e+01 2.230000e+02
      vertex   3.507115e+01 -3.556418e+01 2.230000e+02
      vertex   3.354486e+01 -3.414644e+01 2.230000e+02
    endloop
  endfacet
  facet normal 4.802278e-14 -6.858364e-14 -1.000000e+00
    outer loop
      vertex   3.354486e+01 -3.414644e+01 2.230000e+02
      vertex   3.507115e+01 -3.556418e+01 2.230000e+02
      vertex   3.450000e+01 -3.596410e+01 2.230000e+02
    endloop
  endfacet
  facet normal 3.539539e-14 -7.521903e-14 -1.000000e+00
    outer loop
      vertex   3.354486e+01 -3.414644e+01 2.230000e+02
      vertex   3.450000e+01 -3.596410e+01 2.230000e+02
      vertex   3.310258e+01 -3.435456e+01 2.230000e+02
    endloop
  endfacet
  facet normal 3.152158e-15 -1.032129e-13 -1.000000e+00
    outer loop
      vertex   3.310258e+01 -3.435456e+01 2.230000e+02
      vertex   3.450000e+01 -3.596410e+01 2.230000e+02
      vertex   3.386808e+01 -3.625877e+01 2.230000e+02
    endloop
  endfacet
  facet normal 2.527303e-14 -9.432022e-14 -1.000000e+00
    outer loop
      vertex   3.310258e+01 -3.435456e+01 2.230000e+02
      vertex   3.386808e+01 -3.625877e+01 2.230000e+02
      vertex   3.319459e+01 -3.643923e+01 2.230000e+02
    endloop
  endfacet
  facet normal 7.675354e-14 -9.204806e-14 -1.000000e+00
    outer loop
      vertex   3.310258e+01 -3.435456e+01 2.230000e+02
      vertex   3.319459e+01 -3.643923e+01 2.230000e+02
      vertex   3.262244e+01 -3.444615e+01 2.230000e+02
    endloop
  endfacet
  facet normal 1.294844e-13 -7.691067e-14 -1.000000e+00
    outer loop
      vertex   3.262244e+01 -3.444615e+01 2.230000e+02
      vertex   3.319459e+01 -3.643923e+01 2.230000e+02
      vertex   3.250000e+01 -3.650000e+01 2.230000e+02
    endloop
  endfacet
  facet normal -6.238008e-14 -6.547254e-14 -1.000000e+00
    outer loop
      vertex   3.262244e+01 -3.444615e+01 2.230000e+02
      vertex   3.250000e+01 -3.650000e+01 2.230000e+02
      vertex   3.213461e+01 -3.441546e+01 2.230000e+02
    endloop
  endfacet
  facet normal -1.484520e-13 -8.055986e-14 -1.000000e+00
    outer loop
      vertex   3.213461e+01 -3.441546e+01 2.230000e+02
      vertex   3.250000e+01 -3.650000e+01 2.230000e+02
      vertex   3.166973e+01 -3.426441e+01 2.230000e+02
    endloop
  endfacet
  facet normal -7.621005e-15 -2.825696e-14 -1.000000e+00
    outer loop
      vertex   3.166973e+01 -3.426441e+01 2.230000e+02
      vertex   3.250000e+01 -3.650000e+01 2.230000e+02
      vertex   2.830194e+01 -3.536777e+01 2.230000e+02
    endloop
  endfacet
  facet normal -1.113180e-14 -1.754090e-14 -1.000000e+00
    outer loop
      vertex   3.166973e+01 -3.426441e+01 2.230000e+02
      vertex   2.830194e+01 -3.536777e+01 2.230000e+02
      vertex   3.125702e+01 -3.400250e+01 2.230000e+02
    endloop
  endfacet
  facet normal -2.294518e-14 8.028865e-15 -1.000000e+00
    outer loop
      vertex   3.125702e+01 -3.400250e+01 2.230000e+02
      vertex   2.830194e+01 -3.536777e+01 2.230000e+02
      vertex   2.844986e+01 -3.494504e+01 2.230000e+02
    endloop
  endfacet
  facet normal -2.104557e-14 2.371266e-15 -1.000000e+00
    outer loop
      vertex   3.125702e+01 -3.400250e+01 2.230000e+02
      vertex   2.844986e+01 -3.494504e+01 2.230000e+02
      vertex   2.850000e+01 -3.450000e+01 2.230000e+02
    endloop
  endfacet
  facet normal 0.000000e+00 0.000000e+00 -1.000000e+00
    outer loop
      vertex   2.650000e+01 -3.650000e+01 2.230000e+02
      vertex   2.694504e+01 -3.644986e+01 2.230000e+02
      vertex   3.250000e+01 -3.650000e+01 2.230000e+02
    endloop
  endfacet
  facet normal 0.000000e+00 0.000000e+00 -1.000000e+00
    outer loop
      vertex   3.250000e+01 -3.650000e+01 2.230000e+02
      vertex   2.694504e+01 -3.644986e+01 2.230000e+02
      vertex   2.736777e+01 -3.630194e+01 2.230000e+02
    endloop
  endfacet
  facet normal 0.000000e+00 0.000000e+00 -1.000000e+00
    outer loop
      vertex   3.250000e+01 -3.650000e+01 2.230000e+02
      vertex   2.736777e+01 -3.630194e+01 2.230000e+02
      vertex   2.774698e+01 -3.606366e+01 2.230000e+02
    endloop
  endfacet
  facet normal 0.000000e+00 0.000000e+00 -1.000000e+00
    outer loop
      vertex   2.774698e+01 -3.606366e+01 2.230000e+02
      vertex   2.806366e+01 -3.574698e+01 2.230000e+02
      vertex   3.250000e+01 -3.650000e+01 2.230000e+02
    endloop
  endfacet
  facet normal 0.000000e+00 0.000000e+00 -1.000000e+00
    outer loop
      vertex   3.250000e+01 -3.650000e+01 2.230000e+02
      vertex   2.806366e+01 -3.574698e+01 2.230000e+02
      vertex   2.830194e+01 -3.536777e+01 2.230000e+02
    endloop
  endfacet
  facet normal -9.937122e-01 -1.119645e-01 -0.000000e+00
    outer loop
      vertex   -2.850000e+01 -3.450000e+01 2.230000e+02
      vertex   -2.850000e+01 -3.450000e+01 2.183000e+02
      vertex   -2.844986e+01 -3.494504e+01 2.230000e+02
    endloop
  endfacet
  facet normal -9.937122e-01 -1.119645e-01 3.004574e-15
    outer loop
      vertex   -2.844986e+01 -3.494504e+01 2.230000e+02
      vertex   -2.850000e+01 -3.450000e+01 2.183000e+02
      vertex   -2.844986e+01 -3.494504e+01 2.183000e+02
    endloop
  endfacet
  facet normal -9.438833e-01 -3.302791e-01 2.853913e-15
    outer loop
      vertex   -2.844986e+01 -3.494504e+01 2.230000e+02
      vertex   -2.844986e+01 -3.494504e+01 2.183000e+02
      vertex   -2.830194e+01 -3.536777e+01 2.230000e+02
    endloop
  endfacet
  facet normal -9.438833e-01 -3.302791e-01 2.639748e-15
    outer loop
      vertex   -2.830194e+01 -3.536777e+01 2.230000e+02
      vertex   -2.844986e+01 -3.494504e+01 2.183000e+02
      vertex   -2.830194e+01 -3.536777e+01 2.183000e+02
    endloop
  endfacet
  facet normal -8.467242e-01 -5.320321e-01 2.724430e-15
    outer loop
      vertex   -2.830194e+01 -3.536777e+01 2.230000e+02
      vertex   -2.830194e+01 -3.536777e+01 2.183000e+02
      vertex   -2.806366e+01 -3.574698e+01 2.230000e+02
    endloop
  endfacet
  facet normal -8.467242e-01 -5.320321e-01 2.724430e-15
    outer loop
      vertex   -2.806366e+01 -3.574698e+01 2.230000e+02
      vertex   -2.830194e+01 -3.536777e+01 2.183000e+02
      vertex   -2.806366e+01 -3.574698e+01 2.183000e+02
    endloop
  endfacet
  facet normal -7.071068e-01 -7.071068e-01 2.672498e-15
    outer loop
      vertex   -2.806366e+01 -3.574698e+01 2.230000e+02
      vertex   -2.806366e+01 -3.574698e+01 2.183000e+02
      vertex   -2.774698e+01 -3.606366e+01 2.230000e+02
    endloop
  endfacet
  facet normal -7.071068e-01 -7.071068e-01 5.344996e-16
    outer loop
      vertex   -2.774698e+01 -3.606366e+01 2.230000e+02
      vertex   -2.806366e+01 -3.574698e+01 2.183000e+02
      vertex   -2.774698e+01 -3.606366e+01 2.183000e+02
    endloop
  endfacet
  facet normal -5.320321e-01 -8.467242e-01 4.021612e-16
    outer loop
      vertex   -2.774698e+01 -3.606366e+01 2.230000e+02
      vertex   -2.774698e+01 -3.606366e+01 2.183000e+02
      vertex   -2.736777e+01 -3.630194e+01 2.230000e+02
    endloop
  endfacet
  facet normal -5.320321e-01 -8.467242e-01 2.962305e-15
    outer loop
      vertex   -2.736777e+01 -3.630194e+01 2.230000e+02
      vertex   -2.774698e+01 -3.606366e+01 2.183000e+02
      vertex   -2.736777e+01 -3.630194e+01 2.183000e+02
    endloop
  endfacet
  facet normal -3.302791e-01 -9.438833e-01 3.103569e-15
    outer loop
      vertex   -2.736777e+01 -3.630194e+01 2.230000e+02
      vertex   -2.736777e+01 -3.630194e+01 2.183000e+02
      vertex   -2.694504e+01 -3.644986e+01 2.230000e+02
    endloop
  endfacet
  facet normal -3.302791e-01 -9.438833e-01 2.853913e-15
    outer loop
      vertex   -2.694504e+01 -3.644986e+01 2.230000e+02
      vertex   -2.736777e+01 -3.630194e+01 2.183000e+02
      vertex   -2.694504e+01 -3.644986e+01 2.183000e+02
    endloop
  endfacet
  facet normal -1.119645e-01 -9.937122e-01 3.004574e-15
    outer loop
      vertex   -2.694504e+01 -3.644986e+01 2.230000e+02
      vertex   -2.694504e+01 -3.644986e+01 2.183000e+02
      vertex   -2.650000e+01 -3.650000e+01 2.230000e+02
    endloop
  endfacet
  facet normal -1.119645e-01 -9.937122e-01 -0.000000e+00
    outer loop
      vertex   -2.650000e+01 -3.650000e+01 2.230000e+02
      vertex   -2.694504e+01 -3.644986e+01 2.183000e+02
      vertex   -2.650000e+01 -3.650000e+01 2.183000e+02
    endloop
  endfacet
  facet normal -1.000000e+00 0.000000e+00 0.000000e+00
    outer loop
      vertex   -2.850000e+01 -3.450000e+01 2.183000e+02
      vertex   -2.850000e+01 -3.450000e+01 2.230000e+02
      vertex   -2.850000e+01 -3.250000e+01 2.183000e+02
    endloop
  endfacet
  facet normal -1.000000e+00 0.000000e+00 0.000000e+00
    outer loop
      vertex   -2.850000e+01 -3.250000e+01 2.183000e+02
      vertex   -2.850000e+01 -3.450000e+01 2.230000e+02
      vertex   -2.850000e+01 -3.250000e+01 2.230000e+02
    endloop
  endfacet
  facet normal -9.937122e-01 -1.119645e-01 -0.000000e+00
    outer loop
      vertex   -3.650000e+01 -2.650000e+01 2.230000e+02
      vertex   -3.650000e+01 -2.650000e+01 2.183000e+02
      vertex   -3.644986e+01 -2.694504e+01 2.230000e+02
    endloop
  endfacet
  facet normal -9.937122e-01 -1.119645e-01 3.004574e-15
    outer loop
      vertex   -3.644986e+01 -2.694504e+01 2.230000e+02
      vertex   -3.650000e+01 -2.650000e+01 2.183000e+02
      vertex   -3.644986e+01 -2.694504e+01 2.183000e+02
    endloop
  endfacet
  facet normal -9.438833e-01 -3.302791e-01 2.853913e-15
    outer loop
      vertex   -3.644986e+01 -2.694504e+01 2.230000e+02
      vertex   -3.644986e+01 -2.694504e+01 2.183000e+02
      vertex   -3.630194e+01 -2.736777e+01 2.230000e+02
    endloop
  endfacet
  facet normal -9.438833e-01 -3.302791e-01 3.103569e-15
    outer loop
      vertex   -3.630194e+01 -2.736777e+01 2.230000e+02
      vertex   -3.644986e+01 -2.694504e+01 2.183000e+02
      vertex   -3.630194e+01 -2.736777e+01 2.183000e+02
    endloop
  endfacet
  facet normal -8.467242e-01 -5.320321e-01 2.962305e-15
    outer loop
      vertex   -3.630194e+01 -2.736777e+01 2.230000e+02
      vertex   -3.630194e+01 -2.736777e+01 2.183000e+02
      vertex   -3.606366e+01 -2.774698e+01 2.230000e+02
    endloop
  endfacet
  facet normal -8.467242e-01 -5.320321e-01 8.043224e-16
    outer loop
      vertex   -3.606366e+01 -2.774698e+01 2.230000e+02
      vertex   -3.630194e+01 -2.736777e+01 2.183000e+02
      vertex   -3.606366e+01 -2.774698e+01 2.183000e+02
    endloop
  endfacet
  facet normal -7.071068e-01 -7.071068e-01 1.068999e-15
    outer loop
      vertex   -3.606366e+01 -2.774698e+01 2.230000e+02
      vertex   -3.606366e+01 -2.774698e+01 2.183000e+02
      vertex   -3.574698e+01 -2.806366e+01 2.230000e+02
    endloop
  endfacet
  facet normal -7.071068e-01 -7.071068e-01 2.672498e-15
    outer loop
      vertex   -3.574698e+01 -2.806366e+01 2.230000e+02
      vertex   -3.606366e+01 -2.774698e+01 2.183000e+02
      vertex   -3.574698e+01 -2.806366e+01 2.183000e+02
    endloop
  endfacet
  facet normal -5.320321e-01 -8.467242e-01 2.724430e-15
    outer loop
      vertex   -3.574698e+01 -2.806366e+01 2.230000e+02
      vertex   -3.574698e+01 -2.806366e+01 2.183000e+02
      vertex   -3.536777e+01 -2.830194e+01 2.230000e+02
    endloop
  endfacet
  facet normal -5.320321e-01 -8.467242e-01 2.084394e-15
    outer loop
      vertex   -3.536777e+01 -2.830194e+01 2.230000e+02
      vertex   -3.574698e+01 -2.806366e+01 2.183000e+02
      vertex   -3.536777e+01 -2.830194e+01 2.183000e+02
    endloop
  endfacet
  facet normal -3.302791e-01 -9.438833e-01 1.926270e-15
    outer loop
      vertex   -3.536777e+01 -2.830194e+01 2.230000e+02
      vertex   -3.536777e+01 -2.830194e+01 2.183000e+02
      vertex   -3.494504e+01 -2.844986e+01 2.230000e+02
    endloop
  endfacet
  facet normal -3.302791e-01 -9.438833e-01 1.426956e-15
    outer loop
      vertex   -3.494504e+01 -2.844986e+01 2.230000e+02
      vertex   -3.536777e+01 -2.830194e+01 2.183000e+02
      vertex   -3.494504e+01 -2.844986e+01 2.183000e+02
    endloop
  endfacet
  facet normal -1.119645e-01 -9.937122e-01 1.502287e-15
    outer loop
      vertex   -3.494504e+01 -2.844986e+01 2.230000e+02
      vertex   -3.494504e+01 -2.844986e+01 2.183000e+02
      vertex   -3.450000e+01 -2.850000e+01 2.230000e+02
    endloop
  endfacet
  facet normal -1.119645e-01 -9.937122e-01 -0.000000e+00
    outer loop
      vertex   -3.450000e+01 -2.850000e+01 2.230000e+02
      vertex   -3.494504e+01 -2.844986e+01 2.183000e+02
      vertex   -3.450000e+01 -2.850000e+01 2.183000e+02
    endloop
  endfacet
  facet normal 0.000000e+00 -1.000000e+00 0.000000e+00
    outer loop
      vertex   -3.450000e+01 -2.850000e+01 2.230000e+02
      vertex   -3.450000e+01 -2.850000e+01 2.183000e+02
      vertex   -3.250000e+01 -2.850000e+01 2.230000e+02
    endloop
  endfacet
  facet normal 0.000000e+00 -1.000000e+00 -0.000000e+00
    outer loop
      vertex   -3.250000e+01 -2.850000e+01 2.230000e+02
      vertex   -3.450000e+01 -2.850000e+01 2.183000e+02
      vertex   -3.250000e+01 -2.850000e+01 2.183000e+02
    endloop
  endfacet
  facet normal -8.715574e-02 -9.961947e-01 -0.000000e+00
    outer loop
      vertex   -3.250000e+01 -2.850000e+01 2.230000e+02
      vertex   -3.250000e+01 -2.850000e+01 2.183000e+02
      vertex   -3.180541e+01 -2.856077e+01 2.230000e+02
    endloop
  endfacet
  facet normal -8.715574e-02 -9.961947e-01 -0.000000e+00
    outer loop
      vertex   -3.180541e+01 -2.856077e+01 2.230000e+02
      vertex   -3.250000e+01 -2.850000e+01 2.183000e+02
      vertex   -3.180541e+01 -2.856077e+01 2.183000e+02
    endloop
  endfacet
  facet normal -2.588190e-01 -9.659258e-01 -0.000000e+00
    outer loop
      vertex   -3.180541e+01 -2.856077e+01 2.230000e+02
      vertex   -3.180541e+01 -2.856077e+01 2.183000e+02
      vertex   -3.113192e+01 -2.874123e+01 2.230000e+02
    endloop
  endfacet
  facet normal -2.588190e-01 -9.659258e-01 -0.000000e+00
    outer loop
      vertex   -3.113192e+01 -2.874123e+01 2.230000e+02
      vertex   -3.180541e+01 -2.856077e+01 2.183000e+02
      vertex   -3.113192e+01 -2.874123e+01 2.183000e+02
    endloop
  endfacet
  facet normal -4.226183e-01 -9.063078e-01 -0.000000e+00
    outer loop
      vertex   -3.113192e+01 -2.874123e+01 2.230000e+02
      vertex   -3.113192e+01 -2.874123e+01 2.183000e+02
      vertex   -3.050000e+01 -2.903590e+01 2.230000e+02
    endloop
  endfacet
  facet normal -4.226183e-01 -9.063078e-01 -0.000000e+00
    outer loop
      vertex   -3.050000e+01 -2.903590e+01 2.230000e+02
      vertex   -3.113192e+01 -2.874123e+01 2.183000e+02
      vertex   -3.050000e+01 -2.903590e+01 2.183000e+02
    endloop
  endfacet
  facet normal -5.735764e-01 -8.191520e-01 -0.000000e+00
    outer loop
      vertex   -3.050000e+01 -2.903590e+01 2.230000e+02
      vertex   -3.050000e+01 -2.903590e+01 2.183000e+02
      vertex   -2.992885e+01 -2.943582e+01 2.230000e+02
    endloop
  endfacet
  facet normal -5.735764e-01 -8.191520e-01 -0.000000e+00
    outer loop
      vertex   -2.992885e+01 -2.943582e+01 2.230000e+02
      vertex   -3.050000e+01 -2.903590e+01 2.183000e+02
      vertex   -2.992885e+01 -2.943582e+01 2.183000e+02
    endloop
  endfacet
  facet normal -7.071068e-01 -7.071068e-01 -0.000000e+00
    outer loop
      vertex   -2.992885e+01 -2.943582e+01 2.230000e+02
      vertex   -2.992885e+01 -2.943582e+01 2.183000e+02
      vertex   -2.943582e+01 -2.992885e+01 2.230000e+02
    endloop
  endfacet
  facet normal -7.071068e-01 -7.071068e-01 -0.000000e+00
    outer loop
      vertex   -2.943582e+01 -2.992885e+01 2.230000e+02
      vertex   -2.992885e+01 -2.943582e+01 2.183000e+02
      vertex   -2.943582e+01 -2.992885e+01 2.183000e+02
    endloop
  endfacet
  facet normal -8.191520e-01 -5.735764e-01 -0.000000e+00
    outer loop
      vertex   -2.943582e+01 -2.992885e+01 2.230000e+02
      vertex   -2.943582e+01 -2.992885e+01 2.183000e+02
      vertex   -2.903590e+01 -3.050000e+01 2.230000e+02
    endloop
  endfacet
  facet normal -8.191520e-01 -5.735764e-01 -0.000000e+00
    outer loop
      vertex   -2.903590e+01 -3.050000e+01 2.230000e+02
      vertex   -2.943582e+01 -2.992885e+01 2.183000e+02
      vertex   -2.903590e+01 -3.050000e+01 2.183000e+02
    endloop
  endfacet
  facet normal -9.063078e-01 -4.226183e-01 -0.000000e+00
    outer loop
      vertex   -2.903590e+01 -3.050000e+01 2.230000e+02
      vertex   -2.903590e+01 -3.050000e+01 2.183000e+02
      vertex   -2.874123e+01 -3.113192e+01 2.230000e+02
    endloop
  endfacet
  facet normal -9.063078e-01 -4.226183e-01 -0.000000e+00
    outer loop
      vertex   -2.874123e+01 -3.113192e+01 2.230000e+02
      vertex   -2.903590e+01 -3.050000e+01 2.183000e+02
      vertex   -2.874123e+01 -3.113192e+01 2.183000e+02
    endloop
  endfacet
  facet normal -9.659258e-01 -2.588190e-01 -0.000000e+00
    outer loop
      vertex   -2.874123e+01 -3.113192e+01 2.230000e+02
      vertex   -2.874123e+01 -3.113192e+01 2.183000e+02
      vertex   -2.856077e+01 -3.180541e+01 2.230000e+02
    endloop
  endfacet
  facet normal -9.659258e-01 -2.588190e-01 -0.000000e+00
    outer loop
      vertex   -2.856077e+01 -3.180541e+01 2.230000e+02
      vertex   -2.874123e+01 -3.113192e+01 2.183000e+02
      vertex   -2.856077e+01 -3.180541e+01 2.183000e+02
    endloop
  endfacet
  facet normal -9.961947e-01 -8.715574e-02 -0.000000e+00
    outer loop
      vertex   -2.856077e+01 -3.180541e+01 2.230000e+02
      vertex   -2.856077e+01 -3.180541e+01 2.183000e+02
      vertex   -2.850000e+01 -3.250000e+01 2.230000e+02
    endloop
  endfacet
  facet normal -9.961947e-01 -8.715574e-02 -0.000000e+00
    outer loop
      vertex   -2.850000e+01 -3.250000e+01 2.230000e+02
      vertex   -2.856077e+01 -3.180541e+01 2.183000e+02
      vertex   -2.850000e+01 -3.250000e+01 2.183000e+02
    endloop
  endfacet
  facet normal 0.000000e+00 0.000000e+00 -1.000000e+00
    outer loop
      vertex   -2.650000e+01 -3.650000e+01 2.230000e+02
      vertex   -3.250000e+01 -3.650000e+01 2.230000e+02
      vertex   -2.694504e+01 -3.644986e+01 2.230000e+02
    endloop
  endfacet
  facet normal -0.000000e+00 0.000000e+00 -1.000000e+00
    outer loop
      vertex   -2.694504e+01 -3.644986e+01 2.230000e+02
      vertex   -3.250000e+01 -3.650000e+01 2.230000e+02
      vertex   -2.736777e+01 -3.630194e+01 2.230000e+02
    endloop
  endfacet
  facet normal -0.000000e+00 0.000000e+00 -1.000000e+00
    outer loop
      vertex   -2.736777e+01 -3.630194e+01 2.230000e+02
      vertex   -3.250000e+01 -3.650000e+01 2.230000e+02
      vertex   -2.774698e+01 -3.606366e+01 2.230000e+02
    endloop
  endfacet
  facet normal -0.000000e+00 0.000000e+00 -1.000000e+00
    outer loop
      vertex   -2.774698e+01 -3.606366e+01 2.230000e+02
      vertex   -3.250000e+01 -3.650000e+01 2.230000e+02
      vertex   -2.806366e+01 -3.574698e+01 2.230000e+02
    endloop
  endfacet
  facet normal -0.000000e+00 0.000000e+00 -1.000000e+00
    outer loop
      vertex   -2.806366e+01 -3.574698e+01 2.230000e+02
      vertex   -3.250000e+01 -3.650000e+01 2.230000e+02
      vertex   -2.830194e+01 -3.536777e+01 2.230000e+02
    endloop
  endfacet
  facet normal 1.479987e-14 -5.487459e-14 -1.000000e+00
    outer loop
      vertex   -2.830194e+01 -3.536777e+01 2.230000e+02
      vertex   -3.250000e+01 -3.650000e+01 2.230000e+02
      vertex   -3.145514e+01 -3.414644e+01 2.230000e+02
    endloop
  endfacet
  facet normal 4.170710e-14 1.459395e-14 -1.000000e+00
    outer loop
      vertex   -2.830194e+01 -3.536777e+01 2.230000e+02
      vertex   -3.145514e+01 -3.414644e+01 2.230000e+02
      vertex   -2.844986e+01 -3.494504e+01 2.230000e+02
    endloop
  endfacet
  facet normal 2.863197e-14 -3.461010e-14 -1.000000e+00
    outer loop
      vertex   -2.844986e+01 -3.494504e+01 2.230000e+02
      vertex   -3.145514e+01 -3.414644e+01 2.230000e+02
      vertex   -3.107851e+01 -3.383487e+01 2.230000e+02
    endloop
  endfacet
  facet normal 4.540991e-14 5.116468e-15 -1.000000e+00
    outer loop
      vertex   -2.844986e+01 -3.494504e+01 2.230000e+02
      vertex   -3.107851e+01 -3.383487e+01 2.230000e+02
      vertex   -2.850000e+01 -3.450000e+01 2.230000e+02
    endloop
  endfacet
  facet normal 6.835815e-14 9.407955e-14 -1.000000e+00
    outer loop
      vertex   -2.850000e+01 -3.450000e+01 2.230000e+02
      vertex   -3.107851e+01 -3.383487e+01 2.230000e+02
      vertex   -3.079120e+01 -3.343942e+01 2.230000e+02
    endloop
  endfacet
  facet normal 4.543130e-14 4.455001e-14 -1.000000e+00
    outer loop
      vertex   -2.850000e+01 -3.450000e+01 2.230000e+02
      vertex   -3.079120e+01 -3.343942e+01 2.230000e+02
      vertex   -3.061126e+01 -3.298495e+01 2.230000e+02
    endloop
  endfacet
  facet normal -4.845778e-15 -5.538750e-14 -1.000000e+00
    outer loop
      vertex   -3.319459e+01 -3.643923e+01 2.230000e+02
      vertex   -3.286539e+01 -3.441546e+01 2.230000e+02
      vertex   -3.250000e+01 -3.650000e+01 2.230000e+02
    endloop
  endfacet
  facet normal -6.238008e-14 -6.547254e-14 -1.000000e+00
    outer loop
      vertex   -3.250000e+01 -3.650000e+01 2.230000e+02
      vertex   -3.286539e+01 -3.441546e+01 2.230000e+02
      vertex   -3.237756e+01 -3.444615e+01 2.230000e+02
    endloop
  endfacet
  facet normal 7.322614e-14 -7.355679e-14 -1.000000e+00
    outer loop
      vertex   -3.250000e+01 -3.650000e+01 2.230000e+02
      vertex   -3.237756e+01 -3.444615e+01 2.230000e+02
      vertex   -3.189742e+01 -3.435456e+01 2.230000e+02
    endloop
  endfacet
  facet normal -1.442358e-14 -5.382952e-14 -1.000000e+00
    outer loop
      vertex   -3.319459e+01 -3.643923e+01 2.230000e+02
      vertex   -3.386808e+01 -3.625877e+01 2.230000e+02
      vertex   -3.286539e+01 -3.441546e+01 2.230000e+02
    endloop
  endfacet
  facet normal -1.209406e-13 4.111480e-15 -1.000000e+00
    outer loop
      vertex   -3.286539e+01 -3.441546e+01 2.230000e+02
      vertex   -3.386808e+01 -3.625877e+01 2.230000e+02
      vertex   -3.333027e+01 -3.426441e+01 2.230000e+02
    endloop
  endfacet
  facet normal -1.180616e-14 -2.531839e-14 -1.000000e+00
    outer loop
      vertex   -3.333027e+01 -3.426441e+01 2.230000e+02
      vertex   -3.386808e+01 -3.625877e+01 2.230000e+02
      vertex   -3.450000e+01 -3.596410e+01 2.230000e+02
    endloop
  endfacet
  facet normal -1.477215e-14 -2.327719e-14 -1.000000e+00
    outer loop
      vertex   -3.333027e+01 -3.426441e+01 2.230000e+02
      vertex   -3.450000e+01 -3.596410e+01 2.230000e+02
      vertex   -3.374298e+01 -3.400250e+01 2.230000e+02
    endloop
  endfacet
  facet normal -1.597408e-14 -2.281334e-14 -1.000000e+00
    outer loop
      vertex   -3.374298e+01 -3.400250e+01 2.230000e+02
      vertex   -3.450000e+01 -3.596410e+01 2.230000e+02
      vertex   -3.507115e+01 -3.556418e+01 2.230000e+02
    endloop
  endfacet
  facet normal -1.967002e-14 -1.967002e-14 -1.000000e+00
    outer loop
      vertex   -3.374298e+01 -3.400250e+01 2.230000e+02
      vertex   -3.507115e+01 -3.556418e+01 2.230000e+02
      vertex   -3.556418e+01 -3.507115e+01 2.230000e+02
    endloop
  endfacet
  facet normal -2.012349e-14 -1.889721e-14 -1.000000e+00
    outer loop
      vertex   -3.374298e+01 -3.400250e+01 2.230000e+02
      vertex   -3.556418e+01 -3.507115e+01 2.230000e+02
      vertex   -3.407758e+01 -3.364618e+01 2.230000e+02
    endloop
  endfacet
  facet normal -2.288043e-14 -1.602105e-14 -1.000000e+00
    outer loop
      vertex   -3.407758e+01 -3.364618e+01 2.230000e+02
      vertex   -3.556418e+01 -3.507115e+01 2.230000e+02
      vertex   -3.596410e+01 -3.450000e+01 2.230000e+02
    endloop
  endfacet
  facet normal -7.222306e-14 9.300185e-14 -1.000000e+00
    outer loop
      vertex   -3.407758e+01 -3.364618e+01 2.230000e+02
      vertex   -3.596410e+01 -3.450000e+01 2.230000e+02
      vertex   -3.431306e+01 -3.321784e+01 2.230000e+02
    endloop
  endfacet
  facet normal 0.000000e+00 0.000000e+00 -1.000000e+00
    outer loop
      vertex   -3.431306e+01 -3.321784e+01 2.230000e+02
      vertex   -3.596410e+01 -3.450000e+01 2.230000e+02
      vertex   -3.625877e+01 -3.386808e+01 2.230000e+02
    endloop
  endfacet
  facet normal -0.000000e+00 0.000000e+00 -1.000000e+00
    outer loop
      vertex   -3.431306e+01 -3.321784e+01 2.230000e+02
      vertex   -3.625877e+01 -3.386808e+01 2.230000e+02
      vertex   -3.643923e+01 -3.319459e+01 2.230000e+02
    endloop
  endfacet
  facet normal 0.000000e+00 0.000000e+00 -1.000000e+00
    outer loop
      vertex   -3.431306e+01 -3.321784e+01 2.230000e+02
      vertex   -3.643923e+01 -3.319459e+01 2.230000e+02
      vertex   -3.443462e+01 -3.274440e+01 2.230000e+02
    endloop
  endfacet
  facet normal -0.000000e+00 0.000000e+00 -1.000000e+00
    outer loop
      vertex   -3.443462e+01 -3.274440e+01 2.230000e+02
      vertex   -3.643923e+01 -3.319459e+01 2.230000e+02
      vertex   -3.650000e+01 -3.250000e+01 2.230000e+02
    endloop
  endfacet
  facet normal 1.376103e-14 1.162919e-13 -1.000000e+00
    outer loop
      vertex   -3.443462e+01 -3.274440e+01 2.230000e+02
      vertex   -3.650000e+01 -3.250000e+01 2.230000e+02
      vertex   -3.443462e+01 -3.225560e+01 2.230000e+02
    endloop
  endfacet
  facet normal 2.838445e-14 -7.287889e-15 -1.000000e+00
    outer loop
      vertex   -3.443462e+01 -3.225560e+01 2.230000e+02
      vertex   -3.650000e+01 -3.250000e+01 2.230000e+02
      vertex   -3.431306e+01 -3.178216e+01 2.230000e+02
    endloop
  endfacet
  facet normal -2.143573e-14 1.444912e-13 -1.000000e+00
    outer loop
      vertex   -3.431306e+01 -3.178216e+01 2.230000e+02
      vertex   -3.650000e+01 -3.250000e+01 2.230000e+02
      vertex   -3.407758e+01 -3.135382e+01 2.230000e+02
    endloop
  endfacet
  facet normal 5.379620e-14 -1.450903e-14 -1.000000e+00
    outer loop
      vertex   -3.407758e+01 -3.135382e+01 2.230000e+02
      vertex   -3.650000e+01 -3.250000e+01 2.230000e+02
      vertex   -3.536777e+01 -2.830194e+01 2.230000e+02
    endloop
  endfacet
  facet normal -1.529778e-14 -4.371854e-14 -1.000000e+00
    outer loop
      vertex   -3.407758e+01 -3.135382e+01 2.230000e+02
      vertex   -3.536777e+01 -2.830194e+01 2.230000e+02
      vertex   -3.494504e+01 -2.844986e+01 2.230000e+02
    endloop
  endfacet
  facet normal 0.000000e+00 0.000000e+00 -1.000000e+00
    outer loop
      vertex   -3.650000e+01 -2.650000e+01 2.230000e+02
      vertex   -3.644986e+01 -2.694504e+01 2.230000e+02
      vertex   -3.650000e+01 -3.250000e+01 2.230000e+02
    endloop
  endfacet
  facet normal 0.000000e+00 0.000000e+00 -1.000000e+00
    outer loop
      vertex   -3.650000e+01 -3.250000e+01 2.230000e+02
      vertex   -3.644986e+01 -2.694504e+01 2.230000e+02
      vertex   -3.630194e+01 -2.736777e+01 2.230000e+02
    endloop
  endfacet
  facet normal 0.000000e+00 0.000000e+00 -1.000000e+00
    outer loop
      vertex   -3.650000e+01 -3.250000e+01 2.230000e+02
      vertex   -3.630194e+01 -2.736777e+01 2.230000e+02
      vertex   -3.606366e+01 -2.774698e+01 2.230000e+02
    endloop
  endfacet
  facet normal 0.000000e+00 -0.000000e+00 -1.000000e+00
    outer loop
      vertex   -3.606366e+01 -2.774698e+01 2.230000e+02
      vertex   -3.574698e+01 -2.806366e+01 2.230000e+02
      vertex   -3.650000e+01 -3.250000e+01 2.230000e+02
    endloop
  endfacet
  facet normal 0.000000e+00 0.000000e+00 -1.000000e+00
    outer loop
      vertex   -3.650000e+01 -3.250000e+01 2.230000e+02
      vertex   -3.574698e+01 -2.806366e+01 2.230000e+02
      vertex   -3.536777e+01 -2.830194e+01 2.230000e+02
    endloop
  endfacet
  facet normal 3.162834e-14 -2.970099e-14 -1.000000e+00
    outer loop
      vertex   -3.407758e+01 -3.135382e+01 2.230000e+02
      vertex   -3.494504e+01 -2.844986e+01 2.230000e+02
      vertex   -3.374298e+01 -3.099750e+01 2.230000e+02
    endloop
  endfacet
  facet normal -5.310262e-15 -4.712988e-14 -1.000000e+00
    outer loop
      vertex   -3.374298e+01 -3.099750e+01 2.230000e+02
      vertex   -3.494504e+01 -2.844986e+01 2.230000e+02
      vertex   -3.450000e+01 -2.850000e+01 2.230000e+02
    endloop
  endfacet
  facet normal 2.422760e-14 -3.817658e-14 -1.000000e+00
    outer loop
      vertex   -3.374298e+01 -3.099750e+01 2.230000e+02
      vertex   -3.450000e+01 -2.850000e+01 2.230000e+02
      vertex   -3.333027e+01 -3.073559e+01 2.230000e+02
    endloop
  endfacet
  facet normal 6.637685e-14 -1.612275e-14 -1.000000e+00
    outer loop
      vertex   -3.333027e+01 -3.073559e+01 2.230000e+02
      vertex   -3.450000e+01 -2.850000e+01 2.230000e+02
      vertex   -3.286539e+01 -3.058454e+01 2.230000e+02
    endloop
  endfacet
  facet normal 0.000000e+00 -6.817262e-14 -1.000000e+00
    outer loop
      vertex   -3.286539e+01 -3.058454e+01 2.230000e+02
      vertex   -3.450000e+01 -2.850000e+01 2.230000e+02
      vertex   -3.250000e+01 -2.850000e+01 2.230000e+02
    endloop
  endfacet
  facet normal -5.457369e-14 -5.860654e-14 -1.000000e+00
    outer loop
      vertex   -3.286539e+01 -3.058454e+01 2.230000e+02
      vertex   -3.250000e+01 -2.850000e+01 2.230000e+02
      vertex   -3.237756e+01 -3.055385e+01 2.230000e+02
    endloop
  endfacet
  facet normal -4.868159e-15 -5.564331e-14 -1.000000e+00
    outer loop
      vertex   -3.237756e+01 -3.055385e+01 2.230000e+02
      vertex   -3.250000e+01 -2.850000e+01 2.230000e+02
      vertex   -3.180541e+01 -2.856077e+01 2.230000e+02
    endloop
  endfacet
  facet normal -1.031619e-14 -5.407935e-14 -1.000000e+00
    outer loop
      vertex   -3.237756e+01 -3.055385e+01 2.230000e+02
      vertex   -3.180541e+01 -2.856077e+01 2.230000e+02
      vertex   -3.189742e+01 -3.064544e+01 2.230000e+02
    endloop
  endfacet
  facet normal -1.444173e-14 -5.389727e-14 -1.000000e+00
    outer loop
      vertex   -3.189742e+01 -3.064544e+01 2.230000e+02
      vertex   -3.180541e+01 -2.856077e+01 2.230000e+02
      vertex   -3.113192e+01 -2.874123e+01 2.230000e+02
    endloop
  endfacet
  facet normal -2.344499e-14 -5.027794e-14 -1.000000e+00
    outer loop
      vertex   -3.189742e+01 -3.064544e+01 2.230000e+02
      vertex   -3.113192e+01 -2.874123e+01 2.230000e+02
      vertex   -3.050000e+01 -2.903590e+01 2.230000e+02
    endloop
  endfacet
  facet normal -6.921975e-14 -1.053591e-14 -1.000000e+00
    outer loop
      vertex   -3.189742e+01 -3.064544e+01 2.230000e+02
      vertex   -3.050000e+01 -2.903590e+01 2.230000e+02
      vertex   -3.145514e+01 -3.085356e+01 2.230000e+02
    endloop
  endfacet
  facet normal -2.401139e-14 -3.429182e-14 -1.000000e+00
    outer loop
      vertex   -3.145514e+01 -3.085356e+01 2.230000e+02
      vertex   -3.050000e+01 -2.903590e+01 2.230000e+02
      vertex   -2.992885e+01 -2.943582e+01 2.230000e+02
    endloop
  endfacet
  facet normal -6.623113e-14 1.116050e-14 -1.000000e+00
    outer loop
      vertex   -3.145514e+01 -3.085356e+01 2.230000e+02
      vertex   -2.992885e+01 -2.943582e+01 2.230000e+02
      vertex   -3.107851e+01 -3.116513e+01 2.230000e+02
    endloop
  endfacet
  facet normal -1.974434e-14 -1.974434e-14 -1.000000e+00
    outer loop
      vertex   -3.107851e+01 -3.116513e+01 2.230000e+02
      vertex   -2.992885e+01 -2.943582e+01 2.230000e+02
      vertex   -2.943582e+01 -2.992885e+01 2.230000e+02
    endloop
  endfacet
  facet normal -2.237136e-14 -1.625374e-14 -1.000000e+00
    outer loop
      vertex   -3.107851e+01 -3.116513e+01 2.230000e+02
      vertex   -2.943582e+01 -2.992885e+01 2.230000e+02
      vertex   -3.079120e+01 -3.156058e+01 2.230000e+02
    endloop
  endfacet
  facet normal -2.275621e-14 -1.593407e-14 -1.000000e+00
    outer loop
      vertex   -3.079120e+01 -3.156058e+01 2.230000e+02
      vertex   -2.943582e+01 -2.992885e+01 2.230000e+02
      vertex   -2.903590e+01 -3.050000e+01 2.230000e+02
    endloop
  endfacet
  facet normal -2.526531e-14 -1.178141e-14 -1.000000e+00
    outer loop
      vertex   -3.079120e+01 -3.156058e+01 2.230000e+02
      vertex   -2.903590e+01 -3.050000e+01 2.230000e+02
      vertex   -2.874123e+01 -3.113192e+01 2.230000e+02
    endloop
  endfacet
  facet normal -4.976287e-14 1.053726e-13 -1.000000e+00
    outer loop
      vertex   -3.079120e+01 -3.156058e+01 2.230000e+02
      vertex   -2.874123e+01 -3.113192e+01 2.230000e+02
      vertex   -3.061126e+01 -3.201505e+01 2.230000e+02
    endloop
  endfacet
  facet normal 0.000000e+00 0.000000e+00 -1.000000e+00
    outer loop
      vertex   -3.061126e+01 -3.201505e+01 2.230000e+02
      vertex   -2.874123e+01 -3.113192e+01 2.230000e+02
      vertex   -2.856077e+01 -3.180541e+01 2.230000e+02
    endloop
  endfacet
  facet normal 0.000000e+00 0.000000e+00 -1.000000e+00
    outer loop
      vertex   -3.061126e+01 -3.201505e+01 2.230000e+02
      vertex   -2.856077e+01 -3.180541e+01 2.230000e+02
      vertex   -3.055000e+01 -3.250000e+01 2.230000e+02
    endloop
  endfacet
  facet normal 0.000000e+00 0.000000e+00 -1.000000e+00
    outer loop
      vertex   -3.055000e+01 -3.250000e+01 2.230000e+02
      vertex   -2.856077e+01 -3.180541e+01 2.230000e+02
      vertex   -2.850000e+01 -3.250000e+01 2.230000e+02
    endloop
  endfacet
  facet normal 0.000000e+00 5.860808e-14 -1.000000e+00
    outer loop
      vertex   -3.055000e+01 -3.250000e+01 2.230000e+02
      vertex   -2.850000e+01 -3.250000e+01 2.230000e+02
      vertex   -3.061126e+01 -3.298495e+01 2.230000e+02
    endloop
  endfacet
  facet normal 1.346195e-14 0.000000e+00 -1.000000e+00
    outer loop
      vertex   -3.061126e+01 -3.298495e+01 2.230000e+02
      vertex   -2.850000e+01 -3.250000e+01 2.230000e+02
      vertex   -2.850000e+01 -3.450000e+01 2.230000e+02
    endloop
  endfacet
  facet normal 2.873268e-14 -6.106005e-14 -1.000000e+00
    outer loop
      vertex   -3.189742e+01 -3.435456e+01 2.230000e+02
      vertex   -3.145514e+01 -3.414644e+01 2.230000e+02
      vertex   -3.250000e+01 -3.650000e+01 2.230000e+02
    endloop
  endfacet
  facet normal -9.801714e-02 9.951847e-01 0.000000e+00
    outer loop
      vertex   1.600000e+01 -2.850000e+01 2.203000e+02
      vertex   1.619509e+01 -2.848079e+01 2.204951e+02
      vertex   1.600000e+01 -2.850000e+01 2.183000e+02
    endloop
  endfacet
  facet normal -1.305256e-01 9.914406e-01 2.921991e-03
    outer loop
      vertex   1.600000e+01 -2.850000e+01 2.183000e+02
      vertex   1.619509e+01 -2.848079e+01 2.204951e+02
      vertex   1.625882e+01 -2.846593e+01 2.183000e+02
    endloop
  endfacet
  facet normal -2.885477e-01 9.574637e-01 -1.895770e-03
    outer loop
      vertex   1.625882e+01 -2.846593e+01 2.183000e+02
      vertex   1.619509e+01 -2.848079e+01 2.204951e+02
      vertex   1.638268e+01 -2.842388e+01 2.206827e+02
    endloop
  endfacet
  facet normal -3.826810e-01 9.238736e-01 3.590525e-03
    outer loop
      vertex   1.625882e+01 -2.846593e+01 2.183000e+02
      vertex   1.638268e+01 -2.842388e+01 2.206827e+02
      vertex   1.650000e+01 -2.836603e+01 2.183000e+02
    endloop
  endfacet
  facet normal -4.700629e-01 8.826313e-01 -1.713323e-03
    outer loop
      vertex   1.650000e+01 -2.836603e+01 2.183000e+02
      vertex   1.638268e+01 -2.842388e+01 2.206827e+02
      vertex   1.655557e+01 -2.833147e+01 2.208556e+02
    endloop
  endfacet
  facet normal -6.087595e-01 7.933508e-01 2.509828e-03
    outer loop
      vertex   1.650000e+01 -2.836603e+01 2.183000e+02
      vertex   1.655557e+01 -2.833147e+01 2.208556e+02
      vertex   1.670711e+01 -2.820711e+01 2.183000e+02
    endloop
  endfacet
  facet normal -6.343933e-01 7.730105e-01 4.939607e-15
    outer loop
      vertex   1.670711e+01 -2.820711e+01 2.183000e+02
      vertex   1.655557e+01 -2.833147e+01 2.208556e+02
      vertex   1.670711e+01 -2.820711e+01 2.210071e+02
    endloop
  endfacet
  facet normal -7.730105e-01 6.343933e-01 -1.245551e-15
    outer loop
      vertex   1.670711e+01 -2.820711e+01 2.183000e+02
      vertex   1.670711e+01 -2.820711e+01 2.210071e+02
      vertex   1.683147e+01 -2.805557e+01 2.211315e+02
    endloop
  endfacet
  facet normal -7.933513e-01 6.087599e-01 2.265271e-03
    outer loop
      vertex   1.670711e+01 -2.820711e+01 2.183000e+02
      vertex   1.683147e+01 -2.805557e+01 2.211315e+02
      vertex   1.686603e+01 -2.800000e+01 2.183000e+02
    endloop
  endfacet
  facet normal -8.815878e-01 4.720177e-01 -1.495276e-03
    outer loop
      vertex   1.686603e+01 -2.800000e+01 2.183000e+02
      vertex   1.683147e+01 -2.805557e+01 2.211315e+02
      vertex   1.692388e+01 -2.788268e+01 2.212239e+02
    endloop
  endfacet
  facet normal -9.238756e-01 3.826818e-01 2.925942e-03
    outer loop
      vertex   1.686603e+01 -2.800000e+01 2.183000e+02
      vertex   1.692388e+01 -2.788268e+01 2.212239e+02
      vertex   1.696593e+01 -2.775882e+01 2.183000e+02
    endloop
  endfacet
  facet normal -9.568175e-01 2.906857e-01 -1.445004e-03
    outer loop
      vertex   1.696593e+01 -2.775882e+01 2.183000e+02
      vertex   1.692388e+01 -2.788268e+01 2.212239e+02
      vertex   1.698079e+01 -2.769509e+01 2.212808e+02
    endloop
  endfacet
  facet normal -9.892136e-01 1.464690e-01 1.799825e-03
    outer loop
      vertex   1.696593e+01 -2.775882e+01 2.183000e+02
      vertex   1.698079e+01 -2.769509e+01 2.212808e+02
      vertex   1.699518e+01 -2.759802e+01 2.212952e+02
    endloop
  endfacet
  facet normal -9.987955e-01 4.906767e-02 0.000000e+00
    outer loop
      vertex   1.700000e+01 -2.750000e+01 2.213000e+02
      vertex   1.700000e+01 -2.750000e+01 2.183000e+02
      vertex   1.699518e+01 -2.759802e+01 2.212952e+02
    endloop
  endfacet
  facet normal -9.914413e-01 1.305257e-01 2.677530e-03
    outer loop
      vertex   1.699518e+01 -2.759802e+01 2.212952e+02
      vertex   1.700000e+01 -2.750000e+01 2.183000e+02
      vertex   1.696593e+01 -2.775882e+01 2.183000e+02
    endloop
  endfacet
  facet normal -1.000000e+00 0.000000e+00 0.000000e+00
    outer loop
      vertex   1.700000e+01 -2.750000e+01 2.183000e+02
      vertex   1.700000e+01 -2.750000e+01 2.213000e+02
      vertex   1.700000e+01 2.750000e+01 2.183000e+02
    endloop
  endfacet
  facet normal -1.000000e+00 0.000000e+00 0.000000e+00
    outer loop
      vertex   1.700000e+01 2.750000e+01 2.183000e+02
      vertex   1.700000e+01 -2.750000e+01 2.213000e+02
      vertex   1.700000e+01 2.750000e+01 2.213000e+02
    endloop
  endfacet
  facet normal -9.801714e-02 9.951847e-01 0.000000e+00
    outer loop
      vertex   6.500000e+00 -2.850000e+01 2.203000e+02
      vertex   6.695090e+00 -2.848079e+01 2.204951e+02
      vertex   6.500000e+00 -2.850000e+01 2.183000e+02
    endloop
  endfacet
  facet normal -1.305256e-01 9.914406e-01 2.921991e-03
    outer loop
      vertex   6.500000e+00 -2.850000e+01 2.183000e+02
      vertex   6.695090e+00 -2.848079e+01 2.204951e+02
      vertex   6.758819e+00 -2.846593e+01 2.183000e+02
    endloop
  endfacet
  facet normal -2.885477e-01 9.574637e-01 -1.895770e-03
    outer loop
      vertex   6.758819e+00 -2.846593e+01 2.183000e+02
      vertex   6.695090e+00 -2.848079e+01 2.204951e+02
      vertex   6.882683e+00 -2.842388e+01 2.206827e+02
    endloop
  endfacet
  facet normal -3.826810e-01 9.238736e-01 3.590525e-03
    outer loop
      vertex   6.758819e+00 -2.846593e+01 2.183000e+02
      vertex   6.882683e+00 -2.842388e+01 2.206827e+02
      vertex   7.000000e+00 -2.836603e+01 2.183000e+02
    endloop
  endfacet
  facet normal -4.700629e-01 8.826313e-01 -1.713323e-03
    outer loop
      vertex   7.000000e+00 -2.836603e+01 2.183000e+02
      vertex   6.882683e+00 -2.842388e+01 2.206827e+02
      vertex   7.055570e+00 -2.833147e+01 2.208556e+02
    endloop
  endfacet
  facet normal -6.087595e-01 7.933508e-01 2.509828e-03
    outer loop
      vertex   7.000000e+00 -2.836603e+01 2.183000e+02
      vertex   7.055570e+00 -2.833147e+01 2.208556e+02
      vertex   7.207107e+00 -2.820711e+01 2.183000e+02
    endloop
  endfacet
  facet normal -6.343933e-01 7.730105e-01 -4.528254e-15
    outer loop
      vertex   7.207107e+00 -2.820711e+01 2.183000e+02
      vertex   7.055570e+00 -2.833147e+01 2.208556e+02
      vertex   7.207107e+00 -2.820711e+01 2.210071e+02
    endloop
  endfacet
  facet normal -7.730105e-01 6.343933e-01 -7.939186e-15
    outer loop
      vertex   7.207107e+00 -2.820711e+01 2.183000e+02
      vertex   7.207107e+00 -2.820711e+01 2.210071e+02
      vertex   7.331470e+00 -2.805557e+01 2.211315e+02
    endloop
  endfacet
  facet normal -7.933513e-01 6.087599e-01 2.265271e-03
    outer loop
      vertex   7.207107e+00 -2.820711e+01 2.183000e+02
      vertex   7.331470e+00 -2.805557e+01 2.211315e+02
      vertex   7.366025e+00 -2.800000e+01 2.183000e+02
    endloop
  endfacet
  facet normal -8.815878e-01 4.720177e-01 -1.495276e-03
    outer loop
      vertex   7.366025e+00 -2.800000e+01 2.183000e+02
      vertex   7.331470e+00 -2.805557e+01 2.211315e+02
      vertex   7.423879e+00 -2.788268e+01 2.212239e+02
    endloop
  endfacet
  facet normal -9.238756e-01 3.826818e-01 2.925942e-03
    outer loop
      vertex   7.366025e+00 -2.800000e+01 2.183000e+02
      vertex   7.423879e+00 -2.788268e+01 2.212239e+02
      vertex   7.465926e+00 -2.775882e+01 2.183000e+02
    endloop
  endfacet
  facet normal -9.568175e-01 2.906857e-01 -1.445004e-03
    outer loop
      vertex   7.465926e+00 -2.775882e+01 2.183000e+02
      vertex   7.423879e+00 -2.788268e+01 2.212239e+02
      vertex   7.480785e+00 -2.769509e+01 2.212808e+02
    endloop
  endfacet
  facet normal -9.892136e-01 1.464690e-01 1.799825e-03
    outer loop
      vertex   7.465926e+00 -2.775882e+01 2.183000e+02
      vertex   7.480785e+00 -2.769509e+01 2.212808e+02
      vertex   7.495185e+00 -2.759802e+01 2.212952e+02
    endloop
  endfacet
  facet normal -9.987955e-01 4.906767e-02 0.000000e+00
    outer loop
      vertex   7.500000e+00 -2.750000e+01 2.213000e+02
      vertex   7.500000e+00 -2.750000e+01 2.183000e+02
      vertex   7.495185e+00 -2.759802e+01 2.212952e+02
    endloop
  endfacet
  facet normal -9.914413e-01 1.305257e-01 2.677530e-03
    outer loop
      vertex   7.495185e+00 -2.759802e+01 2.212952e+02
      vertex   7.500000e+00 -2.750000e+01 2.183000e+02
      vertex   7.465926e+00 -2.775882e+01 2.183000e+02
    endloop
  endfacet
  facet normal -1.000000e+00 0.000000e+00 0.000000e+00
    outer loop
      vertex   7.500000e+00 -2.750000e+01 2.183000e+02
      vertex   7.500000e+00 -2.750000e+01 2.213000e+02
      vertex   7.500000e+00 2.750000e+01 2.183000e+02
    endloop
  endfacet
  facet normal -1.000000e+00 0.000000e+00 0.000000e+00
    outer loop
      vertex   7.500000e+00 2.750000e+01 2.183000e+02
      vertex   7.500000e+00 -2.750000e+01 2.213000e+02
      vertex   7.500000e+00 2.750000e+01 2.213000e+02
    endloop
  endfacet
  facet normal -9.801714e-02 9.951847e-01 0.000000e+00
    outer loop
      vertex   -4.000000e+00 -2.850000e+01 2.203000e+02
      vertex   -3.804910e+00 -2.848079e+01 2.204951e+02
      vertex   -4.000000e+00 -2.850000e+01 2.183000e+02
    endloop
  endfacet
  facet normal -1.305256e-01 9.914406e-01 2.921991e-03
    outer loop
      vertex   -4.000000e+00 -2.850000e+01 2.183000e+02
      vertex   -3.804910e+00 -2.848079e+01 2.204951e+02
      vertex   -3.741181e+00 -2.846593e+01 2.183000e+02
    endloop
  endfacet
  facet normal -2.885477e-01 9.574637e-01 -1.895770e-03
    outer loop
      vertex   -3.741181e+00 -2.846593e+01 2.183000e+02
      vertex   -3.804910e+00 -2.848079e+01 2.204951e+02
      vertex   -3.617317e+00 -2.842388e+01 2.206827e+02
    endloop
  endfacet
  facet normal -3.826810e-01 9.238736e-01 3.590525e-03
    outer loop
      vertex   -3.741181e+00 -2.846593e+01 2.183000e+02
      vertex   -3.617317e+00 -2.842388e+01 2.206827e+02
      vertex   -3.500000e+00 -2.836603e+01 2.183000e+02
    endloop
  endfacet
  facet normal -4.700629e-01 8.826313e-01 -1.713323e-03
    outer loop
      vertex   -3.500000e+00 -2.836603e+01 2.183000e+02
      vertex   -3.617317e+00 -2.842388e+01 2.206827e+02
      vertex   -3.444430e+00 -2.833147e+01 2.208556e+02
    endloop
  endfacet
  facet normal -6.087595e-01 7.933508e-01 2.509828e-03
    outer loop
      vertex   -3.500000e+00 -2.836603e+01 2.183000e+02
      vertex   -3.444430e+00 -2.833147e+01 2.208556e+02
      vertex   -3.292893e+00 -2.820711e+01 2.183000e+02
    endloop
  endfacet
  facet normal -6.343933e-01 7.730105e-01 -1.070201e-15
    outer loop
      vertex   -3.292893e+00 -2.820711e+01 2.183000e+02
      vertex   -3.444430e+00 -2.833147e+01 2.208556e+02
      vertex   -3.292893e+00 -2.820711e+01 2.210071e+02
    endloop
  endfacet
  facet normal -7.730105e-01 6.343933e-01 -8.164940e-15
    outer loop
      vertex   -3.292893e+00 -2.820711e+01 2.183000e+02
      vertex   -3.292893e+00 -2.820711e+01 2.210071e+02
      vertex   -3.168530e+00 -2.805557e+01 2.211315e+02
    endloop
  endfacet
  facet normal -7.933513e-01 6.087599e-01 2.265271e-03
    outer loop
      vertex   -3.292893e+00 -2.820711e+01 2.183000e+02
      vertex   -3.168530e+00 -2.805557e+01 2.211315e+02
      vertex   -3.133975e+00 -2.800000e+01 2.183000e+02
    endloop
  endfacet
  facet normal -8.815878e-01 4.720177e-01 -1.495276e-03
    outer loop
      vertex   -3.133975e+00 -2.800000e+01 2.183000e+02
      vertex   -3.168530e+00 -2.805557e+01 2.211315e+02
      vertex   -3.076121e+00 -2.788268e+01 2.212239e+02
    endloop
  endfacet
  facet normal -9.238756e-01 3.826818e-01 2.925942e-03
    outer loop
      vertex   -3.133975e+00 -2.800000e+01 2.183000e+02
      vertex   -3.076121e+00 -2.788268e+01 2.212239e+02
      vertex   -3.034074e+00 -2.775882e+01 2.183000e+02
    endloop
  endfacet
  facet normal -9.568175e-01 2.906857e-01 -1.445004e-03
    outer loop
      vertex   -3.034074e+00 -2.775882e+01 2.183000e+02
      vertex   -3.076121e+00 -2.788268e+01 2.212239e+02
      vertex   -3.019215e+00 -2.769509e+01 2.212808e+02
    endloop
  endfacet
  facet normal -9.892136e-01 1.464690e-01 1.799825e-03
    outer loop
      vertex   -3.034074e+00 -2.775882e+01 2.183000e+02
      vertex   -3.019215e+00 -2.769509e+01 2.212808e+02
      vertex   -3.004815e+00 -2.759802e+01 2.212952e+02
    endloop
  endfacet
  facet normal -9.987955e-01 4.906767e-02 0.000000e+00
    outer loop
      vertex   -3.000000e+00 -2.750000e+01 2.213000e+02
      vertex   -3.000000e+00 -2.750000e+01 2.183000e+02
      vertex   -3.004815e+00 -2.759802e+01 2.212952e+02
    endloop
  endfacet
  facet normal -9.914413e-01 1.305257e-01 2.677530e-03
    outer loop
      vertex   -3.004815e+00 -2.759802e+01 2.212952e+02
      vertex   -3.000000e+00 -2.750000e+01 2.183000e+02
      vertex   -3.034074e+00 -2.775882e+01 2.183000e+02
    endloop
  endfacet
  facet normal -1.000000e+00 0.000000e+00 0.000000e+00
    outer loop
      vertex   -3.000000e+00 -2.750000e+01 2.183000e+02
      vertex   -3.000000e+00 -2.750000e+01 2.213000e+02
      vertex   -3.000000e+00 2.750000e+01 2.183000e+02
    endloop
  endfacet
  facet normal -1.000000e+00 0.000000e+00 0.000000e+00
    outer loop
      vertex   -3.000000e+00 2.750000e+01 2.183000e+02
      vertex   -3.000000e+00 -2.750000e+01 2.213000e+02
      vertex   -3.000000e+00 2.750000e+01 2.213000e+02
    endloop
  endfacet
  facet normal -9.801714e-02 9.951847e-01 0.000000e+00
    outer loop
      vertex   -1.350000e+01 -2.850000e+01 2.203000e+02
      vertex   -1.330491e+01 -2.848079e+01 2.204951e+02
      vertex   -1.350000e+01 -2.850000e+01 2.183000e+02
    endloop
  endfacet
  facet normal -1.305256e-01 9.914406e-01 2.921991e-03
    outer loop
      vertex   -1.350000e+01 -2.850000e+01 2.183000e+02
      vertex   -1.330491e+01 -2.848079e+01 2.204951e+02
      vertex   -1.324118e+01 -2.846593e+01 2.183000e+02
    endloop
  endfacet
  facet normal -2.885477e-01 9.574637e-01 -1.895770e-03
    outer loop
      vertex   -1.324118e+01 -2.846593e+01 2.183000e+02
      vertex   -1.330491e+01 -2.848079e+01 2.204951e+02
      vertex   -1.311732e+01 -2.842388e+01 2.206827e+02
    endloop
  endfacet
  facet normal -3.826810e-01 9.238736e-01 3.590525e-03
    outer loop
      vertex   -1.324118e+01 -2.846593e+01 2.183000e+02
      vertex   -1.311732e+01 -2.842388e+01 2.206827e+02
      vertex   -1.300000e+01 -2.836603e+01 2.183000e+02
    endloop
  endfacet
  facet normal -4.700629e-01 8.826313e-01 -1.713323e-03
    outer loop
      vertex   -1.300000e+01 -2.836603e+01 2.183000e+02
      vertex   -1.311732e+01 -2.842388e+01 2.206827e+02
      vertex   -1.294443e+01 -2.833147e+01 2.208556e+02
    endloop
  endfacet
  facet normal -6.087595e-01 7.933508e-01 2.509828e-03
    outer loop
      vertex   -1.300000e+01 -2.836603e+01 2.183000e+02
      vertex   -1.294443e+01 -2.833147e+01 2.208556e+02
      vertex   -1.279289e+01 -2.820711e+01 2.183000e+02
    endloop
  endfacet
  facet normal -6.343933e-01 7.730105e-01 1.331433e-14
    outer loop
      vertex   -1.279289e+01 -2.820711e+01 2.183000e+02
      vertex   -1.294443e+01 -2.833147e+01 2.208556e+02
      vertex   -1.279289e+01 -2.820711e+01 2.210071e+02
    endloop
  endfacet
  facet normal -7.730105e-01 6.343933e-01 3.308926e-15
    outer loop
      vertex   -1.279289e+01 -2.820711e+01 2.183000e+02
      vertex   -1.279289e+01 -2.820711e+01 2.210071e+02
      vertex   -1.266853e+01 -2.805557e+01 2.211315e+02
    endloop
  endfacet
  facet normal -7.933513e-01 6.087599e-01 2.265271e-03
    outer loop
      vertex   -1.279289e+01 -2.820711e+01 2.183000e+02
      vertex   -1.266853e+01 -2.805557e+01 2.211315e+02
      vertex   -1.263397e+01 -2.800000e+01 2.183000e+02
    endloop
  endfacet
  facet normal -8.815878e-01 4.720177e-01 -1.495276e-03
    outer loop
      vertex   -1.263397e+01 -2.800000e+01 2.183000e+02
      vertex   -1.266853e+01 -2.805557e+01 2.211315e+02
      vertex   -1.257612e+01 -2.788268e+01 2.212239e+02
    endloop
  endfacet
  facet normal -9.238756e-01 3.826818e-01 2.925942e-03
    outer loop
      vertex   -1.263397e+01 -2.800000e+01 2.183000e+02
      vertex   -1.257612e+01 -2.788268e+01 2.212239e+02
      vertex   -1.253407e+01 -2.775882e+01 2.183000e+02
    endloop
  endfacet
  facet normal -9.568175e-01 2.906857e-01 -1.445004e-03
    outer loop
      vertex   -1.253407e+01 -2.775882e+01 2.183000e+02
      vertex   -1.257612e+01 -2.788268e+01 2.212239e+02
      vertex   -1.251921e+01 -2.769509e+01 2.212808e+02
    endloop
  endfacet
  facet normal -9.892136e-01 1.464690e-01 1.799825e-03
    outer loop
      vertex   -1.253407e+01 -2.775882e+01 2.183000e+02
      vertex   -1.251921e+01 -2.769509e+01 2.212808e+02
      vertex   -1.250482e+01 -2.759802e+01 2.212952e+02
    endloop
  endfacet
  facet normal -9.987955e-01 4.906767e-02 0.000000e+00
    outer loop
      vertex   -1.250000e+01 -2.750000e+01 2.213000e+02
      vertex   -1.250000e+01 -2.750000e+01 2.183000e+02
      vertex   -1.250482e+01 -2.759802e+01 2.212952e+02
    endloop
  endfacet
  facet normal -9.914413e-01 1.305257e-01 2.677530e-03
    outer loop
      vertex   -1.250482e+01 -2.759802e+01 2.212952e+02
      vertex   -1.250000e+01 -2.750000e+01 2.183000e+02
      vertex   -1.253407e+01 -2.775882e+01 2.183000e+02
    endloop
  endfacet
  facet normal -1.000000e+00 0.000000e+00 0.000000e+00
    outer loop
      vertex   -1.250000e+01 -2.750000e+01 2.183000e+02
      vertex   -1.250000e+01 -2.750000e+01 2.213000e+02
      vertex   -1.250000e+01 2.750000e+01 2.183000e+02
    endloop
  endfacet
  facet normal -1.000000e+00 0.000000e+00 0.000000e+00
    outer loop
      vertex   -1.250000e+01 2.750000e+01 2.183000e+02
      vertex   -1.250000e+01 -2.750000e+01 2.213000e+02
      vertex   -1.250000e+01 2.750000e+01 2.213000e+02
    endloop
  endfacet
  facet normal -9.801714e-02 9.951847e-01 0.000000e+00
    outer loop
      vertex   -2.300000e+01 -2.850000e+01 2.203000e+02
      vertex   -2.280491e+01 -2.848079e+01 2.204951e+02
      vertex   -2.300000e+01 -2.850000e+01 2.183000e+02
    endloop
  endfacet
  facet normal -1.305256e-01 9.914406e-01 2.921991e-03
    outer loop
      vertex   -2.300000e+01 -2.850000e+01 2.183000e+02
      vertex   -2.280491e+01 -2.848079e+01 2.204951e+02
      vertex   -2.274118e+01 -2.846593e+01 2.183000e+02
    endloop
  endfacet
  facet normal -2.885477e-01 9.574637e-01 -1.895770e-03
    outer loop
      vertex   -2.274118e+01 -2.846593e+01 2.183000e+02
      vertex   -2.280491e+01 -2.848079e+01 2.204951e+02
      vertex   -2.261732e+01 -2.842388e+01 2.206827e+02
    endloop
  endfacet
  facet normal -3.826810e-01 9.238736e-01 3.590525e-03
    outer loop
      vertex   -2.274118e+01 -2.846593e+01 2.183000e+02
      vertex   -2.261732e+01 -2.842388e+01 2.206827e+02
      vertex   -2.250000e+01 -2.836603e+01 2.183000e+02
    endloop
  endfacet
  facet normal -4.700629e-01 8.826313e-01 -1.713323e-03
    outer loop
      vertex   -2.250000e+01 -2.836603e+01 2.183000e+02
      vertex   -2.261732e+01 -2.842388e+01 2.206827e+02
      vertex   -2.244443e+01 -2.833147e+01 2.208556e+02
    endloop
  endfacet
  facet normal -6.087595e-01 7.933508e-01 2.509828e-03
    outer loop
      vertex   -2.250000e+01 -2.836603e+01 2.183000e+02
      vertex   -2.244443e+01 -2.833147e+01 2.208556e+02
      vertex   -2.229289e+01 -2.820711e+01 2.183000e+02
    endloop
  endfacet
  facet normal -6.343933e-01 7.730105e-01 1.045939e-14
    outer loop
      vertex   -2.229289e+01 -2.820711e+01 2.183000e+02
      vertex   -2.244443e+01 -2.833147e+01 2.208556e+02
      vertex   -2.229289e+01 -2.820711e+01 2.210071e+02
    endloop
  endfacet
  facet normal -7.730105e-01 6.343933e-01 1.355197e-14
    outer loop
      vertex   -2.229289e+01 -2.820711e+01 2.183000e+02
      vertex   -2.229289e+01 -2.820711e+01 2.210071e+02
      vertex   -2.216853e+01 -2.805557e+01 2.211315e+02
    endloop
  endfacet
  facet normal -7.933513e-01 6.087599e-01 2.265271e-03
    outer loop
      vertex   -2.229289e+01 -2.820711e+01 2.183000e+02
      vertex   -2.216853e+01 -2.805557e+01 2.211315e+02
      vertex   -2.213397e+01 -2.800000e+01 2.183000e+02
    endloop
  endfacet
  facet normal -8.815878e-01 4.720177e-01 -1.495276e-03
    outer loop
      vertex   -2.213397e+01 -2.800000e+01 2.183000e+02
      vertex   -2.216853e+01 -2.805557e+01 2.211315e+02
      vertex   -2.207612e+01 -2.788268e+01 2.212239e+02
    endloop
  endfacet
  facet normal -9.238756e-01 3.826818e-01 2.925942e-03
    outer loop
      vertex   -2.213397e+01 -2.800000e+01 2.183000e+02
      vertex   -2.207612e+01 -2.788268e+01 2.212239e+02
      vertex   -2.203407e+01 -2.775882e+01 2.183000e+02
    endloop
  endfacet
  facet normal -9.568175e-01 2.906857e-01 -1.445004e-03
    outer loop
      vertex   -2.203407e+01 -2.775882e+01 2.183000e+02
      vertex   -2.207612e+01 -2.788268e+01 2.212239e+02
      vertex   -2.201921e+01 -2.769509e+01 2.212808e+02
    endloop
  endfacet
  facet normal -9.892136e-01 1.464690e-01 1.799825e-03
    outer loop
      vertex   -2.203407e+01 -2.775882e+01 2.183000e+02
      vertex   -2.201921e+01 -2.769509e+01 2.212808e+02
      vertex   -2.200482e+01 -2.759802e+01 2.212952e+02
    endloop
  endfacet
  facet normal -9.987955e-01 4.906767e-02 0.000000e+00
    outer loop
      vertex   -2.200000e+01 -2.750000e+01 2.213000e+02
      vertex   -2.200000e+01 -2.750000e+01 2.183000e+02
      vertex   -2.200482e+01 -2.759802e+01 2.212952e+02
    endloop
  endfacet
  facet normal -9.914413e-01 1.305257e-01 2.677530e-03
    outer loop
      vertex   -2.200482e+01 -2.759802e+01 2.212952e+02
      vertex   -2.200000e+01 -2.750000e+01 2.183000e+02
      vertex   -2.203407e+01 -2.775882e+01 2.183000e+02
    endloop
  endfacet
  facet normal -1.000000e+00 0.000000e+00 0.000000e+00
    outer loop
      vertex   -2.200000e+01 -2.750000e+01 2.183000e+02
      vertex   -2.200000e+01 -2.750000e+01 2.213000e+02
      vertex   -2.200000e+01 2.750000e+01 2.183000e+02
    endloop
  endfacet
  facet normal -1.000000e+00 0.000000e+00 0.000000e+00
    outer loop
      vertex   -2.200000e+01 2.750000e+01 2.183000e+02
      vertex   -2.200000e+01 -2.750000e+01 2.213000e+02
      vertex   -2.200000e+01 2.750000e+01 2.213000e+02
    endloop
  endfacet
  facet normal 9.987955e-01 4.906767e-02 0.000000e+00
    outer loop
      vertex   -9.500000e+00 -2.750000e+01 2.213000e+02
      vertex   -9.495185e+00 -2.759802e+01 2.212952e+02
      vertex   -9.500000e+00 -2.750000e+01 2.183000e+02
    endloop
  endfacet
  facet normal 9.914413e-01 1.305257e-01 2.677530e-03
    outer loop
      vertex   -9.500000e+00 -2.750000e+01 2.183000e+02
      vertex   -9.495185e+00 -2.759802e+01 2.212952e+02
      vertex   -9.465926e+00 -2.775882e+01 2.183000e+02
    endloop
  endfacet
  facet normal 9.892136e-01 1.464690e-01 1.799825e-03
    outer loop
      vertex   -9.465926e+00 -2.775882e+01 2.183000e+02
      vertex   -9.495185e+00 -2.759802e+01 2.212952e+02
      vertex   -9.480785e+00 -2.769509e+01 2.212808e+02
    endloop
  endfacet
  facet normal 9.568175e-01 2.906857e-01 -1.445004e-03
    outer loop
      vertex   -9.465926e+00 -2.775882e+01 2.183000e+02
      vertex   -9.480785e+00 -2.769509e+01 2.212808e+02
      vertex   -9.423880e+00 -2.788268e+01 2.212239e+02
    endloop
  endfacet
  facet normal 9.238756e-01 3.826818e-01 2.925942e-03
    outer loop
      vertex   -9.465926e+00 -2.775882e+01 2.183000e+02
      vertex   -9.423880e+00 -2.788268e+01 2.212239e+02
      vertex   -9.366025e+00 -2.800000e+01 2.183000e+02
    endloop
  endfacet
  facet normal 8.815878e-01 4.720177e-01 -1.495276e-03
    outer loop
      vertex   -9.366025e+00 -2.800000e+01 2.183000e+02
      vertex   -9.423880e+00 -2.788268e+01 2.212239e+02
      vertex   -9.331470e+00 -2.805557e+01 2.211315e+02
    endloop
  endfacet
  facet normal 7.933513e-01 6.087599e-01 2.265271e-03
    outer loop
      vertex   -9.366025e+00 -2.800000e+01 2.183000e+02
      vertex   -9.331470e+00 -2.805557e+01 2.211315e+02
      vertex   -9.207107e+00 -2.820711e+01 2.183000e+02
    endloop
  endfacet
  facet normal 7.730105e-01 6.343933e-01 -4.096402e-15
    outer loop
      vertex   -9.207107e+00 -2.820711e+01 2.183000e+02
      vertex   -9.331470e+00 -2.805557e+01 2.211315e+02
      vertex   -9.207107e+00 -2.820711e+01 2.210071e+02
    endloop
  endfacet
  facet normal 6.343933e-01 7.730105e-01 -2.368196e-15
    outer loop
      vertex   -9.207107e+00 -2.820711e+01 2.183000e+02
      vertex   -9.207107e+00 -2.820711e+01 2.210071e+02
      vertex   -9.055570e+00 -2.833147e+01 2.208556e+02
    endloop
  endfacet
  facet normal 6.087595e-01 7.933508e-01 2.509828e-03
    outer loop
      vertex   -9.207107e+00 -2.820711e+01 2.183000e+02
      vertex   -9.055570e+00 -2.833147e+01 2.208556e+02
      vertex   -9.000000e+00 -2.836603e+01 2.183000e+02
    endloop
  endfacet
  facet normal 4.700629e-01 8.826313e-01 -1.713323e-03
    outer loop
      vertex   -9.000000e+00 -2.836603e+01 2.183000e+02
      vertex   -9.055570e+00 -2.833147e+01 2.208556e+02
      vertex   -8.882683e+00 -2.842388e+01 2.206827e+02
    endloop
  endfacet
  facet normal 3.826810e-01 9.238736e-01 3.590525e-03
    outer loop
      vertex   -9.000000e+00 -2.836603e+01 2.183000e+02
      vertex   -8.882683e+00 -2.842388e+01 2.206827e+02
      vertex   -8.758819e+00 -2.846593e+01 2.183000e+02
    endloop
  endfacet
  facet normal 2.885477e-01 9.574637e-01 -1.895770e-03
    outer loop
      vertex   -8.758819e+00 -2.846593e+01 2.183000e+02
      vertex   -8.882683e+00 -2.842388e+01 2.206827e+02
      vertex   -8.695090e+00 -2.848079e+01 2.204951e+02
    endloop
  endfacet
  facet normal 1.305256e-01 9.914406e-01 2.921991e-03
    outer loop
      vertex   -8.758819e+00 -2.846593e+01 2.183000e+02
      vertex   -8.695090e+00 -2.848079e+01 2.204951e+02
      vertex   -8.500000e+00 -2.850000e+01 2.183000e+02
    endloop
  endfacet
  facet normal 9.801714e-02 9.951847e-01 -5.223403e-16
    outer loop
      vertex   -8.500000e+00 -2.850000e+01 2.183000e+02
      vertex   -8.695090e+00 -2.848079e+01 2.204951e+02
      vertex   -8.500000e+00 -2.850000e+01 2.203000e+02
    endloop
  endfacet
  facet normal 0.000000e+00 1.000000e+00 -0.000000e+00
    outer loop
      vertex   1.600000e+01 -2.850000e+01 2.183000e+02
      vertex   1.150000e+01 -2.850000e+01 2.203000e+02
      vertex   1.600000e+01 -2.850000e+01 2.203000e+02
    endloop
  endfacet
  facet normal 0.000000e+00 1.000000e+00 0.000000e+00
    outer loop
      vertex   1.600000e+01 -2.850000e+01 2.203000e+02
      vertex   1.150000e+01 -2.850000e+01 2.203000e+02
      vertex   1.000000e+01 -2.850000e+01 2.218000e+02
    endloop
  endfacet
  facet normal 0.000000e+00 1.000000e+00 -0.000000e+00
    outer loop
      vertex   1.600000e+01 -2.850000e+01 2.203000e+02
      vertex   1.000000e+01 -2.850000e+01 2.218000e+02
      vertex   1.750000e+01 -2.850000e+01 2.218000e+02
    endloop
  endfacet
  facet normal 0.000000e+00 1.000000e+00 -0.000000e+00
    outer loop
      vertex   1.750000e+01 -2.850000e+01 2.218000e+02
      vertex   1.000000e+01 -2.850000e+01 2.218000e+02
      vertex   2.650000e+01 -2.850000e+01 2.260000e+02
    endloop
  endfacet
  facet normal 0.000000e+00 1.000000e+00 0.000000e+00
    outer loop
      vertex   1.750000e+01 -2.850000e+01 2.218000e+02
      vertex   2.650000e+01 -2.850000e+01 2.260000e+02
      vertex   1.950000e+01 -2.850000e+01 2.218000e+02
    endloop
  endfacet
  facet normal -0.000000e+00 1.000000e+00 0.000000e+00
    outer loop
      vertex   1.950000e+01 -2.850000e+01 2.218000e+02
      vertex   2.650000e+01 -2.850000e+01 2.260000e+02
      vertex   2.100000e+01 -2.850000e+01 2.203000e+02
    endloop
  endfacet
  facet normal -0.000000e+00 1.000000e+00 0.000000e+00
    outer loop
      vertex   2.100000e+01 -2.850000e+01 2.203000e+02
      vertex   2.650000e+01 -2.850000e+01 2.260000e+02
      vertex   2.650000e+01 -2.850000e+01 2.183000e+02
    endloop
  endfacet
  facet normal 0.000000e+00 1.000000e+00 0.000000e+00
    outer loop
      vertex   2.100000e+01 -2.850000e+01 2.203000e+02
      vertex   2.650000e+01 -2.850000e+01 2.183000e+02
      vertex   2.100000e+01 -2.850000e+01 2.183000e+02
    endloop
  endfacet
  facet normal 0.000000e+00 1.000000e+00 0.000000e+00
    outer loop
      vertex   1.600000e+01 -2.850000e+01 2.183000e+02
      vertex   1.150000e+01 -2.850000e+01 2.183000e+02
      vertex   1.150000e+01 -2.850000e+01 2.203000e+02
    endloop
  endfacet
  facet normal 0.000000e+00 1.000000e+00 -0.000000e+00
    outer loop
      vertex   1.000000e+01 -2.850000e+01 2.218000e+02
      vertex   8.000000e+00 -2.850000e+01 2.218000e+02
      vertex   2.650000e+01 -2.850000e+01 2.260000e+02
    endloop
  endfacet
  facet normal 0.000000e+00 1.000000e+00 0.000000e+00
    outer loop
      vertex   2.650000e+01 -2.850000e+01 2.260000e+02
      vertex   8.000000e+00 -2.850000e+01 2.218000e+02
      vertex   -5.000000e-01 -2.850000e+01 2.218000e+02
    endloop
  endfacet
  facet normal 0.000000e+00 1.000000e+00 0.000000e+00
    outer loop
      vertex   2.650000e+01 -2.850000e+01 2.260000e+02
      vertex   -5.000000e-01 -2.850000e+01 2.218000e+02
      vertex   -2.650000e+01 -2.850000e+01 2.260000e+02
    endloop
  endfacet
  facet normal 0.000000e+00 1.000000e+00 0.000000e+00
    outer loop
      vertex   -2.650000e+01 -2.850000e+01 2.260000e+02
      vertex   -5.000000e-01 -2.850000e+01 2.218000e+02
      vertex   -2.500000e+00 -2.850000e+01 2.218000e+02
    endloop
  endfacet
  facet normal 0.000000e+00 1.000000e+00 0.000000e+00
    outer loop
      vertex   -2.650000e+01 -2.850000e+01 2.260000e+02
      vertex   -2.500000e+00 -2.850000e+01 2.218000e+02
      vertex   -1.000000e+01 -2.850000e+01 2.218000e+02
    endloop
  endfacet
  facet normal -0.000000e+00 1.000000e+00 0.000000e+00
    outer loop
      vertex   -1.000000e+01 -2.850000e+01 2.218000e+02
      vertex   -2.500000e+00 -2.850000e+01 2.218000e+02
      vertex   -4.000000e+00 -2.850000e+01 2.203000e+02
    endloop
  endfacet
  facet normal 0.000000e+00 1.000000e+00 0.000000e+00
    outer loop
      vertex   -1.000000e+01 -2.850000e+01 2.218000e+02
      vertex   -4.000000e+00 -2.850000e+01 2.203000e+02
      vertex   -8.500000e+00 -2.850000e+01 2.203000e+02
    endloop
  endfacet
  facet normal -0.000000e+00 1.000000e+00 0.000000e+00
    outer loop
      vertex   -8.500000e+00 -2.850000e+01 2.203000e+02
      vertex   -4.000000e+00 -2.850000e+01 2.203000e+02
      vertex   -4.000000e+00 -2.850000e+01 2.183000e+02
    endloop
  endfacet
  facet normal 0.000000e+00 1.000000e+00 0.000000e+00
    outer loop
      vertex   -8.500000e+00 -2.850000e+01 2.203000e+02
      vertex   -4.000000e+00 -2.850000e+01 2.183000e+02
      vertex   -8.500000e+00 -2.850000e+01 2.183000e+02
    endloop
  endfacet
  facet normal 0.000000e+00 1.000000e+00 0.000000e+00
    outer loop
      vertex   8.000000e+00 -2.850000e+01 2.218000e+02
      vertex   6.500000e+00 -2.850000e+01 2.203000e+02
      vertex   -5.000000e-01 -2.850000e+01 2.218000e+02
    endloop
  endfacet
  facet normal 0.000000e+00 1.000000e+00 0.000000e+00
    outer loop
      vertex   -5.000000e-01 -2.850000e+01 2.218000e+02
      vertex   6.500000e+00 -2.850000e+01 2.203000e+02
      vertex   1.000000e+00 -2.850000e+01 2.203000e+02
    endloop
  endfacet
  facet normal -0.000000e+00 1.000000e+00 0.000000e+00
    outer loop
      vertex   1.000000e+00 -2.850000e+01 2.203000e+02
      vertex   6.500000e+00 -2.850000e+01 2.203000e+02
      vertex   6.500000e+00 -2.850000e+01 2.183000e+02
    endloop
  endfacet
  facet normal 0.000000e+00 1.000000e+00 0.000000e+00
    outer loop
      vertex   1.000000e+00 -2.850000e+01 2.203000e+02
      vertex   6.500000e+00 -2.850000e+01 2.183000e+02
      vertex   1.000000e+00 -2.850000e+01 2.183000e+02
    endloop
  endfacet
  facet normal 0.000000e+00 1.000000e+00 0.000000e+00
    outer loop
      vertex   -1.000000e+01 -2.850000e+01 2.218000e+02
      vertex   -1.200000e+01 -2.850000e+01 2.218000e+02
      vertex   -2.650000e+01 -2.850000e+01 2.260000e+02
    endloop
  endfacet
  facet normal 0.000000e+00 1.000000e+00 0.000000e+00
    outer loop
      vertex   -2.650000e+01 -2.850000e+01 2.260000e+02
      vertex   -1.200000e+01 -2.850000e+01 2.218000e+02
      vertex   -1.950000e+01 -2.850000e+01 2.218000e+02
    endloop
  endfacet
  facet normal 0.000000e+00 1.000000e+00 0.000000e+00
    outer loop
      vertex   -2.650000e+01 -2.850000e+01 2.260000e+02
      vertex   -1.950000e+01 -2.850000e+01 2.218000e+02
      vertex   -2.150000e+01 -2.850000e+01 2.218000e+02
    endloop
  endfacet
  facet normal 0.000000e+00 1.000000e+00 0.000000e+00
    outer loop
      vertex   -1.200000e+01 -2.850000e+01 2.218000e+02
      vertex   -1.350000e+01 -2.850000e+01 2.203000e+02
      vertex   -1.950000e+01 -2.850000e+01 2.218000e+02
    endloop
  endfacet
  facet normal 0.000000e+00 1.000000e+00 0.000000e+00
    outer loop
      vertex   -1.950000e+01 -2.850000e+01 2.218000e+02
      vertex   -1.350000e+01 -2.850000e+01 2.203000e+02
      vertex   -1.800000e+01 -2.850000e+01 2.203000e+02
    endloop
  endfacet
  facet normal -0.000000e+00 1.000000e+00 0.000000e+00
    outer loop
      vertex   -1.800000e+01 -2.850000e+01 2.203000e+02
      vertex   -1.350000e+01 -2.850000e+01 2.203000e+02
      vertex   -1.350000e+01 -2.850000e+01 2.183000e+02
    endloop
  endfacet
  facet normal 0.000000e+00 1.000000e+00 0.000000e+00
    outer loop
      vertex   -1.800000e+01 -2.850000e+01 2.203000e+02
      vertex   -1.350000e+01 -2.850000e+01 2.183000e+02
      vertex   -1.800000e+01 -2.850000e+01 2.183000e+02
    endloop
  endfacet
  facet normal 0.000000e+00 1.000000e+00 0.000000e+00
    outer loop
      vertex   -2.150000e+01 -2.850000e+01 2.218000e+02
      vertex   -2.300000e+01 -2.850000e+01 2.203000e+02
      vertex   -2.650000e+01 -2.850000e+01 2.260000e+02
    endloop
  endfacet
  facet normal 0.000000e+00 1.000000e+00 0.000000e+00
    outer loop
      vertex   -2.650000e+01 -2.850000e+01 2.260000e+02
      vertex   -2.300000e+01 -2.850000e+01 2.203000e+02
      vertex   -2.650000e+01 -2.850000e+01 2.183000e+02
    endloop
  endfacet
  facet normal 0.000000e+00 1.000000e+00 0.000000e+00
    outer loop
      vertex   -2.650000e+01 -2.850000e+01 2.183000e+02
      vertex   -2.300000e+01 -2.850000e+01 2.203000e+02
      vertex   -2.300000e+01 -2.850000e+01 2.183000e+02
    endloop
  endfacet
  facet normal 9.987955e-01 4.906767e-02 0.000000e+00
    outer loop
      vertex   -1.900000e+01 -2.750000e+01 2.213000e+02
      vertex   -1.899518e+01 -2.759802e+01 2.212952e+02
      vertex   -1.900000e+01 -2.750000e+01 2.183000e+02
    endloop
  endfacet
  facet normal 9.914413e-01 1.305257e-01 2.677530e-03
    outer loop
      vertex   -1.900000e+01 -2.750000e+01 2.183000e+02
      vertex   -1.899518e+01 -2.759802e+01 2.212952e+02
      vertex   -1.896593e+01 -2.775882e+01 2.183000e+02
    endloop
  endfacet
  facet normal 9.892136e-01 1.464690e-01 1.799825e-03
    outer loop
      vertex   -1.896593e+01 -2.775882e+01 2.183000e+02
      vertex   -1.899518e+01 -2.759802e+01 2.212952e+02
      vertex   -1.898079e+01 -2.769509e+01 2.212808e+02
    endloop
  endfacet
  facet normal 9.568175e-01 2.906857e-01 -1.445004e-03
    outer loop
      vertex   -1.896593e+01 -2.775882e+01 2.183000e+02
      vertex   -1.898079e+01 -2.769509e+01 2.212808e+02
      vertex   -1.892388e+01 -2.788268e+01 2.212239e+02
    endloop
  endfacet
  facet normal 9.238756e-01 3.826818e-01 2.925942e-03
    outer loop
      vertex   -1.896593e+01 -2.775882e+01 2.183000e+02
      vertex   -1.892388e+01 -2.788268e+01 2.212239e+02
      vertex   -1.886603e+01 -2.800000e+01 2.183000e+02
    endloop
  endfacet
  facet normal 8.815878e-01 4.720177e-01 -1.495276e-03
    outer loop
      vertex   -1.886603e+01 -2.800000e+01 2.183000e+02
      vertex   -1.892388e+01 -2.788268e+01 2.212239e+02
      vertex   -1.883147e+01 -2.805557e+01 2.211315e+02
    endloop
  endfacet
  facet normal 7.933513e-01 6.087599e-01 2.265271e-03
    outer loop
      vertex   -1.886603e+01 -2.800000e+01 2.183000e+02
      vertex   -1.883147e+01 -2.805557e+01 2.211315e+02
      vertex   -1.870711e+01 -2.820711e+01 2.183000e+02
    endloop
  endfacet
  facet normal 7.730105e-01 6.343933e-01 -5.178850e-16
    outer loop
      vertex   -1.870711e+01 -2.820711e+01 2.183000e+02
      vertex   -1.883147e+01 -2.805557e+01 2.211315e+02
      vertex   -1.870711e+01 -2.820711e+01 2.210071e+02
    endloop
  endfacet
  facet normal 6.343933e-01 7.730105e-01 4.211941e-15
    outer loop
      vertex   -1.870711e+01 -2.820711e+01 2.183000e+02
      vertex   -1.870711e+01 -2.820711e+01 2.210071e+02
      vertex   -1.855557e+01 -2.833147e+01 2.208556e+02
    endloop
  endfacet
  facet normal 6.087595e-01 7.933508e-01 2.509828e-03
    outer loop
      vertex   -1.870711e+01 -2.820711e+01 2.183000e+02
      vertex   -1.855557e+01 -2.833147e+01 2.208556e+02
      vertex   -1.850000e+01 -2.836603e+01 2.183000e+02
    endloop
  endfacet
  facet normal 4.700629e-01 8.826313e-01 -1.713323e-03
    outer loop
      vertex   -1.850000e+01 -2.836603e+01 2.183000e+02
      vertex   -1.855557e+01 -2.833147e+01 2.208556e+02
      vertex   -1.838268e+01 -2.842388e+01 2.206827e+02
    endloop
  endfacet
  facet normal 3.826810e-01 9.238736e-01 3.590525e-03
    outer loop
      vertex   -1.850000e+01 -2.836603e+01 2.183000e+02
      vertex   -1.838268e+01 -2.842388e+01 2.206827e+02
      vertex   -1.825882e+01 -2.846593e+01 2.183000e+02
    endloop
  endfacet
  facet normal 2.885477e-01 9.574637e-01 -1.895770e-03
    outer loop
      vertex   -1.825882e+01 -2.846593e+01 2.183000e+02
      vertex   -1.838268e+01 -2.842388e+01 2.206827e+02
      vertex   -1.819509e+01 -2.848079e+01 2.204951e+02
    endloop
  endfacet
  facet normal 1.305256e-01 9.914406e-01 2.921991e-03
    outer loop
      vertex   -1.825882e+01 -2.846593e+01 2.183000e+02
      vertex   -1.819509e+01 -2.848079e+01 2.204951e+02
      vertex   -1.800000e+01 -2.850000e+01 2.183000e+02
    endloop
  endfacet
  facet normal 9.801714e-02 9.951847e-01 -0.000000e+00
    outer loop
      vertex   -1.800000e+01 -2.850000e+01 2.183000e+02
      vertex   -1.819509e+01 -2.848079e+01 2.204951e+02
      vertex   -1.800000e+01 -2.850000e+01 2.203000e+02
    endloop
  endfacet
  facet normal 9.987955e-01 4.906767e-02 0.000000e+00
    outer loop
      vertex   0.000000e+00 -2.750000e+01 2.213000e+02
      vertex   4.815273e-03 -2.759802e+01 2.212952e+02
      vertex   0.000000e+00 -2.750000e+01 2.183000e+02
    endloop
  endfacet
  facet normal 9.914413e-01 1.305257e-01 2.677530e-03
    outer loop
      vertex   0.000000e+00 -2.750000e+01 2.183000e+02
      vertex   4.815273e-03 -2.759802e+01 2.212952e+02
      vertex   3.407417e-02 -2.775882e+01 2.183000e+02
    endloop
  endfacet
  facet normal 9.892136e-01 1.464690e-01 1.799825e-03
    outer loop
      vertex   3.407417e-02 -2.775882e+01 2.183000e+02
      vertex   4.815273e-03 -2.759802e+01 2.212952e+02
      vertex   1.921472e-02 -2.769509e+01 2.212808e+02
    endloop
  endfacet
  facet normal 9.568175e-01 2.906857e-01 -1.445004e-03
    outer loop
      vertex   3.407417e-02 -2.775882e+01 2.183000e+02
      vertex   1.921472e-02 -2.769509e+01 2.212808e+02
      vertex   7.612047e-02 -2.788268e+01 2.212239e+02
    endloop
  endfacet
  facet normal 9.238756e-01 3.826818e-01 2.925942e-03
    outer loop
      vertex   3.407417e-02 -2.775882e+01 2.183000e+02
      vertex   7.612047e-02 -2.788268e+01 2.212239e+02
      vertex   1.339746e-01 -2.800000e+01 2.183000e+02
    endloop
  endfacet
  facet normal 8.815878e-01 4.720177e-01 -1.495276e-03
    outer loop
      vertex   1.339746e-01 -2.800000e+01 2.183000e+02
      vertex   7.612047e-02 -2.788268e+01 2.212239e+02
      vertex   1.685304e-01 -2.805557e+01 2.211315e+02
    endloop
  endfacet
  facet normal 7.933513e-01 6.087599e-01 2.265271e-03
    outer loop
      vertex   1.339746e-01 -2.800000e+01 2.183000e+02
      vertex   1.685304e-01 -2.805557e+01 2.211315e+02
      vertex   2.928932e-01 -2.820711e+01 2.183000e+02
    endloop
  endfacet
  facet normal 7.730105e-01 6.343933e-01 6.448936e-15
    outer loop
      vertex   2.928932e-01 -2.820711e+01 2.183000e+02
      vertex   1.685304e-01 -2.805557e+01 2.211315e+02
      vertex   2.928932e-01 -2.820711e+01 2.210071e+02
    endloop
  endfacet
  facet normal 6.343933e-01 7.730105e-01 1.721611e-14
    outer loop
      vertex   2.928932e-01 -2.820711e+01 2.183000e+02
      vertex   2.928932e-01 -2.820711e+01 2.210071e+02
      vertex   4.444298e-01 -2.833147e+01 2.208556e+02
    endloop
  endfacet
  facet normal 6.087595e-01 7.933508e-01 2.509828e-03
    outer loop
      vertex   2.928932e-01 -2.820711e+01 2.183000e+02
      vertex   4.444298e-01 -2.833147e+01 2.208556e+02
      vertex   5.000000e-01 -2.836603e+01 2.183000e+02
    endloop
  endfacet
  facet normal 4.700629e-01 8.826313e-01 -1.713323e-03
    outer loop
      vertex   5.000000e-01 -2.836603e+01 2.183000e+02
      vertex   4.444298e-01 -2.833147e+01 2.208556e+02
      vertex   6.173166e-01 -2.842388e+01 2.206827e+02
    endloop
  endfacet
  facet normal 3.826810e-01 9.238736e-01 3.590525e-03
    outer loop
      vertex   5.000000e-01 -2.836603e+01 2.183000e+02
      vertex   6.173166e-01 -2.842388e+01 2.206827e+02
      vertex   7.411810e-01 -2.846593e+01 2.183000e+02
    endloop
  endfacet
  facet normal 2.885477e-01 9.574637e-01 -1.895770e-03
    outer loop
      vertex   7.411810e-01 -2.846593e+01 2.183000e+02
      vertex   6.173166e-01 -2.842388e+01 2.206827e+02
      vertex   8.049097e-01 -2.848079e+01 2.204951e+02
    endloop
  endfacet
  facet normal 1.305256e-01 9.914406e-01 2.921991e-03
    outer loop
      vertex   7.411810e-01 -2.846593e+01 2.183000e+02
      vertex   8.049097e-01 -2.848079e+01 2.204951e+02
      vertex   1.000000e+00 -2.850000e+01 2.183000e+02
    endloop
  endfacet
  facet normal 9.801714e-02 9.951847e-01 -0.000000e+00
    outer loop
      vertex   1.000000e+00 -2.850000e+01 2.183000e+02
      vertex   8.049097e-01 -2.848079e+01 2.204951e+02
      vertex   1.000000e+00 -2.850000e+01 2.203000e+02
    endloop
  endfacet
  facet normal 9.987955e-01 4.906767e-02 0.000000e+00
    outer loop
      vertex   1.050000e+01 -2.750000e+01 2.213000e+02
      vertex   1.050482e+01 -2.759802e+01 2.212952e+02
      vertex   1.050000e+01 -2.750000e+01 2.183000e+02
    endloop
  endfacet
  facet normal 9.914413e-01 1.305257e-01 2.677530e-03
    outer loop
      vertex   1.050000e+01 -2.750000e+01 2.183000e+02
      vertex   1.050482e+01 -2.759802e+01 2.212952e+02
      vertex   1.053407e+01 -2.775882e+01 2.183000e+02
    endloop
  endfacet
  facet normal 9.892136e-01 1.464690e-01 1.799825e-03
    outer loop
      vertex   1.053407e+01 -2.775882e+01 2.183000e+02
      vertex   1.050482e+01 -2.759802e+01 2.212952e+02
      vertex   1.051921e+01 -2.769509e+01 2.212808e+02
    endloop
  endfacet
  facet normal 9.568175e-01 2.906857e-01 -1.445004e-03
    outer loop
      vertex   1.053407e+01 -2.775882e+01 2.183000e+02
      vertex   1.051921e+01 -2.769509e+01 2.212808e+02
      vertex   1.057612e+01 -2.788268e+01 2.212239e+02
    endloop
  endfacet
  facet normal 9.238756e-01 3.826818e-01 2.925942e-03
    outer loop
      vertex   1.053407e+01 -2.775882e+01 2.183000e+02
      vertex   1.057612e+01 -2.788268e+01 2.212239e+02
      vertex   1.063397e+01 -2.800000e+01 2.183000e+02
    endloop
  endfacet
  facet normal 8.815878e-01 4.720177e-01 -1.495276e-03
    outer loop
      vertex   1.063397e+01 -2.800000e+01 2.183000e+02
      vertex   1.057612e+01 -2.788268e+01 2.212239e+02
      vertex   1.066853e+01 -2.805557e+01 2.211315e+02
    endloop
  endfacet
  facet normal 7.933513e-01 6.087599e-01 2.265271e-03
    outer loop
      vertex   1.063397e+01 -2.800000e+01 2.183000e+02
      vertex   1.066853e+01 -2.805557e+01 2.211315e+02
      vertex   1.079289e+01 -2.820711e+01 2.183000e+02
    endloop
  endfacet
  facet normal 7.730105e-01 6.343933e-01 5.954079e-15
    outer loop
      vertex   1.079289e+01 -2.820711e+01 2.183000e+02
      vertex   1.066853e+01 -2.805557e+01 2.211315e+02
      vertex   1.079289e+01 -2.820711e+01 2.210071e+02
    endloop
  endfacet
  facet normal 6.343933e-01 7.730105e-01 -4.129947e-16
    outer loop
      vertex   1.079289e+01 -2.820711e+01 2.183000e+02
      vertex   1.079289e+01 -2.820711e+01 2.210071e+02
      vertex   1.094443e+01 -2.833147e+01 2.208556e+02
    endloop
  endfacet
  facet normal 6.087595e-01 7.933508e-01 2.509828e-03
    outer loop
      vertex   1.079289e+01 -2.820711e+01 2.183000e+02
      vertex   1.094443e+01 -2.833147e+01 2.208556e+02
      vertex   1.100000e+01 -2.836603e+01 2.183000e+02
    endloop
  endfacet
  facet normal 4.700629e-01 8.826313e-01 -1.713323e-03
    outer loop
      vertex   1.100000e+01 -2.836603e+01 2.183000e+02
      vertex   1.094443e+01 -2.833147e+01 2.208556e+02
      vertex   1.111732e+01 -2.842388e+01 2.206827e+02
    endloop
  endfacet
  facet normal 3.826810e-01 9.238736e-01 3.590525e-03
    outer loop
      vertex   1.100000e+01 -2.836603e+01 2.183000e+02
      vertex   1.111732e+01 -2.842388e+01 2.206827e+02
      vertex   1.124118e+01 -2.846593e+01 2.183000e+02
    endloop
  endfacet
  facet normal 2.885477e-01 9.574637e-01 -1.895770e-03
    outer loop
      vertex   1.124118e+01 -2.846593e+01 2.183000e+02
      vertex   1.111732e+01 -2.842388e+01 2.206827e+02
      vertex   1.130491e+01 -2.848079e+01 2.204951e+02
    endloop
  endfacet
  facet normal 1.305256e-01 9.914406e-01 2.921991e-03
    outer loop
      vertex   1.124118e+01 -2.846593e+01 2.183000e+02
      vertex   1.130491e+01 -2.848079e+01 2.204951e+02
      vertex   1.150000e+01 -2.850000e+01 2.183000e+02
    endloop
  endfacet
  facet normal 9.801714e-02 9.951847e-01 -0.000000e+00
    outer loop
      vertex   1.150000e+01 -2.850000e+01 2.183000e+02
      vertex   1.130491e+01 -2.848079e+01 2.204951e+02
      vertex   1.150000e+01 -2.850000e+01 2.203000e+02
    endloop
  endfacet
  facet normal 9.987955e-01 4.906767e-02 0.000000e+00
    outer loop
      vertex   2.000000e+01 -2.750000e+01 2.213000e+02
      vertex   2.000482e+01 -2.759802e+01 2.212952e+02
      vertex   2.000000e+01 -2.750000e+01 2.183000e+02
    endloop
  endfacet
  facet normal 9.914413e-01 1.305257e-01 2.677530e-03
    outer loop
      vertex   2.000000e+01 -2.750000e+01 2.183000e+02
      vertex   2.000482e+01 -2.759802e+01 2.212952e+02
      vertex   2.003407e+01 -2.775882e+01 2.183000e+02
    endloop
  endfacet
  facet normal 9.892136e-01 1.464690e-01 1.799825e-03
    outer loop
      vertex   2.003407e+01 -2.775882e+01 2.183000e+02
      vertex   2.000482e+01 -2.759802e+01 2.212952e+02
      vertex   2.001921e+01 -2.769509e+01 2.212808e+02
    endloop
  endfacet
  facet normal 9.568175e-01 2.906857e-01 -1.445004e-03
    outer loop
      vertex   2.003407e+01 -2.775882e+01 2.183000e+02
      vertex   2.001921e+01 -2.769509e+01 2.212808e+02
      vertex   2.007612e+01 -2.788268e+01 2.212239e+02
    endloop
  endfacet
  facet normal 9.238756e-01 3.826818e-01 2.925942e-03
    outer loop
      vertex   2.003407e+01 -2.775882e+01 2.183000e+02
      vertex   2.007612e+01 -2.788268e+01 2.212239e+02
      vertex   2.013397e+01 -2.800000e+01 2.183000e+02
    endloop
  endfacet
  facet normal 8.815878e-01 4.720177e-01 -1.495276e-03
    outer loop
      vertex   2.013397e+01 -2.800000e+01 2.183000e+02
      vertex   2.007612e+01 -2.788268e+01 2.212239e+02
      vertex   2.016853e+01 -2.805557e+01 2.211315e+02
    endloop
  endfacet
  facet normal 7.933513e-01 6.087599e-01 2.265271e-03
    outer loop
      vertex   2.013397e+01 -2.800000e+01 2.183000e+02
      vertex   2.016853e+01 -2.805557e+01 2.211315e+02
      vertex   2.029289e+01 -2.820711e+01 2.183000e+02
    endloop
  endfacet
  facet normal 7.730105e-01 6.343933e-01 -9.466219e-15
    outer loop
      vertex   2.029289e+01 -2.820711e+01 2.183000e+02
      vertex   2.016853e+01 -2.805557e+01 2.211315e+02
      vertex   2.029289e+01 -2.820711e+01 2.210071e+02
    endloop
  endfacet
  facet normal 6.343933e-01 7.730105e-01 -3.462978e-15
    outer loop
      vertex   2.029289e+01 -2.820711e+01 2.183000e+02
      vertex   2.029289e+01 -2.820711e+01 2.210071e+02
      vertex   2.044443e+01 -2.833147e+01 2.208556e+02
    endloop
  endfacet
  facet normal 6.087595e-01 7.933508e-01 2.509828e-03
    outer loop
      vertex   2.029289e+01 -2.820711e+01 2.183000e+02
      vertex   2.044443e+01 -2.833147e+01 2.208556e+02
      vertex   2.050000e+01 -2.836603e+01 2.183000e+02
    endloop
  endfacet
  facet normal 4.700629e-01 8.826313e-01 -1.713323e-03
    outer loop
      vertex   2.050000e+01 -2.836603e+01 2.183000e+02
      vertex   2.044443e+01 -2.833147e+01 2.208556e+02
      vertex   2.061732e+01 -2.842388e+01 2.206827e+02
    endloop
  endfacet
  facet normal 3.826810e-01 9.238736e-01 3.590525e-03
    outer loop
      vertex   2.050000e+01 -2.836603e+01 2.183000e+02
      vertex   2.061732e+01 -2.842388e+01 2.206827e+02
      vertex   2.074118e+01 -2.846593e+01 2.183000e+02
    endloop
  endfacet
  facet normal 2.885477e-01 9.574637e-01 -1.895770e-03
    outer loop
      vertex   2.074118e+01 -2.846593e+01 2.183000e+02
      vertex   2.061732e+01 -2.842388e+01 2.206827e+02
      vertex   2.080491e+01 -2.848079e+01 2.204951e+02
    endloop
  endfacet
  facet normal 1.305256e-01 9.914406e-01 2.921991e-03
    outer loop
      vertex   2.074118e+01 -2.846593e+01 2.183000e+02
      vertex   2.080491e+01 -2.848079e+01 2.204951e+02
      vertex   2.100000e+01 -2.850000e+01 2.183000e+02
    endloop
  endfacet
  facet normal 9.801714e-02 9.951847e-01 -0.000000e+00
    outer loop
      vertex   2.100000e+01 -2.850000e+01 2.183000e+02
      vertex   2.080491e+01 -2.848079e+01 2.204951e+02
      vertex   2.100000e+01 -2.850000e+01 2.203000e+02
    endloop
  endfacet
  facet normal -7.071068e-01 -1.396748e-11 7.071068e-01
    outer loop
      vertex   1.600000e+01 -2.850000e+01 2.203000e+02
      vertex   1.750000e+01 -2.850000e+01 2.218000e+02
      vertex   1.619509e+01 -2.848079e+01 2.204951e+02
    endloop
  endfacet
  facet normal -7.071068e-01 -4.731265e-13 7.071068e-01
    outer loop
      vertex   1.619509e+01 -2.848079e+01 2.204951e+02
      vertex   1.750000e+01 -2.850000e+01 2.218000e+02
      vertex   1.638268e+01 -2.842388e+01 2.206827e+02
    endloop
  endfacet
  facet normal -7.071068e-01 -3.582604e-13 7.071068e-01
    outer loop
      vertex   1.638268e+01 -2.842388e+01 2.206827e+02
      vertex   1.750000e+01 -2.850000e+01 2.218000e+02
      vertex   1.655557e+01 -2.833147e+01 2.208556e+02
    endloop
  endfacet
  facet normal -7.071068e-01 -2.721766e-13 7.071068e-01
    outer loop
      vertex   1.655557e+01 -2.833147e+01 2.208556e+02
      vertex   1.750000e+01 -2.850000e+01 2.218000e+02
      vertex   1.670711e+01 -2.820711e+01 2.210071e+02
    endloop
  endfacet
  facet normal -7.071068e-01 -1.172601e-13 7.071068e-01
    outer loop
      vertex   1.670711e+01 -2.820711e+01 2.210071e+02
      vertex   1.750000e+01 -2.850000e+01 2.218000e+02
      vertex   1.683147e+01 -2.805557e+01 2.211315e+02
    endloop
  endfacet
  facet normal -7.071068e-01 -1.777507e-13 7.071068e-01
    outer loop
      vertex   1.683147e+01 -2.805557e+01 2.211315e+02
      vertex   1.750000e+01 -2.850000e+01 2.218000e+02
      vertex   1.692388e+01 -2.788268e+01 2.212239e+02
    endloop
  endfacet
  facet normal -7.071068e-01 -7.462334e-14 7.071068e-01
    outer loop
      vertex   1.692388e+01 -2.788268e+01 2.212239e+02
      vertex   1.750000e+01 -2.850000e+01 2.218000e+02
      vertex   1.698079e+01 -2.769509e+01 2.212808e+02
    endloop
  endfacet
  facet normal -7.071068e-01 -9.635260e-14 7.071068e-01
    outer loop
      vertex   1.698079e+01 -2.769509e+01 2.212808e+02
      vertex   1.750000e+01 -2.850000e+01 2.218000e+02
      vertex   1.699518e+01 -2.759802e+01 2.212952e+02
    endloop
  endfacet
  facet normal -7.071068e-01 2.405486e-12 7.071068e-01
    outer loop
      vertex   1.699518e+01 -2.759802e+01 2.212952e+02
      vertex   1.750000e+01 -2.850000e+01 2.218000e+02
      vertex   1.700000e+01 -2.750000e+01 2.213000e+02
    endloop
  endfacet
  facet normal -7.071068e-01 0.000000e+00 7.071068e-01
    outer loop
      vertex   1.700000e+01 -2.750000e+01 2.213000e+02
      vertex   1.750000e+01 -2.850000e+01 2.218000e+02
      vertex   1.700000e+01 2.750000e+01 2.213000e+02
    endloop
  endfacet
  facet normal -7.071068e-01 0.000000e+00 7.071068e-01
    outer loop
      vertex   1.700000e+01 2.750000e+01 2.213000e+02
      vertex   1.750000e+01 -2.850000e+01 2.218000e+02
      vertex   1.750000e+01 2.850000e+01 2.218000e+02
    endloop
  endfacet
  facet normal -7.071068e-01 -2.405486e-12 7.071068e-01
    outer loop
      vertex   1.700000e+01 2.750000e+01 2.213000e+02
      vertex   1.750000e+01 2.850000e+01 2.218000e+02
      vertex   1.699518e+01 2.759802e+01 2.212952e+02
    endloop
  endfacet
  facet normal -7.071068e-01 9.635260e-14 7.071068e-01
    outer loop
      vertex   1.699518e+01 2.759802e+01 2.212952e+02
      vertex   1.750000e+01 2.850000e+01 2.218000e+02
      vertex   1.698079e+01 2.769509e+01 2.212808e+02
    endloop
  endfacet
  facet normal -7.071068e-01 7.462334e-14 7.071068e-01
    outer loop
      vertex   1.698079e+01 2.769509e+01 2.212808e+02
      vertex   1.750000e+01 2.850000e+01 2.218000e+02
      vertex   1.692388e+01 2.788268e+01 2.212239e+02
    endloop
  endfacet
  facet normal -7.071068e-01 1.777507e-13 7.071068e-01
    outer loop
      vertex   1.692388e+01 2.788268e+01 2.212239e+02
      vertex   1.750000e+01 2.850000e+01 2.218000e+02
      vertex   1.683147e+01 2.805557e+01 2.211315e+02
    endloop
  endfacet
  facet normal -7.071068e-01 1.171974e-13 7.071068e-01
    outer loop
      vertex   1.683147e+01 2.805557e+01 2.211315e+02
      vertex   1.750000e+01 2.850000e+01 2.218000e+02
      vertex   1.670711e+01 2.820711e+01 2.210071e+02
    endloop
  endfacet
  facet normal -7.071068e-01 2.721766e-13 7.071068e-01
    outer loop
      vertex   1.670711e+01 2.820711e+01 2.210071e+02
      vertex   1.750000e+01 2.850000e+01 2.218000e+02
      vertex   1.655557e+01 2.833147e+01 2.208556e+02
    endloop
  endfacet
  facet normal -7.071068e-01 3.580918e-13 7.071068e-01
    outer loop
      vertex   1.655557e+01 2.833147e+01 2.208556e+02
      vertex   1.750000e+01 2.850000e+01 2.218000e+02
      vertex   1.638268e+01 2.842388e+01 2.206827e+02
    endloop
  endfacet
  facet normal -7.071068e-01 4.731265e-13 7.071068e-01
    outer loop
      vertex   1.638268e+01 2.842388e+01 2.206827e+02
      vertex   1.750000e+01 2.850000e+01 2.218000e+02
      vertex   1.619509e+01 2.848079e+01 2.204951e+02
    endloop
  endfacet
  facet normal -7.071068e-01 1.396611e-11 7.071068e-01
    outer loop
      vertex   1.619509e+01 2.848079e+01 2.204951e+02
      vertex   1.750000e+01 2.850000e+01 2.218000e+02
      vertex   1.600000e+01 2.850000e+01 2.203000e+02
    endloop
  endfacet
  facet normal 7.071068e-01 -0.000000e+00 7.071068e-01
    outer loop
      vertex   1.950000e+01 -2.850000e+01 2.218000e+02
      vertex   2.000000e+01 2.750000e+01 2.213000e+02
      vertex   1.950000e+01 2.850000e+01 2.218000e+02
    endloop
  endfacet
  facet normal 7.071068e-01 -3.081910e-12 7.071068e-01
    outer loop
      vertex   1.950000e+01 2.850000e+01 2.218000e+02
      vertex   2.000000e+01 2.750000e+01 2.213000e+02
      vertex   2.000482e+01 2.759802e+01 2.212952e+02
    endloop
  endfacet
  facet normal 7.071068e-01 2.361771e-13 7.071068e-01
    outer loop
      vertex   1.950000e+01 2.850000e+01 2.218000e+02
      vertex   2.000482e+01 2.759802e+01 2.212952e+02
      vertex   2.001921e+01 2.769509e+01 2.212808e+02
    endloop
  endfacet
  facet normal 7.071068e-01 -1.686012e-11 7.071068e-01
    outer loop
      vertex   2.100000e+01 -2.850000e+01 2.203000e+02
      vertex   2.080491e+01 -2.848079e+01 2.204951e+02
      vertex   1.950000e+01 -2.850000e+01 2.218000e+02
    endloop
  endfacet
  facet normal 7.071068e-01 -4.839653e-13 7.071068e-01
    outer loop
      vertex   1.950000e+01 -2.850000e+01 2.218000e+02
      vertex   2.080491e+01 -2.848079e+01 2.204951e+02
      vertex   2.061732e+01 -2.842388e+01 2.206827e+02
    endloop
  endfacet
  facet normal 7.071068e-01 -6.258177e-13 7.071068e-01
    outer loop
      vertex   1.950000e+01 -2.850000e+01 2.218000e+02
      vertex   2.061732e+01 -2.842388e+01 2.206827e+02
      vertex   2.044443e+01 -2.833147e+01 2.208556e+02
    endloop
  endfacet
  facet normal 7.071068e-01 -3.300982e-13 7.071068e-01
    outer loop
      vertex   2.044443e+01 -2.833147e+01 2.208556e+02
      vertex   2.029289e+01 -2.820711e+01 2.210071e+02
      vertex   1.950000e+01 -2.850000e+01 2.218000e+02
    endloop
  endfacet
  facet normal 7.071068e-01 -2.727503e-13 7.071068e-01
    outer loop
      vertex   1.950000e+01 -2.850000e+01 2.218000e+02
      vertex   2.029289e+01 -2.820711e+01 2.210071e+02
      vertex   2.016853e+01 -2.805557e+01 2.211315e+02
    endloop
  endfacet
  facet normal 7.071068e-01 -1.438293e-13 7.071068e-01
    outer loop
      vertex   1.950000e+01 -2.850000e+01 2.218000e+02
      vertex   2.016853e+01 -2.805557e+01 2.211315e+02
      vertex   2.007612e+01 -2.788268e+01 2.212239e+02
    endloop
  endfacet
  facet normal 7.071068e-01 -6.112398e-14 7.071068e-01
    outer loop
      vertex   2.007612e+01 -2.788268e+01 2.212239e+02
      vertex   2.001921e+01 -2.769509e+01 2.212808e+02
      vertex   1.950000e+01 -2.850000e+01 2.218000e+02
    endloop
  endfacet
  facet normal 7.071068e-01 -2.361771e-13 7.071068e-01
    outer loop
      vertex   1.950000e+01 -2.850000e+01 2.218000e+02
      vertex   2.001921e+01 -2.769509e+01 2.212808e+02
      vertex   2.000482e+01 -2.759802e+01 2.212952e+02
    endloop
  endfacet
  facet normal 7.071068e-01 3.081910e-12 7.071068e-01
    outer loop
      vertex   1.950000e+01 -2.850000e+01 2.218000e+02
      vertex   2.000482e+01 -2.759802e+01 2.212952e+02
      vertex   2.000000e+01 -2.750000e+01 2.213000e+02
    endloop
  endfacet
  facet normal 7.071068e-01 -0.000000e+00 7.071068e-01
    outer loop
      vertex   2.000000e+01 -2.750000e+01 2.213000e+02
      vertex   2.000000e+01 2.750000e+01 2.213000e+02
      vertex   1.950000e+01 -2.850000e+01 2.218000e+02
    endloop
  endfacet
  facet normal 7.071068e-01 6.114111e-14 7.071068e-01
    outer loop
      vertex   2.001921e+01 2.769509e+01 2.212808e+02
      vertex   2.007612e+01 2.788268e+01 2.212239e+02
      vertex   1.950000e+01 2.850000e+01 2.218000e+02
    endloop
  endfacet
  facet normal 7.071068e-01 1.438293e-13 7.071068e-01
    outer loop
      vertex   1.950000e+01 2.850000e+01 2.218000e+02
      vertex   2.007612e+01 2.788268e+01 2.212239e+02
      vertex   2.016853e+01 2.805557e+01 2.211315e+02
    endloop
  endfacet
  facet normal 7.071068e-01 2.727503e-13 7.071068e-01
    outer loop
      vertex   1.950000e+01 2.850000e+01 2.218000e+02
      vertex   2.016853e+01 2.805557e+01 2.211315e+02
      vertex   2.029289e+01 2.820711e+01 2.210071e+02
    endloop
  endfacet
  facet normal 7.071068e-01 3.301669e-13 7.071068e-01
    outer loop
      vertex   2.029289e+01 2.820711e+01 2.210071e+02
      vertex   2.044443e+01 2.833147e+01 2.208556e+02
      vertex   1.950000e+01 2.850000e+01 2.218000e+02
    endloop
  endfacet
  facet normal 7.071068e-01 6.258177e-13 7.071068e-01
    outer loop
      vertex   1.950000e+01 2.850000e+01 2.218000e+02
      vertex   2.044443e+01 2.833147e+01 2.208556e+02
      vertex   2.061732e+01 2.842388e+01 2.206827e+02
    endloop
  endfacet
  facet normal 7.071068e-01 4.839653e-13 7.071068e-01
    outer loop
      vertex   1.950000e+01 2.850000e+01 2.218000e+02
      vertex   2.061732e+01 2.842388e+01 2.206827e+02
      vertex   2.080491e+01 2.848079e+01 2.204951e+02
    endloop
  endfacet
  facet normal 7.071068e-01 1.686012e-11 7.071068e-01
    outer loop
      vertex   2.080491e+01 2.848079e+01 2.204951e+02
      vertex   2.100000e+01 2.850000e+01 2.203000e+02
      vertex   1.950000e+01 2.850000e+01 2.218000e+02
    endloop
  endfacet
  facet normal 1.000000e+00 -0.000000e+00 0.000000e+00
    outer loop
      vertex   2.000000e+01 -2.750000e+01 2.213000e+02
      vertex   2.000000e+01 -2.750000e+01 2.183000e+02
      vertex   2.000000e+01 2.750000e+01 2.213000e+02
    endloop
  endfacet
  facet normal 1.000000e+00 0.000000e+00 0.000000e+00
    outer loop
      vertex   2.000000e+01 2.750000e+01 2.213000e+02
      vertex   2.000000e+01 -2.750000e+01 2.183000e+02
      vertex   2.000000e+01 2.750000e+01 2.183000e+02
    endloop
  endfacet
  facet normal -7.071068e-01 -2.599835e-12 7.071068e-01
    outer loop
      vertex   6.500000e+00 -2.850000e+01 2.203000e+02
      vertex   8.000000e+00 -2.850000e+01 2.218000e+02
      vertex   6.695090e+00 -2.848079e+01 2.204951e+02
    endloop
  endfacet
  facet normal -7.071068e-01 -9.177696e-13 7.071068e-01
    outer loop
      vertex   6.695090e+00 -2.848079e+01 2.204951e+02
      vertex   8.000000e+00 -2.850000e+01 2.218000e+02
      vertex   6.882683e+00 -2.842388e+01 2.206827e+02
    endloop
  endfacet
  facet normal -7.071068e-01 -4.332844e-14 7.071068e-01
    outer loop
      vertex   6.882683e+00 -2.842388e+01 2.206827e+02
      vertex   8.000000e+00 -2.850000e+01 2.218000e+02
      vertex   7.055570e+00 -2.833147e+01 2.208556e+02
    endloop
  endfacet
  facet normal -7.071068e-01 9.552947e-14 7.071068e-01
    outer loop
      vertex   7.055570e+00 -2.833147e+01 2.208556e+02
      vertex   8.000000e+00 -2.850000e+01 2.218000e+02
      vertex   7.207107e+00 -2.820711e+01 2.210071e+02
    endloop
  endfacet
  facet normal -7.071068e-01 -2.588370e-14 7.071068e-01
    outer loop
      vertex   7.207107e+00 -2.820711e+01 2.210071e+02
      vertex   8.000000e+00 -2.850000e+01 2.218000e+02
      vertex   7.331470e+00 -2.805557e+01 2.211315e+02
    endloop
  endfacet
  facet normal -7.071068e-01 -1.967316e-13 7.071068e-01
    outer loop
      vertex   7.331470e+00 -2.805557e+01 2.211315e+02
      vertex   8.000000e+00 -2.850000e+01 2.218000e+02
      vertex   7.423879e+00 -2.788268e+01 2.212239e+02
    endloop
  endfacet
  facet normal -7.071068e-01 1.136139e-13 7.071068e-01
    outer loop
      vertex   7.423879e+00 -2.788268e+01 2.212239e+02
      vertex   8.000000e+00 -2.850000e+01 2.218000e+02
      vertex   7.480785e+00 -2.769509e+01 2.212808e+02
    endloop
  endfacet
  facet normal -7.071068e-01 -2.422418e-13 7.071068e-01
    outer loop
      vertex   7.480785e+00 -2.769509e+01 2.212808e+02
      vertex   8.000000e+00 -2.850000e+01 2.218000e+02
      vertex   7.495185e+00 -2.759802e+01 2.212952e+02
    endloop
  endfacet
  facet normal -7.071068e-01 8.710319e-13 7.071068e-01
    outer loop
      vertex   7.495185e+00 -2.759802e+01 2.212952e+02
      vertex   8.000000e+00 -2.850000e+01 2.218000e+02
      vertex   7.500000e+00 -2.750000e+01 2.213000e+02
    endloop
  endfacet
  facet normal -7.071068e-01 0.000000e+00 7.071068e-01
    outer loop
      vertex   7.500000e+00 -2.750000e+01 2.213000e+02
      vertex   8.000000e+00 -2.850000e+01 2.218000e+02
      vertex   7.500000e+00 2.750000e+01 2.213000e+02
    endloop
  endfacet
  facet normal -7.071068e-01 0.000000e+00 7.071068e-01
    outer loop
      vertex   7.500000e+00 2.750000e+01 2.213000e+02
      vertex   8.000000e+00 -2.850000e+01 2.218000e+02
      vertex   8.000000e+00 2.850000e+01 2.218000e+02
    endloop
  endfacet
  facet normal -7.071068e-01 -8.710376e-13 7.071068e-01
    outer loop
      vertex   7.500000e+00 2.750000e+01 2.213000e+02
      vertex   8.000000e+00 2.850000e+01 2.218000e+02
      vertex   7.495185e+00 2.759802e+01 2.212952e+02
    endloop
  endfacet
  facet normal -7.071068e-01 2.422418e-13 7.071068e-01
    outer loop
      vertex   7.495185e+00 2.759802e+01 2.212952e+02
      vertex   8.000000e+00 2.850000e+01 2.218000e+02
      vertex   7.480785e+00 2.769509e+01 2.212808e+02
    endloop
  endfacet
  facet normal -7.071068e-01 -1.136139e-13 7.071068e-01
    outer loop
      vertex   7.480785e+00 2.769509e+01 2.212808e+02
      vertex   8.000000e+00 2.850000e+01 2.218000e+02
      vertex   7.423879e+00 2.788268e+01 2.212239e+02
    endloop
  endfacet
  facet normal -7.071068e-01 1.967316e-13 7.071068e-01
    outer loop
      vertex   7.423879e+00 2.788268e+01 2.212239e+02
      vertex   8.000000e+00 2.850000e+01 2.218000e+02
      vertex   7.331470e+00 2.805557e+01 2.211315e+02
    endloop
  endfacet
  facet normal -7.071068e-01 2.588370e-14 7.071068e-01
    outer loop
      vertex   7.331470e+00 2.805557e+01 2.211315e+02
      vertex   8.000000e+00 2.850000e+01 2.218000e+02
      vertex   7.207107e+00 2.820711e+01 2.210071e+02
    endloop
  endfacet
  facet normal -7.071068e-01 -9.552947e-14 7.071068e-01
    outer loop
      vertex   7.207107e+00 2.820711e+01 2.210071e+02
      vertex   8.000000e+00 2.850000e+01 2.218000e+02
      vertex   7.055570e+00 2.833147e+01 2.208556e+02
    endloop
  endfacet
  facet normal -7.071068e-01 4.332844e-14 7.071068e-01
    outer loop
      vertex   7.055570e+00 2.833147e+01 2.208556e+02
      vertex   8.000000e+00 2.850000e+01 2.218000e+02
      vertex   6.882683e+00 2.842388e+01 2.206827e+02
    endloop
  endfacet
  facet normal -7.071068e-01 9.177696e-13 7.071068e-01
    outer loop
      vertex   6.882683e+00 2.842388e+01 2.206827e+02
      vertex   8.000000e+00 2.850000e+01 2.218000e+02
      vertex   6.695090e+00 2.848079e+01 2.204951e+02
    endloop
  endfacet
  facet normal -7.071068e-01 2.598474e-12 7.071068e-01
    outer loop
      vertex   6.695090e+00 2.848079e+01 2.204951e+02
      vertex   8.000000e+00 2.850000e+01 2.218000e+02
      vertex   6.500000e+00 2.850000e+01 2.203000e+02
    endloop
  endfacet
  facet normal 7.071068e-01 -0.000000e+00 7.071068e-01
    outer loop
      vertex   1.000000e+01 -2.850000e+01 2.218000e+02
      vertex   1.050000e+01 2.750000e+01 2.213000e+02
      vertex   1.000000e+01 2.850000e+01 2.218000e+02
    endloop
  endfacet
  facet normal 7.071068e-01 2.600590e-12 7.071068e-01
    outer loop
      vertex   1.000000e+01 2.850000e+01 2.218000e+02
      vertex   1.050000e+01 2.750000e+01 2.213000e+02
      vertex   1.050482e+01 2.759802e+01 2.212952e+02
    endloop
  endfacet
  facet normal 7.071068e-01 1.139729e-13 7.071068e-01
    outer loop
      vertex   1.000000e+01 2.850000e+01 2.218000e+02
      vertex   1.050482e+01 2.759802e+01 2.212952e+02
      vertex   1.051921e+01 2.769509e+01 2.212808e+02
    endloop
  endfacet
  facet normal 7.071068e-01 1.555543e-11 7.071068e-01
    outer loop
      vertex   1.150000e+01 -2.850000e+01 2.203000e+02
      vertex   1.130491e+01 -2.848079e+01 2.204951e+02
      vertex   1.000000e+01 -2.850000e+01 2.218000e+02
    endloop
  endfacet
  facet normal 7.071068e-01 1.012294e-12 7.071068e-01
    outer loop
      vertex   1.000000e+01 -2.850000e+01 2.218000e+02
      vertex   1.130491e+01 -2.848079e+01 2.204951e+02
      vertex   1.111732e+01 -2.842388e+01 2.206827e+02
    endloop
  endfacet
  facet normal 7.071068e-01 3.695561e-13 7.071068e-01
    outer loop
      vertex   1.000000e+01 -2.850000e+01 2.218000e+02
      vertex   1.111732e+01 -2.842388e+01 2.206827e+02
      vertex   1.094443e+01 -2.833147e+01 2.208556e+02
    endloop
  endfacet
  facet normal 7.071068e-01 3.699022e-13 7.071068e-01
    outer loop
      vertex   1.094443e+01 -2.833147e+01 2.208556e+02
      vertex   1.079289e+01 -2.820711e+01 2.210071e+02
      vertex   1.000000e+01 -2.850000e+01 2.218000e+02
    endloop
  endfacet
  facet normal 7.071068e-01 2.120834e-13 7.071068e-01
    outer loop
      vertex   1.000000e+01 -2.850000e+01 2.218000e+02
      vertex   1.079289e+01 -2.820711e+01 2.210071e+02
      vertex   1.066853e+01 -2.805557e+01 2.211315e+02
    endloop
  endfacet
  facet normal 7.071068e-01 9.947774e-14 7.071068e-01
    outer loop
      vertex   1.000000e+01 -2.850000e+01 2.218000e+02
      vertex   1.066853e+01 -2.805557e+01 2.211315e+02
      vertex   1.057612e+01 -2.788268e+01 2.212239e+02
    endloop
  endfacet
  facet normal 7.071068e-01 2.330181e-13 7.071068e-01
    outer loop
      vertex   1.057612e+01 -2.788268e+01 2.212239e+02
      vertex   1.051921e+01 -2.769509e+01 2.212808e+02
      vertex   1.000000e+01 -2.850000e+01 2.218000e+02
    endloop
  endfacet
  facet normal 7.071068e-01 -1.139729e-13 7.071068e-01
    outer loop
      vertex   1.000000e+01 -2.850000e+01 2.218000e+02
      vertex   1.051921e+01 -2.769509e+01 2.212808e+02
      vertex   1.050482e+01 -2.759802e+01 2.212952e+02
    endloop
  endfacet
  facet normal 7.071068e-01 -2.600590e-12 7.071068e-01
    outer loop
      vertex   1.000000e+01 -2.850000e+01 2.218000e+02
      vertex   1.050482e+01 -2.759802e+01 2.212952e+02
      vertex   1.050000e+01 -2.750000e+01 2.213000e+02
    endloop
  endfacet
  facet normal 7.071068e-01 -0.000000e+00 7.071068e-01
    outer loop
      vertex   1.050000e+01 -2.750000e+01 2.213000e+02
      vertex   1.050000e+01 2.750000e+01 2.213000e+02
      vertex   1.000000e+01 -2.850000e+01 2.218000e+02
    endloop
  endfacet
  facet normal 7.071068e-01 -2.330352e-13 7.071068e-01
    outer loop
      vertex   1.051921e+01 2.769509e+01 2.212808e+02
      vertex   1.057612e+01 2.788268e+01 2.212239e+02
      vertex   1.000000e+01 2.850000e+01 2.218000e+02
    endloop
  endfacet
  facet normal 7.071068e-01 -9.947774e-14 7.071068e-01
    outer loop
      vertex   1.000000e+01 2.850000e+01 2.218000e+02
      vertex   1.057612e+01 2.788268e+01 2.212239e+02
      vertex   1.066853e+01 2.805557e+01 2.211315e+02
    endloop
  endfacet
  facet normal 7.071068e-01 -2.120834e-13 7.071068e-01
    outer loop
      vertex   1.000000e+01 2.850000e+01 2.218000e+02
      vertex   1.066853e+01 2.805557e+01 2.211315e+02
      vertex   1.079289e+01 2.820711e+01 2.210071e+02
    endloop
  endfacet
  facet normal 7.071068e-01 -3.699708e-13 7.071068e-01
    outer loop
      vertex   1.079289e+01 2.820711e+01 2.210071e+02
      vertex   1.094443e+01 2.833147e+01 2.208556e+02
      vertex   1.000000e+01 2.850000e+01 2.218000e+02
    endloop
  endfacet
  facet normal 7.071068e-01 -3.695561e-13 7.071068e-01
    outer loop
      vertex   1.000000e+01 2.850000e+01 2.218000e+02
      vertex   1.094443e+01 2.833147e+01 2.208556e+02
      vertex   1.111732e+01 2.842388e+01 2.206827e+02
    endloop
  endfacet
  facet normal 7.071068e-01 -1.012294e-12 7.071068e-01
    outer loop
      vertex   1.000000e+01 2.850000e+01 2.218000e+02
      vertex   1.111732e+01 2.842388e+01 2.206827e+02
      vertex   1.130491e+01 2.848079e+01 2.204951e+02
    endloop
  endfacet
  facet normal 7.071068e-01 -1.555543e-11 7.071068e-01
    outer loop
      vertex   1.130491e+01 2.848079e+01 2.204951e+02
      vertex   1.150000e+01 2.850000e+01 2.203000e+02
      vertex   1.000000e+01 2.850000e+01 2.218000e+02
    endloop
  endfacet
  facet normal 1.000000e+00 -0.000000e+00 0.000000e+00
    outer loop
      vertex   1.050000e+01 -2.750000e+01 2.213000e+02
      vertex   1.050000e+01 -2.750000e+01 2.183000e+02
      vertex   1.050000e+01 2.750000e+01 2.213000e+02
    endloop
  endfacet
  facet normal 1.000000e+00 0.000000e+00 0.000000e+00
    outer loop
      vertex   1.050000e+01 2.750000e+01 2.213000e+02
      vertex   1.050000e+01 -2.750000e+01 2.183000e+02
      vertex   1.050000e+01 2.750000e+01 2.183000e+02
    endloop
  endfacet
  facet normal -7.071068e-01 -1.407915e-11 7.071068e-01
    outer loop
      vertex   -4.000000e+00 -2.850000e+01 2.203000e+02
      vertex   -2.500000e+00 -2.850000e+01 2.218000e+02
      vertex   -3.804910e+00 -2.848079e+01 2.204951e+02
    endloop
  endfacet
  facet normal -7.071068e-01 -5.880682e-13 7.071068e-01
    outer loop
      vertex   -3.804910e+00 -2.848079e+01 2.204951e+02
      vertex   -2.500000e+00 -2.850000e+01 2.218000e+02
      vertex   -3.617317e+00 -2.842388e+01 2.206827e+02
    endloop
  endfacet
  facet normal -7.071068e-01 -3.977112e-13 7.071068e-01
    outer loop
      vertex   -3.617317e+00 -2.842388e+01 2.206827e+02
      vertex   -2.500000e+00 -2.850000e+01 2.218000e+02
      vertex   -3.444430e+00 -2.833147e+01 2.208556e+02
    endloop
  endfacet
  facet normal -7.071068e-01 -3.045688e-13 7.071068e-01
    outer loop
      vertex   -3.444430e+00 -2.833147e+01 2.208556e+02
      vertex   -2.500000e+00 -2.850000e+01 2.218000e+02
      vertex   -3.292893e+00 -2.820711e+01 2.210071e+02
    endloop
  endfacet
  facet normal -7.071068e-01 -1.535474e-13 7.071068e-01
    outer loop
      vertex   -3.292893e+00 -2.820711e+01 2.210071e+02
      vertex   -2.500000e+00 -2.850000e+01 2.218000e+02
      vertex   -3.168530e+00 -2.805557e+01 2.211315e+02
    endloop
  endfacet
  facet normal -7.071068e-01 -2.031839e-13 7.071068e-01
    outer loop
      vertex   -3.168530e+00 -2.805557e+01 2.211315e+02
      vertex   -2.500000e+00 -2.850000e+01 2.218000e+02
      vertex   -3.076121e+00 -2.788268e+01 2.212239e+02
    endloop
  endfacet
  facet normal -7.071068e-01 -9.408434e-14 7.071068e-01
    outer loop
      vertex   -3.076121e+00 -2.788268e+01 2.212239e+02
      vertex   -2.500000e+00 -2.850000e+01 2.218000e+02
      vertex   -3.019215e+00 -2.769509e+01 2.212808e+02
    endloop
  endfacet
  facet normal -7.071068e-01 7.643702e-14 7.071068e-01
    outer loop
      vertex   -3.019215e+00 -2.769509e+01 2.212808e+02
      vertex   -2.500000e+00 -2.850000e+01 2.218000e+02
      vertex   -3.004815e+00 -2.759802e+01 2.212952e+02
    endloop
  endfacet
  facet normal -7.071068e-01 2.452188e-12 7.071068e-01
    outer loop
      vertex   -3.004815e+00 -2.759802e+01 2.212952e+02
      vertex   -2.500000e+00 -2.850000e+01 2.218000e+02
      vertex   -3.000000e+00 -2.750000e+01 2.213000e+02
    endloop
  endfacet
  facet normal -7.071068e-01 0.000000e+00 7.071068e-01
    outer loop
      vertex   -3.000000e+00 -2.750000e+01 2.213000e+02
      vertex   -2.500000e+00 -2.850000e+01 2.218000e+02
      vertex   -3.000000e+00 2.750000e+01 2.213000e+02
    endloop
  endfacet
  facet normal -7.071068e-01 0.000000e+00 7.071068e-01
    outer loop
      vertex   -3.000000e+00 2.750000e+01 2.213000e+02
      vertex   -2.500000e+00 -2.850000e+01 2.218000e+02
      vertex   -2.500000e+00 2.850000e+01 2.218000e+02
    endloop
  endfacet
  facet normal -7.071068e-01 -2.452188e-12 7.071068e-01
    outer loop
      vertex   -3.000000e+00 2.750000e+01 2.213000e+02
      vertex   -2.500000e+00 2.850000e+01 2.218000e+02
      vertex   -3.004815e+00 2.759802e+01 2.212952e+02
    endloop
  endfacet
  facet normal -7.071068e-01 -7.644692e-14 7.071068e-01
    outer loop
      vertex   -3.004815e+00 2.759802e+01 2.212952e+02
      vertex   -2.500000e+00 2.850000e+01 2.218000e+02
      vertex   -3.019215e+00 2.769509e+01 2.212808e+02
    endloop
  endfacet
  facet normal -7.071068e-01 9.408434e-14 7.071068e-01
    outer loop
      vertex   -3.019215e+00 2.769509e+01 2.212808e+02
      vertex   -2.500000e+00 2.850000e+01 2.218000e+02
      vertex   -3.076121e+00 2.788268e+01 2.212239e+02
    endloop
  endfacet
  facet normal -7.071068e-01 2.031839e-13 7.071068e-01
    outer loop
      vertex   -3.076121e+00 2.788268e+01 2.212239e+02
      vertex   -2.500000e+00 2.850000e+01 2.218000e+02
      vertex   -3.168530e+00 2.805557e+01 2.211315e+02
    endloop
  endfacet
  facet normal -7.071068e-01 1.535474e-13 7.071068e-01
    outer loop
      vertex   -3.168530e+00 2.805557e+01 2.211315e+02
      vertex   -2.500000e+00 2.850000e+01 2.218000e+02
      vertex   -3.292893e+00 2.820711e+01 2.210071e+02
    endloop
  endfacet
  facet normal -7.071068e-01 3.045002e-13 7.071068e-01
    outer loop
      vertex   -3.292893e+00 2.820711e+01 2.210071e+02
      vertex   -2.500000e+00 2.850000e+01 2.218000e+02
      vertex   -3.444430e+00 2.833147e+01 2.208556e+02
    endloop
  endfacet
  facet normal -7.071068e-01 3.977112e-13 7.071068e-01
    outer loop
      vertex   -3.444430e+00 2.833147e+01 2.208556e+02
      vertex   -2.500000e+00 2.850000e+01 2.218000e+02
      vertex   -3.617317e+00 2.842388e+01 2.206827e+02
    endloop
  endfacet
  facet normal -7.071068e-01 5.880682e-13 7.071068e-01
    outer loop
      vertex   -3.617317e+00 2.842388e+01 2.206827e+02
      vertex   -2.500000e+00 2.850000e+01 2.218000e+02
      vertex   -3.804910e+00 2.848079e+01 2.204951e+02
    endloop
  endfacet
  facet normal -7.071068e-01 1.407915e-11 7.071068e-01
    outer loop
      vertex   -3.804910e+00 2.848079e+01 2.204951e+02
      vertex   -2.500000e+00 2.850000e+01 2.218000e+02
      vertex   -4.000000e+00 2.850000e+01 2.203000e+02
    endloop
  endfacet
  facet normal 7.071068e-01 -0.000000e+00 7.071068e-01
    outer loop
      vertex   -5.000000e-01 -2.850000e+01 2.218000e+02
      vertex   0.000000e+00 2.750000e+01 2.213000e+02
      vertex   -5.000000e-01 2.850000e+01 2.218000e+02
    endloop
  endfacet
  facet normal 7.071068e-01 -3.219014e-12 7.071068e-01
    outer loop
      vertex   -5.000000e-01 2.850000e+01 2.218000e+02
      vertex   0.000000e+00 2.750000e+01 2.213000e+02
      vertex   4.815273e-03 2.759802e+01 2.212952e+02
    endloop
  endfacet
  facet normal 7.071068e-01 -5.635326e-14 7.071068e-01
    outer loop
      vertex   -5.000000e-01 2.850000e+01 2.218000e+02
      vertex   4.815273e-03 2.759802e+01 2.212952e+02
      vertex   1.921472e-02 2.769509e+01 2.212808e+02
    endloop
  endfacet
  facet normal 7.071068e-01 -1.750973e-11 7.071068e-01
    outer loop
      vertex   1.000000e+00 -2.850000e+01 2.203000e+02
      vertex   8.049097e-01 -2.848079e+01 2.204951e+02
      vertex   -5.000000e-01 -2.850000e+01 2.218000e+02
    endloop
  endfacet
  facet normal 7.071068e-01 -6.271383e-13 7.071068e-01
    outer loop
      vertex   -5.000000e-01 -2.850000e+01 2.218000e+02
      vertex   8.049097e-01 -2.848079e+01 2.204951e+02
      vertex   6.173166e-01 -2.842388e+01 2.206827e+02
    endloop
  endfacet
  facet normal 7.071068e-01 -8.173395e-13 7.071068e-01
    outer loop
      vertex   -5.000000e-01 -2.850000e+01 2.218000e+02
      vertex   6.173166e-01 -2.842388e+01 2.206827e+02
      vertex   4.444298e-01 -2.833147e+01 2.208556e+02
    endloop
  endfacet
  facet normal 7.071068e-01 -3.730591e-13 7.071068e-01
    outer loop
      vertex   4.444298e-01 -2.833147e+01 2.208556e+02
      vertex   2.928932e-01 -2.820711e+01 2.210071e+02
      vertex   -5.000000e-01 -2.850000e+01 2.218000e+02
    endloop
  endfacet
  facet normal 7.071068e-01 -2.055655e-13 7.071068e-01
    outer loop
      vertex   -5.000000e-01 -2.850000e+01 2.218000e+02
      vertex   2.928932e-01 -2.820711e+01 2.210071e+02
      vertex   1.685304e-01 -2.805557e+01 2.211315e+02
    endloop
  endfacet
  facet normal 7.071068e-01 -2.460633e-13 7.071068e-01
    outer loop
      vertex   -5.000000e-01 -2.850000e+01 2.218000e+02
      vertex   1.685304e-01 -2.805557e+01 2.211315e+02
      vertex   7.612047e-02 -2.788268e+01 2.212239e+02
    endloop
  endfacet
  facet normal 7.071068e-01 -1.242009e-13 7.071068e-01
    outer loop
      vertex   7.612047e-02 -2.788268e+01 2.212239e+02
      vertex   1.921472e-02 -2.769509e+01 2.212808e+02
      vertex   -5.000000e-01 -2.850000e+01 2.218000e+02
    endloop
  endfacet
  facet normal 7.071068e-01 5.635326e-14 7.071068e-01
    outer loop
      vertex   -5.000000e-01 -2.850000e+01 2.218000e+02
      vertex   1.921472e-02 -2.769509e+01 2.212808e+02
      vertex   4.815273e-03 -2.759802e+01 2.212952e+02
    endloop
  endfacet
  facet normal 7.071068e-01 3.219014e-12 7.071068e-01
    outer loop
      vertex   -5.000000e-01 -2.850000e+01 2.218000e+02
      vertex   4.815273e-03 -2.759802e+01 2.212952e+02
      vertex   0.000000e+00 -2.750000e+01 2.213000e+02
    endloop
  endfacet
  facet normal 7.071068e-01 -0.000000e+00 7.071068e-01
    outer loop
      vertex   0.000000e+00 -2.750000e+01 2.213000e+02
      vertex   0.000000e+00 2.750000e+01 2.213000e+02
      vertex   -5.000000e-01 -2.850000e+01 2.218000e+02
    endloop
  endfacet
  facet normal 7.071068e-01 1.242523e-13 7.071068e-01
    outer loop
      vertex   1.921472e-02 2.769509e+01 2.212808e+02
      vertex   7.612047e-02 2.788268e+01 2.212239e+02
      vertex   -5.000000e-01 2.850000e+01 2.218000e+02
    endloop
  endfacet
  facet normal 7.071068e-01 2.460633e-13 7.071068e-01
    outer loop
      vertex   -5.000000e-01 2.850000e+01 2.218000e+02
      vertex   7.612047e-02 2.788268e+01 2.212239e+02
      vertex   1.685304e-01 2.805557e+01 2.211315e+02
    endloop
  endfacet
  facet normal 7.071068e-01 2.055655e-13 7.071068e-01
    outer loop
      vertex   -5.000000e-01 2.850000e+01 2.218000e+02
      vertex   1.685304e-01 2.805557e+01 2.211315e+02
      vertex   2.928932e-01 2.820711e+01 2.210071e+02
    endloop
  endfacet
  facet normal 7.071068e-01 3.729904e-13 7.071068e-01
    outer loop
      vertex   2.928932e-01 2.820711e+01 2.210071e+02
      vertex   4.444298e-01 2.833147e+01 2.208556e+02
      vertex   -5.000000e-01 2.850000e+01 2.218000e+02
    endloop
  endfacet
  facet normal 7.071068e-01 8.173395e-13 7.071068e-01
    outer loop
      vertex   -5.000000e-01 2.850000e+01 2.218000e+02
      vertex   4.444298e-01 2.833147e+01 2.208556e+02
      vertex   6.173166e-01 2.842388e+01 2.206827e+02
    endloop
  endfacet
  facet normal 7.071068e-01 6.271383e-13 7.071068e-01
    outer loop
      vertex   -5.000000e-01 2.850000e+01 2.218000e+02
      vertex   6.173166e-01 2.842388e+01 2.206827e+02
      vertex   8.049097e-01 2.848079e+01 2.204951e+02
    endloop
  endfacet
  facet normal 7.071068e-01 1.750973e-11 7.071068e-01
    outer loop
      vertex   8.049097e-01 2.848079e+01 2.204951e+02
      vertex   1.000000e+00 2.850000e+01 2.203000e+02
      vertex   -5.000000e-01 2.850000e+01 2.218000e+02
    endloop
  endfacet
  facet normal 1.000000e+00 -0.000000e+00 0.000000e+00
    outer loop
      vertex   0.000000e+00 -2.750000e+01 2.213000e+02
      vertex   0.000000e+00 -2.750000e+01 2.183000e+02
      vertex   0.000000e+00 2.750000e+01 2.213000e+02
    endloop
  endfacet
  facet normal 1.000000e+00 0.000000e+00 0.000000e+00
    outer loop
      vertex   0.000000e+00 2.750000e+01 2.213000e+02
      vertex   0.000000e+00 -2.750000e+01 2.183000e+02
      vertex   0.000000e+00 2.750000e+01 2.183000e+02
    endloop
  endfacet
  facet normal -7.071068e-01 -1.678657e-11 7.071068e-01
    outer loop
      vertex   -1.350000e+01 -2.850000e+01 2.203000e+02
      vertex   -1.200000e+01 -2.850000e+01 2.218000e+02
      vertex   -1.330491e+01 -2.848079e+01 2.204951e+02
    endloop
  endfacet
  facet normal -7.071068e-01 -8.797077e-13 7.071068e-01
    outer loop
      vertex   -1.330491e+01 -2.848079e+01 2.204951e+02
      vertex   -1.200000e+01 -2.850000e+01 2.218000e+02
      vertex   -1.311732e+01 -2.842388e+01 2.206827e+02
    endloop
  endfacet
  facet normal -7.071068e-01 -6.091270e-13 7.071068e-01
    outer loop
      vertex   -1.311732e+01 -2.842388e+01 2.206827e+02
      vertex   -1.200000e+01 -2.850000e+01 2.218000e+02
      vertex   -1.294443e+01 -2.833147e+01 2.208556e+02
    endloop
  endfacet
  facet normal -7.071068e-01 -3.225492e-13 7.071068e-01
    outer loop
      vertex   -1.294443e+01 -2.833147e+01 2.208556e+02
      vertex   -1.200000e+01 -2.850000e+01 2.218000e+02
      vertex   -1.279289e+01 -2.820711e+01 2.210071e+02
    endloop
  endfacet
  facet normal -7.071068e-01 -2.701181e-13 7.071068e-01
    outer loop
      vertex   -1.279289e+01 -2.820711e+01 2.210071e+02
      vertex   -1.200000e+01 -2.850000e+01 2.218000e+02
      vertex   -1.266853e+01 -2.805557e+01 2.211315e+02
    endloop
  endfacet
  facet normal -7.071068e-01 -2.408952e-13 7.071068e-01
    outer loop
      vertex   -1.266853e+01 -2.805557e+01 2.211315e+02
      vertex   -1.200000e+01 -2.850000e+01 2.218000e+02
      vertex   -1.257612e+01 -2.788268e+01 2.212239e+02
    endloop
  endfacet
  facet normal -7.071068e-01 -1.089884e-13 7.071068e-01
    outer loop
      vertex   -1.257612e+01 -2.788268e+01 2.212239e+02
      vertex   -1.200000e+01 -2.850000e+01 2.218000e+02
      vertex   -1.251921e+01 -2.769509e+01 2.212808e+02
    endloop
  endfacet
  facet normal -7.071068e-01 5.973683e-14 7.071068e-01
    outer loop
      vertex   -1.251921e+01 -2.769509e+01 2.212808e+02
      vertex   -1.200000e+01 -2.850000e+01 2.218000e+02
      vertex   -1.250482e+01 -2.759802e+01 2.212952e+02
    endloop
  endfacet
  facet normal -7.071068e-01 3.117252e-12 7.071068e-01
    outer loop
      vertex   -1.250482e+01 -2.759802e+01 2.212952e+02
      vertex   -1.200000e+01 -2.850000e+01 2.218000e+02
      vertex   -1.250000e+01 -2.750000e+01 2.213000e+02
    endloop
  endfacet
  facet normal -7.071068e-01 0.000000e+00 7.071068e-01
    outer loop
      vertex   -1.250000e+01 -2.750000e+01 2.213000e+02
      vertex   -1.200000e+01 -2.850000e+01 2.218000e+02
      vertex   -1.250000e+01 2.750000e+01 2.213000e+02
    endloop
  endfacet
  facet normal -7.071068e-01 0.000000e+00 7.071068e-01
    outer loop
      vertex   -1.250000e+01 2.750000e+01 2.213000e+02
      vertex   -1.200000e+01 -2.850000e+01 2.218000e+02
      vertex   -1.200000e+01 2.850000e+01 2.218000e+02
    endloop
  endfacet
  facet normal -7.071068e-01 -3.117257e-12 7.071068e-01
    outer loop
      vertex   -1.250000e+01 2.750000e+01 2.213000e+02
      vertex   -1.200000e+01 2.850000e+01 2.218000e+02
      vertex   -1.250482e+01 2.759802e+01 2.212952e+02
    endloop
  endfacet
  facet normal -7.071068e-01 -5.974672e-14 7.071068e-01
    outer loop
      vertex   -1.250482e+01 2.759802e+01 2.212952e+02
      vertex   -1.200000e+01 2.850000e+01 2.218000e+02
      vertex   -1.251921e+01 2.769509e+01 2.212808e+02
    endloop
  endfacet
  facet normal -7.071068e-01 1.090056e-13 7.071068e-01
    outer loop
      vertex   -1.251921e+01 2.769509e+01 2.212808e+02
      vertex   -1.200000e+01 2.850000e+01 2.218000e+02
      vertex   -1.257612e+01 2.788268e+01 2.212239e+02
    endloop
  endfacet
  facet normal -7.071068e-01 2.408952e-13 7.071068e-01
    outer loop
      vertex   -1.257612e+01 2.788268e+01 2.212239e+02
      vertex   -1.200000e+01 2.850000e+01 2.218000e+02
      vertex   -1.266853e+01 2.805557e+01 2.211315e+02
    endloop
  endfacet
  facet normal -7.071068e-01 2.701181e-13 7.071068e-01
    outer loop
      vertex   -1.266853e+01 2.805557e+01 2.211315e+02
      vertex   -1.200000e+01 2.850000e+01 2.218000e+02
      vertex   -1.279289e+01 2.820711e+01 2.210071e+02
    endloop
  endfacet
  facet normal -7.071068e-01 3.225492e-13 7.071068e-01
    outer loop
      vertex   -1.279289e+01 2.820711e+01 2.210071e+02
      vertex   -1.200000e+01 2.850000e+01 2.218000e+02
      vertex   -1.294443e+01 2.833147e+01 2.208556e+02
    endloop
  endfacet
  facet normal -7.071068e-01 6.092956e-13 7.071068e-01
    outer loop
      vertex   -1.294443e+01 2.833147e+01 2.208556e+02
      vertex   -1.200000e+01 2.850000e+01 2.218000e+02
      vertex   -1.311732e+01 2.842388e+01 2.206827e+02
    endloop
  endfacet
  facet normal -7.071068e-01 8.797077e-13 7.071068e-01
    outer loop
      vertex   -1.311732e+01 2.842388e+01 2.206827e+02
      vertex   -1.200000e+01 2.850000e+01 2.218000e+02
      vertex   -1.330491e+01 2.848079e+01 2.204951e+02
    endloop
  endfacet
  facet normal -7.071068e-01 1.678657e-11 7.071068e-01
    outer loop
      vertex   -1.330491e+01 2.848079e+01 2.204951e+02
      vertex   -1.200000e+01 2.850000e+01 2.218000e+02
      vertex   -1.350000e+01 2.850000e+01 2.203000e+02
    endloop
  endfacet
  facet normal 7.071068e-01 -0.000000e+00 7.071068e-01
    outer loop
      vertex   -1.000000e+01 -2.850000e+01 2.218000e+02
      vertex   -9.500000e+00 2.750000e+01 2.213000e+02
      vertex   -1.000000e+01 2.850000e+01 2.218000e+02
    endloop
  endfacet
  facet normal 7.071068e-01 -2.814996e-13 7.071068e-01
    outer loop
      vertex   -1.000000e+01 2.850000e+01 2.218000e+02
      vertex   -9.500000e+00 2.750000e+01 2.213000e+02
      vertex   -9.495185e+00 2.759802e+01 2.212952e+02
    endloop
  endfacet
  facet normal 7.071068e-01 -1.513307e-13 7.071068e-01
    outer loop
      vertex   -1.000000e+01 2.850000e+01 2.218000e+02
      vertex   -9.495185e+00 2.759802e+01 2.212952e+02
      vertex   -9.480785e+00 2.769509e+01 2.212808e+02
    endloop
  endfacet
  facet normal 7.071068e-01 -2.282517e-12 7.071068e-01
    outer loop
      vertex   -8.500000e+00 -2.850000e+01 2.203000e+02
      vertex   -8.695090e+00 -2.848079e+01 2.204951e+02
      vertex   -1.000000e+01 -2.850000e+01 2.218000e+02
    endloop
  endfacet
  facet normal 7.071068e-01 4.214531e-13 7.071068e-01
    outer loop
      vertex   -1.000000e+01 -2.850000e+01 2.218000e+02
      vertex   -8.695090e+00 -2.848079e+01 2.204951e+02
      vertex   -8.882683e+00 -2.842388e+01 2.206827e+02
    endloop
  endfacet
  facet normal 7.071068e-01 -4.450859e-14 7.071068e-01
    outer loop
      vertex   -1.000000e+01 -2.850000e+01 2.218000e+02
      vertex   -8.882683e+00 -2.842388e+01 2.206827e+02
      vertex   -9.055570e+00 -2.833147e+01 2.208556e+02
    endloop
  endfacet
  facet normal 7.071068e-01 -9.388241e-14 7.071068e-01
    outer loop
      vertex   -9.055570e+00 -2.833147e+01 2.208556e+02
      vertex   -9.207107e+00 -2.820711e+01 2.210071e+02
      vertex   -1.000000e+01 -2.850000e+01 2.218000e+02
    endloop
  endfacet
  facet normal 7.071068e-01 1.905241e-14 7.071068e-01
    outer loop
      vertex   -1.000000e+01 -2.850000e+01 2.218000e+02
      vertex   -9.207107e+00 -2.820711e+01 2.210071e+02
      vertex   -9.331470e+00 -2.805557e+01 2.211315e+02
    endloop
  endfacet
  facet normal 7.071068e-01 -5.963653e-14 7.071068e-01
    outer loop
      vertex   -1.000000e+01 -2.850000e+01 2.218000e+02
      vertex   -9.331470e+00 -2.805557e+01 2.211315e+02
      vertex   -9.423880e+00 -2.788268e+01 2.212239e+02
    endloop
  endfacet
  facet normal 7.071068e-01 -3.426232e-14 7.071068e-01
    outer loop
      vertex   -9.423880e+00 -2.788268e+01 2.212239e+02
      vertex   -9.480785e+00 -2.769509e+01 2.212808e+02
      vertex   -1.000000e+01 -2.850000e+01 2.218000e+02
    endloop
  endfacet
  facet normal 7.071068e-01 1.513307e-13 7.071068e-01
    outer loop
      vertex   -1.000000e+01 -2.850000e+01 2.218000e+02
      vertex   -9.480785e+00 -2.769509e+01 2.212808e+02
      vertex   -9.495185e+00 -2.759802e+01 2.212952e+02
    endloop
  endfacet
  facet normal 7.071068e-01 2.814996e-13 7.071068e-01
    outer loop
      vertex   -1.000000e+01 -2.850000e+01 2.218000e+02
      vertex   -9.495185e+00 -2.759802e+01 2.212952e+02
      vertex   -9.500000e+00 -2.750000e+01 2.213000e+02
    endloop
  endfacet
  facet normal 7.071068e-01 -0.000000e+00 7.071068e-01
    outer loop
      vertex   -9.500000e+00 -2.750000e+01 2.213000e+02
      vertex   -9.500000e+00 2.750000e+01 2.213000e+02
      vertex   -1.000000e+01 -2.850000e+01 2.218000e+02
    endloop
  endfacet
  facet normal 7.071068e-01 3.426232e-14 7.071068e-01
    outer loop
      vertex   -9.480785e+00 2.769509e+01 2.212808e+02
      vertex   -9.423880e+00 2.788268e+01 2.212239e+02
      vertex   -1.000000e+01 2.850000e+01 2.218000e+02
    endloop
  endfacet
  facet normal 7.071068e-01 5.963653e-14 7.071068e-01
    outer loop
      vertex   -1.000000e+01 2.850000e+01 2.218000e+02
      vertex   -9.423880e+00 2.788268e+01 2.212239e+02
      vertex   -9.331470e+00 2.805557e+01 2.211315e+02
    endloop
  endfacet
  facet normal 7.071068e-01 -1.905241e-14 7.071068e-01
    outer loop
      vertex   -1.000000e+01 2.850000e+01 2.218000e+02
      vertex   -9.331470e+00 2.805557e+01 2.211315e+02
      vertex   -9.207107e+00 2.820711e+01 2.210071e+02
    endloop
  endfacet
  facet normal 7.071068e-01 9.388241e-14 7.071068e-01
    outer loop
      vertex   -9.207107e+00 2.820711e+01 2.210071e+02
      vertex   -9.055570e+00 2.833147e+01 2.208556e+02
      vertex   -1.000000e+01 2.850000e+01 2.218000e+02
    endloop
  endfacet
  facet normal 7.071068e-01 4.450859e-14 7.071068e-01
    outer loop
      vertex   -1.000000e+01 2.850000e+01 2.218000e+02
      vertex   -9.055570e+00 2.833147e+01 2.208556e+02
      vertex   -8.882683e+00 2.842388e+01 2.206827e+02
    endloop
  endfacet
  facet normal 7.071068e-01 -4.214531e-13 7.071068e-01
    outer loop
      vertex   -1.000000e+01 2.850000e+01 2.218000e+02
      vertex   -8.882683e+00 2.842388e+01 2.206827e+02
      vertex   -8.695090e+00 2.848079e+01 2.204951e+02
    endloop
  endfacet
  facet normal 7.071068e-01 2.282517e-12 7.071068e-01
    outer loop
      vertex   -8.695090e+00 2.848079e+01 2.204951e+02
      vertex   -8.500000e+00 2.850000e+01 2.203000e+02
      vertex   -1.000000e+01 2.850000e+01 2.218000e+02
    endloop
  endfacet
  facet normal 1.000000e+00 -0.000000e+00 0.000000e+00
    outer loop
      vertex   -9.500000e+00 -2.750000e+01 2.213000e+02
      vertex   -9.500000e+00 -2.750000e+01 2.183000e+02
      vertex   -9.500000e+00 2.750000e+01 2.213000e+02
    endloop
  endfacet
  facet normal 1.000000e+00 0.000000e+00 0.000000e+00
    outer loop
      vertex   -9.500000e+00 2.750000e+01 2.213000e+02
      vertex   -9.500000e+00 -2.750000e+01 2.183000e+02
      vertex   -9.500000e+00 2.750000e+01 2.183000e+02
    endloop
  endfacet
  facet normal -7.071068e-01 3.927672e-12 7.071068e-01
    outer loop
      vertex   -2.300000e+01 -2.850000e+01 2.203000e+02
      vertex   -2.150000e+01 -2.850000e+01 2.218000e+02
      vertex   -2.280491e+01 -2.848079e+01 2.204951e+02
    endloop
  endfacet
  facet normal -7.071068e-01 6.029401e-13 7.071068e-01
    outer loop
      vertex   -2.280491e+01 -2.848079e+01 2.204951e+02
      vertex   -2.150000e+01 -2.850000e+01 2.218000e+02
      vertex   -2.261732e+01 -2.842388e+01 2.206827e+02
    endloop
  endfacet
  facet normal -7.071068e-01 -4.552015e-14 7.071068e-01
    outer loop
      vertex   -2.261732e+01 -2.842388e+01 2.206827e+02
      vertex   -2.150000e+01 -2.850000e+01 2.218000e+02
      vertex   -2.244443e+01 -2.833147e+01 2.208556e+02
    endloop
  endfacet
  facet normal -7.071068e-01 2.312747e-13 7.071068e-01
    outer loop
      vertex   -2.244443e+01 -2.833147e+01 2.208556e+02
      vertex   -2.150000e+01 -2.850000e+01 2.218000e+02
      vertex   -2.229289e+01 -2.820711e+01 2.210071e+02
    endloop
  endfacet
  facet normal -7.071068e-01 -5.013792e-14 7.071068e-01
    outer loop
      vertex   -2.229289e+01 -2.820711e+01 2.210071e+02
      vertex   -2.150000e+01 -2.850000e+01 2.218000e+02
      vertex   -2.216853e+01 -2.805557e+01 2.211315e+02
    endloop
  endfacet
  facet normal -7.071068e-01 1.683228e-13 7.071068e-01
    outer loop
      vertex   -2.216853e+01 -2.805557e+01 2.211315e+02
      vertex   -2.150000e+01 -2.850000e+01 2.218000e+02
      vertex   -2.207612e+01 -2.788268e+01 2.212239e+02
    endloop
  endfacet
  facet normal -7.071068e-01 -4.604856e-14 7.071068e-01
    outer loop
      vertex   -2.207612e+01 -2.788268e+01 2.212239e+02
      vertex   -2.150000e+01 -2.850000e+01 2.218000e+02
      vertex   -2.201921e+01 -2.769509e+01 2.212808e+02
    endloop
  endfacet
  facet normal -7.071068e-01 8.412426e-14 7.071068e-01
    outer loop
      vertex   -2.201921e+01 -2.769509e+01 2.212808e+02
      vertex   -2.150000e+01 -2.850000e+01 2.218000e+02
      vertex   -2.200482e+01 -2.759802e+01 2.212952e+02
    endloop
  endfacet
  facet normal -7.071068e-01 -7.216448e-13 7.071068e-01
    outer loop
      vertex   -2.200482e+01 -2.759802e+01 2.212952e+02
      vertex   -2.150000e+01 -2.850000e+01 2.218000e+02
      vertex   -2.200000e+01 -2.750000e+01 2.213000e+02
    endloop
  endfacet
  facet normal -7.071068e-01 0.000000e+00 7.071068e-01
    outer loop
      vertex   -2.200000e+01 -2.750000e+01 2.213000e+02
      vertex   -2.150000e+01 -2.850000e+01 2.218000e+02
      vertex   -2.200000e+01 2.750000e+01 2.213000e+02
    endloop
  endfacet
  facet normal -7.071068e-01 0.000000e+00 7.071068e-01
    outer loop
      vertex   -2.200000e+01 2.750000e+01 2.213000e+02
      vertex   -2.150000e+01 -2.850000e+01 2.218000e+02
      vertex   -2.150000e+01 2.850000e+01 2.218000e+02
    endloop
  endfacet
  facet normal -7.071068e-01 7.216391e-13 7.071068e-01
    outer loop
      vertex   -2.200000e+01 2.750000e+01 2.213000e+02
      vertex   -2.150000e+01 2.850000e+01 2.218000e+02
      vertex   -2.200482e+01 2.759802e+01 2.212952e+02
    endloop
  endfacet
  facet normal -7.071068e-01 -8.412426e-14 7.071068e-01
    outer loop
      vertex   -2.200482e+01 2.759802e+01 2.212952e+02
      vertex   -2.150000e+01 2.850000e+01 2.218000e+02
      vertex   -2.201921e+01 2.769509e+01 2.212808e+02
    endloop
  endfacet
  facet normal -7.071068e-01 4.603143e-14 7.071068e-01
    outer loop
      vertex   -2.201921e+01 2.769509e+01 2.212808e+02
      vertex   -2.150000e+01 2.850000e+01 2.218000e+02
      vertex   -2.207612e+01 2.788268e+01 2.212239e+02
    endloop
  endfacet
  facet normal -7.071068e-01 -1.683228e-13 7.071068e-01
    outer loop
      vertex   -2.207612e+01 2.788268e+01 2.212239e+02
      vertex   -2.150000e+01 2.850000e+01 2.218000e+02
      vertex   -2.216853e+01 2.805557e+01 2.211315e+02
    endloop
  endfacet
  facet normal -7.071068e-01 5.020060e-14 7.071068e-01
    outer loop
      vertex   -2.216853e+01 2.805557e+01 2.211315e+02
      vertex   -2.150000e+01 2.850000e+01 2.218000e+02
      vertex   -2.229289e+01 2.820711e+01 2.210071e+02
    endloop
  endfacet
  facet normal -7.071068e-01 -2.312060e-13 7.071068e-01
    outer loop
      vertex   -2.229289e+01 2.820711e+01 2.210071e+02
      vertex   -2.150000e+01 2.850000e+01 2.218000e+02
      vertex   -2.244443e+01 2.833147e+01 2.208556e+02
    endloop
  endfacet
  facet normal -7.071068e-01 4.535155e-14 7.071068e-01
    outer loop
      vertex   -2.244443e+01 2.833147e+01 2.208556e+02
      vertex   -2.150000e+01 2.850000e+01 2.218000e+02
      vertex   -2.261732e+01 2.842388e+01 2.206827e+02
    endloop
  endfacet
  facet normal -7.071068e-01 -6.026880e-13 7.071068e-01
    outer loop
      vertex   -2.261732e+01 2.842388e+01 2.206827e+02
      vertex   -2.150000e+01 2.850000e+01 2.218000e+02
      vertex   -2.280491e+01 2.848079e+01 2.204951e+02
    endloop
  endfacet
  facet normal -7.071068e-01 -3.927672e-12 7.071068e-01
    outer loop
      vertex   -2.280491e+01 2.848079e+01 2.204951e+02
      vertex   -2.150000e+01 2.850000e+01 2.218000e+02
      vertex   -2.300000e+01 2.850000e+01 2.203000e+02
    endloop
  endfacet
  facet normal 7.071068e-01 -0.000000e+00 7.071068e-01
    outer loop
      vertex   -1.950000e+01 -2.850000e+01 2.218000e+02
      vertex   -1.900000e+01 2.750000e+01 2.213000e+02
      vertex   -1.950000e+01 2.850000e+01 2.218000e+02
    endloop
  endfacet
  facet normal 7.071068e-01 -1.775052e-12 7.071068e-01
    outer loop
      vertex   -1.950000e+01 2.850000e+01 2.218000e+02
      vertex   -1.900000e+01 2.750000e+01 2.213000e+02
      vertex   -1.899518e+01 2.759802e+01 2.212952e+02
    endloop
  endfacet
  facet normal 7.071068e-01 -1.032088e-13 7.071068e-01
    outer loop
      vertex   -1.950000e+01 2.850000e+01 2.218000e+02
      vertex   -1.899518e+01 2.759802e+01 2.212952e+02
      vertex   -1.898079e+01 2.769509e+01 2.212808e+02
    endloop
  endfacet
  facet normal 7.071068e-01 -9.277150e-12 7.071068e-01
    outer loop
      vertex   -1.800000e+01 -2.850000e+01 2.203000e+02
      vertex   -1.819509e+01 -2.848079e+01 2.204951e+02
      vertex   -1.950000e+01 -2.850000e+01 2.218000e+02
    endloop
  endfacet
  facet normal 7.071068e-01 -3.871722e-13 7.071068e-01
    outer loop
      vertex   -1.950000e+01 -2.850000e+01 2.218000e+02
      vertex   -1.819509e+01 -2.848079e+01 2.204951e+02
      vertex   -1.838268e+01 -2.842388e+01 2.206827e+02
    endloop
  endfacet
  facet normal 7.071068e-01 -4.558758e-13 7.071068e-01
    outer loop
      vertex   -1.950000e+01 -2.850000e+01 2.218000e+02
      vertex   -1.838268e+01 -2.842388e+01 2.206827e+02
      vertex   -1.855557e+01 -2.833147e+01 2.208556e+02
    endloop
  endfacet
  facet normal 7.071068e-01 -9.470594e-14 7.071068e-01
    outer loop
      vertex   -1.855557e+01 -2.833147e+01 2.208556e+02
      vertex   -1.870711e+01 -2.820711e+01 2.210071e+02
      vertex   -1.950000e+01 -2.850000e+01 2.218000e+02
    endloop
  endfacet
  facet normal 7.071068e-01 -1.719731e-13 7.071068e-01
    outer loop
      vertex   -1.950000e+01 -2.850000e+01 2.218000e+02
      vertex   -1.870711e+01 -2.820711e+01 2.210071e+02
      vertex   -1.883147e+01 -2.805557e+01 2.211315e+02
    endloop
  endfacet
  facet normal 7.071068e-01 -1.681349e-13 7.071068e-01
    outer loop
      vertex   -1.950000e+01 -2.850000e+01 2.218000e+02
      vertex   -1.883147e+01 -2.805557e+01 2.211315e+02
      vertex   -1.892388e+01 -2.788268e+01 2.212239e+02
    endloop
  endfacet
  facet normal 7.071068e-01 -6.574940e-14 7.071068e-01
    outer loop
      vertex   -1.892388e+01 -2.788268e+01 2.212239e+02
      vertex   -1.898079e+01 -2.769509e+01 2.212808e+02
      vertex   -1.950000e+01 -2.850000e+01 2.218000e+02
    endloop
  endfacet
  facet normal 7.071068e-01 1.032088e-13 7.071068e-01
    outer loop
      vertex   -1.950000e+01 -2.850000e+01 2.218000e+02
      vertex   -1.898079e+01 -2.769509e+01 2.212808e+02
      vertex   -1.899518e+01 -2.759802e+01 2.212952e+02
    endloop
  endfacet
  facet normal 7.071068e-01 1.775052e-12 7.071068e-01
    outer loop
      vertex   -1.950000e+01 -2.850000e+01 2.218000e+02
      vertex   -1.899518e+01 -2.759802e+01 2.212952e+02
      vertex   -1.900000e+01 -2.750000e+01 2.213000e+02
    endloop
  endfacet
  facet normal 7.071068e-01 -0.000000e+00 7.071068e-01
    outer loop
      vertex   -1.900000e+01 -2.750000e+01 2.213000e+02
      vertex   -1.900000e+01 2.750000e+01 2.213000e+02
      vertex   -1.950000e+01 -2.850000e+01 2.218000e+02
    endloop
  endfacet
  facet normal 7.071068e-01 6.576653e-14 7.071068e-01
    outer loop
      vertex   -1.898079e+01 2.769509e+01 2.212808e+02
      vertex   -1.892388e+01 2.788268e+01 2.212239e+02
      vertex   -1.950000e+01 2.850000e+01 2.218000e+02
    endloop
  endfacet
  facet normal 7.071068e-01 1.681349e-13 7.071068e-01
    outer loop
      vertex   -1.950000e+01 2.850000e+01 2.218000e+02
      vertex   -1.892388e+01 2.788268e+01 2.212239e+02
      vertex   -1.883147e+01 2.805557e+01 2.211315e+02
    endloop
  endfacet
  facet normal 7.071068e-01 1.719731e-13 7.071068e-01
    outer loop
      vertex   -1.950000e+01 2.850000e+01 2.218000e+02
      vertex   -1.883147e+01 2.805557e+01 2.211315e+02
      vertex   -1.870711e+01 2.820711e+01 2.210071e+02
    endloop
  endfacet
  facet normal 7.071068e-01 9.484320e-14 7.071068e-01
    outer loop
      vertex   -1.870711e+01 2.820711e+01 2.210071e+02
      vertex   -1.855557e+01 2.833147e+01 2.208556e+02
      vertex   -1.950000e+01 2.850000e+01 2.218000e+02
    endloop
  endfacet
  facet normal 7.071068e-01 4.558758e-13 7.071068e-01
    outer loop
      vertex   -1.950000e+01 2.850000e+01 2.218000e+02
      vertex   -1.855557e+01 2.833147e+01 2.208556e+02
      vertex   -1.838268e+01 2.842388e+01 2.206827e+02
    endloop
  endfacet
  facet normal 7.071068e-01 3.871722e-13 7.071068e-01
    outer loop
      vertex   -1.950000e+01 2.850000e+01 2.218000e+02
      vertex   -1.838268e+01 2.842388e+01 2.206827e+02
      vertex   -1.819509e+01 2.848079e+01 2.204951e+02
    endloop
  endfacet
  facet normal 7.071068e-01 9.277150e-12 7.071068e-01
    outer loop
      vertex   -1.819509e+01 2.848079e+01 2.204951e+02
      vertex   -1.800000e+01 2.850000e+01 2.203000e+02
      vertex   -1.950000e+01 2.850000e+01 2.218000e+02
    endloop
  endfacet
  facet normal 1.000000e+00 -0.000000e+00 0.000000e+00
    outer loop
      vertex   -1.900000e+01 -2.750000e+01 2.213000e+02
      vertex   -1.900000e+01 -2.750000e+01 2.183000e+02
      vertex   -1.900000e+01 2.750000e+01 2.213000e+02
    endloop
  endfacet
  facet normal 1.000000e+00 0.000000e+00 0.000000e+00
    outer loop
      vertex   -1.900000e+01 2.750000e+01 2.213000e+02
      vertex   -1.900000e+01 -2.750000e+01 2.183000e+02
      vertex   -1.900000e+01 2.750000e+01 2.183000e+02
    endloop
  endfacet
  facet normal -1.119645e-01 9.937122e-01 0.000000e+00
    outer loop
      vertex   2.650000e+01 -2.850000e+01 2.183000e+02
      vertex   2.650000e+01 -2.850000e+01 2.260000e+02
      vertex   2.694504e+01 -2.844986e+01 2.183000e+02
    endloop
  endfacet
  facet normal -1.119645e-01 9.937122e-01 -4.584903e-16
    outer loop
      vertex   2.694504e+01 -2.844986e+01 2.183000e+02
      vertex   2.650000e+01 -2.850000e+01 2.260000e+02
      vertex   2.694504e+01 -2.844986e+01 2.260000e+02
    endloop
  endfacet
  facet normal -3.302791e-01 9.438833e-01 -4.354996e-16
    outer loop
      vertex   2.694504e+01 -2.844986e+01 2.183000e+02
      vertex   2.694504e+01 -2.844986e+01 2.260000e+02
      vertex   2.736777e+01 -2.830194e+01 2.183000e+02
    endloop
  endfacet
  facet normal -3.302791e-01 9.438833e-01 -4.354996e-16
    outer loop
      vertex   2.736777e+01 -2.830194e+01 2.183000e+02
      vertex   2.694504e+01 -2.844986e+01 2.260000e+02
      vertex   2.736777e+01 -2.830194e+01 2.260000e+02
    endloop
  endfacet
  facet normal -5.320321e-01 8.467242e-01 -3.906713e-16
    outer loop
      vertex   2.736777e+01 -2.830194e+01 2.183000e+02
      vertex   2.736777e+01 -2.830194e+01 2.260000e+02
      vertex   2.774698e+01 -2.806366e+01 2.183000e+02
    endloop
  endfacet
  facet normal -5.320321e-01 8.467242e-01 -2.454750e-16
    outer loop
      vertex   2.774698e+01 -2.806366e+01 2.183000e+02
      vertex   2.736777e+01 -2.830194e+01 2.260000e+02
      vertex   2.774698e+01 -2.806366e+01 2.260000e+02
    endloop
  endfacet
  facet normal -7.071068e-01 7.071068e-01 -3.262530e-16
    outer loop
      vertex   2.774698e+01 -2.806366e+01 2.183000e+02
      vertex   2.774698e+01 -2.806366e+01 2.260000e+02
      vertex   2.806366e+01 -2.774698e+01 2.183000e+02
    endloop
  endfacet
  facet normal -7.071068e-01 7.071068e-01 3.262530e-16
    outer loop
      vertex   2.806366e+01 -2.774698e+01 2.183000e+02
      vertex   2.774698e+01 -2.806366e+01 2.260000e+02
      vertex   2.806366e+01 -2.774698e+01 2.260000e+02
    endloop
  endfacet
  facet normal -8.467242e-01 5.320321e-01 2.454750e-16
    outer loop
      vertex   2.806366e+01 -2.774698e+01 2.183000e+02
      vertex   2.806366e+01 -2.774698e+01 2.260000e+02
      vertex   2.830194e+01 -2.736777e+01 2.183000e+02
    endloop
  endfacet
  facet normal -8.467242e-01 5.320321e-01 3.906713e-16
    outer loop
      vertex   2.830194e+01 -2.736777e+01 2.183000e+02
      vertex   2.806366e+01 -2.774698e+01 2.260000e+02
      vertex   2.830194e+01 -2.736777e+01 2.260000e+02
    endloop
  endfacet
  facet normal -9.438833e-01 3.302791e-01 4.354996e-16
    outer loop
      vertex   2.830194e+01 -2.736777e+01 2.183000e+02
      vertex   2.830194e+01 -2.736777e+01 2.260000e+02
      vertex   2.844986e+01 -2.694504e+01 2.183000e+02
    endloop
  endfacet
  facet normal -9.438833e-01 3.302791e-01 4.354996e-16
    outer loop
      vertex   2.844986e+01 -2.694504e+01 2.183000e+02
      vertex   2.830194e+01 -2.736777e+01 2.260000e+02
      vertex   2.844986e+01 -2.694504e+01 2.260000e+02
    endloop
  endfacet
  facet normal -9.937122e-01 1.119645e-01 4.584903e-16
    outer loop
      vertex   2.844986e+01 -2.694504e+01 2.183000e+02
      vertex   2.844986e+01 -2.694504e+01 2.260000e+02
      vertex   2.850000e+01 -2.650000e+01 2.183000e+02
    endloop
  endfacet
  facet normal -9.937122e-01 1.119645e-01 0.000000e+00
    outer loop
      vertex   2.850000e+01 -2.650000e+01 2.183000e+02
      vertex   2.844986e+01 -2.694504e+01 2.260000e+02
      vertex   2.850000e+01 -2.650000e+01 2.260000e+02
    endloop
  endfacet
  facet normal 9.937122e-01 1.119645e-01 -0.000000e+00
    outer loop
      vertex   -2.850000e+01 -2.650000e+01 2.183000e+02
      vertex   -2.850000e+01 -2.650000e+01 2.260000e+02
      vertex   -2.844986e+01 -2.694504e+01 2.183000e+02
    endloop
  endfacet
  facet normal 9.937122e-01 1.119645e-01 -4.584903e-16
    outer loop
      vertex   -2.844986e+01 -2.694504e+01 2.183000e+02
      vertex   -2.850000e+01 -2.650000e+01 2.260000e+02
      vertex   -2.844986e+01 -2.694504e+01 2.260000e+02
    endloop
  endfacet
  facet normal 9.438833e-01 3.302791e-01 -4.354996e-16
    outer loop
      vertex   -2.844986e+01 -2.694504e+01 2.183000e+02
      vertex   -2.844986e+01 -2.694504e+01 2.260000e+02
      vertex   -2.830194e+01 -2.736777e+01 2.183000e+02
    endloop
  endfacet
  facet normal 9.438833e-01 3.302791e-01 -4.354996e-16
    outer loop
      vertex   -2.830194e+01 -2.736777e+01 2.183000e+02
      vertex   -2.844986e+01 -2.694504e+01 2.260000e+02
      vertex   -2.830194e+01 -2.736777e+01 2.260000e+02
    endloop
  endfacet
  facet normal 8.467242e-01 5.320321e-01 -3.906713e-16
    outer loop
      vertex   -2.830194e+01 -2.736777e+01 2.183000e+02
      vertex   -2.830194e+01 -2.736777e+01 2.260000e+02
      vertex   -2.806366e+01 -2.774698e+01 2.183000e+02
    endloop
  endfacet
  facet normal 8.467242e-01 5.320321e-01 -2.454750e-16
    outer loop
      vertex   -2.806366e+01 -2.774698e+01 2.183000e+02
      vertex   -2.830194e+01 -2.736777e+01 2.260000e+02
      vertex   -2.806366e+01 -2.774698e+01 2.260000e+02
    endloop
  endfacet
  facet normal 7.071068e-01 7.071068e-01 -3.262530e-16
    outer loop
      vertex   -2.806366e+01 -2.774698e+01 2.183000e+02
      vertex   -2.806366e+01 -2.774698e+01 2.260000e+02
      vertex   -2.774698e+01 -2.806366e+01 2.183000e+02
    endloop
  endfacet
  facet normal 7.071068e-01 7.071068e-01 3.262530e-16
    outer loop
      vertex   -2.774698e+01 -2.806366e+01 2.183000e+02
      vertex   -2.806366e+01 -2.774698e+01 2.260000e+02
      vertex   -2.774698e+01 -2.806366e+01 2.260000e+02
    endloop
  endfacet
  facet normal 5.320321e-01 8.467242e-01 2.454750e-16
    outer loop
      vertex   -2.774698e+01 -2.806366e+01 2.183000e+02
      vertex   -2.774698e+01 -2.806366e+01 2.260000e+02
      vertex   -2.736777e+01 -2.830194e+01 2.183000e+02
    endloop
  endfacet
  facet normal 5.320321e-01 8.467242e-01 3.906713e-16
    outer loop
      vertex   -2.736777e+01 -2.830194e+01 2.183000e+02
      vertex   -2.774698e+01 -2.806366e+01 2.260000e+02
      vertex   -2.736777e+01 -2.830194e+01 2.260000e+02
    endloop
  endfacet
  facet normal 3.302791e-01 9.438833e-01 4.354996e-16
    outer loop
      vertex   -2.736777e+01 -2.830194e+01 2.183000e+02
      vertex   -2.736777e+01 -2.830194e+01 2.260000e+02
      vertex   -2.694504e+01 -2.844986e+01 2.183000e+02
    endloop
  endfacet
  facet normal 3.302791e-01 9.438833e-01 4.354996e-16
    outer loop
      vertex   -2.694504e+01 -2.844986e+01 2.183000e+02
      vertex   -2.736777e+01 -2.830194e+01 2.260000e+02
      vertex   -2.694504e+01 -2.844986e+01 2.260000e+02
    endloop
  endfacet
  facet normal 1.119645e-01 9.937122e-01 4.584903e-16
    outer loop
      vertex   -2.694504e+01 -2.844986e+01 2.183000e+02
      vertex   -2.694504e+01 -2.844986e+01 2.260000e+02
      vertex   -2.650000e+01 -2.850000e+01 2.183000e+02
    endloop
  endfacet
  facet normal 1.119645e-01 9.937122e-01 -0.000000e+00
    outer loop
      vertex   -2.650000e+01 -2.850000e+01 2.183000e+02
      vertex   -2.694504e+01 -2.844986e+01 2.260000e+02
      vertex   -2.650000e+01 -2.850000e+01 2.260000e+02
    endloop
  endfacet
  facet normal -9.921147e-01 -1.253332e-01 -2.349800e-15
    outer loop
      vertex   3.438874e+01 -3.201505e+01 2.260000e+02
      vertex   3.438874e+01 -3.201505e+01 2.230000e+02
      vertex   3.445000e+01 -3.250000e+01 2.260000e+02
    endloop
  endfacet
  facet normal -9.921147e-01 -1.253332e-01 -0.000000e+00
    outer loop
      vertex   3.445000e+01 -3.250000e+01 2.260000e+02
      vertex   3.438874e+01 -3.201505e+01 2.230000e+02
      vertex   3.445000e+01 -3.250000e+01 2.230000e+02
    endloop
  endfacet
  facet normal -9.921147e-01 1.253332e-01 0.000000e+00
    outer loop
      vertex   3.445000e+01 -3.250000e+01 2.260000e+02
      vertex   3.445000e+01 -3.250000e+01 2.230000e+02
      vertex   3.438874e+01 -3.298495e+01 2.260000e+02
    endloop
  endfacet
  facet normal -9.921147e-01 1.253332e-01 2.349800e-15
    outer loop
      vertex   3.438874e+01 -3.298495e+01 2.260000e+02
      vertex   3.445000e+01 -3.250000e+01 2.230000e+02
      vertex   3.438874e+01 -3.298495e+01 2.230000e+02
    endloop
  endfacet
  facet normal -9.297765e-01 3.681246e-01 2.202153e-15
    outer loop
      vertex   3.438874e+01 -3.298495e+01 2.260000e+02
      vertex   3.438874e+01 -3.298495e+01 2.230000e+02
      vertex   3.420880e+01 -3.343942e+01 2.260000e+02
    endloop
  endfacet
  facet normal -9.297765e-01 3.681246e-01 -2.202153e-15
    outer loop
      vertex   3.420880e+01 -3.343942e+01 2.260000e+02
      vertex   3.438874e+01 -3.298495e+01 2.230000e+02
      vertex   3.420880e+01 -3.343942e+01 2.230000e+02
    endloop
  endfacet
  facet normal -8.090170e-01 5.877853e-01 -1.916137e-15
    outer loop
      vertex   3.420880e+01 -3.343942e+01 2.260000e+02
      vertex   3.420880e+01 -3.343942e+01 2.230000e+02
      vertex   3.392149e+01 -3.383487e+01 2.260000e+02
    endloop
  endfacet
  facet normal -8.090170e-01 5.877853e-01 0.000000e+00
    outer loop
      vertex   3.392149e+01 -3.383487e+01 2.260000e+02
      vertex   3.420880e+01 -3.343942e+01 2.230000e+02
      vertex   3.392149e+01 -3.383487e+01 2.230000e+02
    endloop
  endfacet
  facet normal -6.374240e-01 7.705132e-01 0.000000e+00
    outer loop
      vertex   3.392149e+01 -3.383487e+01 2.260000e+02
      vertex   3.392149e+01 -3.383487e+01 2.230000e+02
      vertex   3.354486e+01 -3.414644e+01 2.260000e+02
    endloop
  endfacet
  facet normal -6.374240e-01 7.705132e-01 3.152187e-16
    outer loop
      vertex   3.354486e+01 -3.414644e+01 2.260000e+02
      vertex   3.392149e+01 -3.383487e+01 2.230000e+02
      vertex   3.354486e+01 -3.414644e+01 2.230000e+02
    endloop
  endfacet
  facet normal -4.257793e-01 9.048271e-01 1.134613e-15
    outer loop
      vertex   3.354486e+01 -3.414644e+01 2.260000e+02
      vertex   3.354486e+01 -3.414644e+01 2.230000e+02
      vertex   3.310258e+01 -3.435456e+01 2.260000e+02
    endloop
  endfacet
  facet normal -4.257793e-01 9.048271e-01 2.143061e-15
    outer loop
      vertex   3.310258e+01 -3.435456e+01 2.260000e+02
      vertex   3.354486e+01 -3.414644e+01 2.230000e+02
      vertex   3.310258e+01 -3.435456e+01 2.230000e+02
    endloop
  endfacet
  facet normal -1.873813e-01 9.822873e-01 2.326524e-15
    outer loop
      vertex   3.310258e+01 -3.435456e+01 2.260000e+02
      vertex   3.310258e+01 -3.435456e+01 2.230000e+02
      vertex   3.262244e+01 -3.444615e+01 2.260000e+02
    endloop
  endfacet
  facet normal -1.873813e-01 9.822873e-01 0.000000e+00
    outer loop
      vertex   3.262244e+01 -3.444615e+01 2.260000e+02
      vertex   3.310258e+01 -3.435456e+01 2.230000e+02
      vertex   3.262244e+01 -3.444615e+01 2.230000e+02
    endloop
  endfacet
  facet normal 6.279052e-02 9.980267e-01 0.000000e+00
    outer loop
      vertex   3.262244e+01 -3.444615e+01 2.260000e+02
      vertex   3.262244e+01 -3.444615e+01 2.230000e+02
      vertex   3.213461e+01 -3.441546e+01 2.260000e+02
    endloop
  endfacet
  facet normal 6.279052e-02 9.980267e-01 0.000000e+00
    outer loop
      vertex   3.213461e+01 -3.441546e+01 2.260000e+02
      vertex   3.262244e+01 -3.444615e+01 2.230000e+02
      vertex   3.213461e+01 -3.441546e+01 2.230000e+02
    endloop
  endfacet
  facet normal 3.090170e-01 9.510565e-01 0.000000e+00
    outer loop
      vertex   3.213461e+01 -3.441546e+01 2.260000e+02
      vertex   3.213461e+01 -3.441546e+01 2.230000e+02
      vertex   3.166973e+01 -3.426441e+01 2.260000e+02
    endloop
  endfacet
  facet normal 3.090170e-01 9.510565e-01 0.000000e+00
    outer loop
      vertex   3.166973e+01 -3.426441e+01 2.260000e+02
      vertex   3.213461e+01 -3.441546e+01 2.230000e+02
      vertex   3.166973e+01 -3.426441e+01 2.230000e+02
    endloop
  endfacet
  facet normal 5.358268e-01 8.443279e-01 0.000000e+00
    outer loop
      vertex   3.166973e+01 -3.426441e+01 2.260000e+02
      vertex   3.166973e+01 -3.426441e+01 2.230000e+02
      vertex   3.125702e+01 -3.400250e+01 2.260000e+02
    endloop
  endfacet
  facet normal 5.358268e-01 8.443279e-01 -1.999770e-15
    outer loop
      vertex   3.125702e+01 -3.400250e+01 2.260000e+02
      vertex   3.166973e+01 -3.426441e+01 2.230000e+02
      vertex   3.125702e+01 -3.400250e+01 2.230000e+02
    endloop
  endfacet
  facet normal 7.289686e-01 6.845471e-01 -1.621333e-15
    outer loop
      vertex   3.125702e+01 -3.400250e+01 2.260000e+02
      vertex   3.125702e+01 -3.400250e+01 2.230000e+02
      vertex   3.092242e+01 -3.364618e+01 2.260000e+02
    endloop
  endfacet
  facet normal 7.289686e-01 6.845471e-01 8.632723e-16
    outer loop
      vertex   3.092242e+01 -3.364618e+01 2.260000e+02
      vertex   3.125702e+01 -3.400250e+01 2.230000e+02
      vertex   3.092242e+01 -3.364618e+01 2.230000e+02
    endloop
  endfacet
  facet normal 8.763067e-01 4.817537e-01 1.037756e-15
    outer loop
      vertex   3.092242e+01 -3.364618e+01 2.260000e+02
      vertex   3.092242e+01 -3.364618e+01 2.230000e+02
      vertex   3.068694e+01 -3.321784e+01 2.260000e+02
    endloop
  endfacet
  facet normal 8.763067e-01 4.817537e-01 -2.075511e-15
    outer loop
      vertex   3.068694e+01 -3.321784e+01 2.260000e+02
      vertex   3.092242e+01 -3.364618e+01 2.230000e+02
      vertex   3.068694e+01 -3.321784e+01 2.230000e+02
    endloop
  endfacet
  facet normal 9.685832e-01 2.486899e-01 -2.294066e-15
    outer loop
      vertex   3.068694e+01 -3.321784e+01 2.260000e+02
      vertex   3.068694e+01 -3.321784e+01 2.230000e+02
      vertex   3.056538e+01 -3.274440e+01 2.260000e+02
    endloop
  endfacet
  facet normal 9.685832e-01 2.486899e-01 0.000000e+00
    outer loop
      vertex   3.056538e+01 -3.274440e+01 2.260000e+02
      vertex   3.068694e+01 -3.321784e+01 2.230000e+02
      vertex   3.056538e+01 -3.274440e+01 2.230000e+02
    endloop
  endfacet
  facet normal 1.000000e+00 -0.000000e+00 0.000000e+00
    outer loop
      vertex   3.056538e+01 -3.274440e+01 2.260000e+02
      vertex   3.056538e+01 -3.274440e+01 2.230000e+02
      vertex   3.056538e+01 -3.225560e+01 2.260000e+02
    endloop
  endfacet
  facet normal 1.000000e+00 0.000000e+00 0.000000e+00
    outer loop
      vertex   3.056538e+01 -3.225560e+01 2.260000e+02
      vertex   3.056538e+01 -3.274440e+01 2.230000e+02
      vertex   3.056538e+01 -3.225560e+01 2.230000e+02
    endloop
  endfacet
  facet normal 9.685832e-01 -2.486899e-01 0.000000e+00
    outer loop
      vertex   3.056538e+01 -3.225560e+01 2.260000e+02
      vertex   3.056538e+01 -3.225560e+01 2.230000e+02
      vertex   3.068694e+01 -3.178216e+01 2.260000e+02
    endloop
  endfacet
  facet normal 9.685832e-01 -2.486899e-01 1.999558e-15
    outer loop
      vertex   3.068694e+01 -3.178216e+01 2.260000e+02
      vertex   3.056538e+01 -3.225560e+01 2.230000e+02
      vertex   3.068694e+01 -3.178216e+01 2.230000e+02
    endloop
  endfacet
  facet normal 8.763067e-01 -4.817537e-01 1.505000e-15
    outer loop
      vertex   3.068694e+01 -3.178216e+01 2.260000e+02
      vertex   3.068694e+01 -3.178216e+01 2.230000e+02
      vertex   3.092242e+01 -3.135382e+01 2.260000e+02
    endloop
  endfacet
  facet normal 8.763067e-01 -4.817537e-01 -1.037756e-15
    outer loop
      vertex   3.092242e+01 -3.135382e+01 2.260000e+02
      vertex   3.068694e+01 -3.178216e+01 2.230000e+02
      vertex   3.092242e+01 -3.135382e+01 2.230000e+02
    endloop
  endfacet
  facet normal 7.289686e-01 -6.845471e-01 -8.632723e-16
    outer loop
      vertex   3.092242e+01 -3.135382e+01 2.260000e+02
      vertex   3.092242e+01 -3.135382e+01 2.230000e+02
      vertex   3.125702e+01 -3.099750e+01 2.260000e+02
    endloop
  endfacet
  facet normal 7.289686e-01 -6.845471e-01 1.621333e-15
    outer loop
      vertex   3.125702e+01 -3.099750e+01 2.260000e+02
      vertex   3.092242e+01 -3.135382e+01 2.230000e+02
      vertex   3.125702e+01 -3.099750e+01 2.230000e+02
    endloop
  endfacet
  facet normal 5.358268e-01 -8.443279e-01 1.999770e-15
    outer loop
      vertex   3.125702e+01 -3.099750e+01 2.260000e+02
      vertex   3.125702e+01 -3.099750e+01 2.230000e+02
      vertex   3.166973e+01 -3.073559e+01 2.260000e+02
    endloop
  endfacet
  facet normal 5.358268e-01 -8.443279e-01 0.000000e+00
    outer loop
      vertex   3.166973e+01 -3.073559e+01 2.260000e+02
      vertex   3.125702e+01 -3.099750e+01 2.230000e+02
      vertex   3.166973e+01 -3.073559e+01 2.230000e+02
    endloop
  endfacet
  facet normal 3.090170e-01 -9.510565e-01 0.000000e+00
    outer loop
      vertex   3.166973e+01 -3.073559e+01 2.260000e+02
      vertex   3.166973e+01 -3.073559e+01 2.230000e+02
      vertex   3.213461e+01 -3.058454e+01 2.260000e+02
    endloop
  endfacet
  facet normal 3.090170e-01 -9.510565e-01 0.000000e+00
    outer loop
      vertex   3.213461e+01 -3.058454e+01 2.260000e+02
      vertex   3.166973e+01 -3.073559e+01 2.230000e+02
      vertex   3.213461e+01 -3.058454e+01 2.230000e+02
    endloop
  endfacet
  facet normal 6.279052e-02 -9.980267e-01 0.000000e+00
    outer loop
      vertex   3.213461e+01 -3.058454e+01 2.260000e+02
      vertex   3.213461e+01 -3.058454e+01 2.230000e+02
      vertex   3.262244e+01 -3.055385e+01 2.260000e+02
    endloop
  endfacet
  facet normal 6.279052e-02 -9.980267e-01 0.000000e+00
    outer loop
      vertex   3.262244e+01 -3.055385e+01 2.260000e+02
      vertex   3.213461e+01 -3.058454e+01 2.230000e+02
      vertex   3.262244e+01 -3.055385e+01 2.230000e+02
    endloop
  endfacet
  facet normal -1.873813e-01 -9.822873e-01 -0.000000e+00
    outer loop
      vertex   3.262244e+01 -3.055385e+01 2.260000e+02
      vertex   3.262244e+01 -3.055385e+01 2.230000e+02
      vertex   3.310258e+01 -3.064544e+01 2.260000e+02
    endloop
  endfacet
  facet normal -1.873813e-01 -9.822873e-01 -2.326524e-15
    outer loop
      vertex   3.310258e+01 -3.064544e+01 2.260000e+02
      vertex   3.262244e+01 -3.055385e+01 2.230000e+02
      vertex   3.310258e+01 -3.064544e+01 2.230000e+02
    endloop
  endfacet
  facet normal -4.257793e-01 -9.048271e-01 -2.143061e-15
    outer loop
      vertex   3.310258e+01 -3.064544e+01 2.260000e+02
      vertex   3.310258e+01 -3.064544e+01 2.230000e+02
      vertex   3.354486e+01 -3.085356e+01 2.260000e+02
    endloop
  endfacet
  facet normal -4.257793e-01 -9.048271e-01 -6.308254e-17
    outer loop
      vertex   3.354486e+01 -3.085356e+01 2.260000e+02
      vertex   3.310258e+01 -3.064544e+01 2.230000e+02
      vertex   3.354486e+01 -3.085356e+01 2.230000e+02
    endloop
  endfacet
  facet normal -6.374240e-01 -7.705132e-01 5.972523e-16
    outer loop
      vertex   3.354486e+01 -3.085356e+01 2.260000e+02
      vertex   3.354486e+01 -3.085356e+01 2.230000e+02
      vertex   3.392149e+01 -3.116513e+01 2.260000e+02
    endloop
  endfacet
  facet normal -6.374240e-01 -7.705132e-01 9.124710e-16
    outer loop
      vertex   3.392149e+01 -3.116513e+01 2.260000e+02
      vertex   3.354486e+01 -3.085356e+01 2.230000e+02
      vertex   3.392149e+01 -3.116513e+01 2.230000e+02
    endloop
  endfacet
  facet normal -8.090170e-01 -5.877853e-01 6.960776e-16
    outer loop
      vertex   3.392149e+01 -3.116513e+01 2.260000e+02
      vertex   3.392149e+01 -3.116513e+01 2.230000e+02
      vertex   3.420880e+01 -3.156058e+01 2.260000e+02
    endloop
  endfacet
  facet normal -8.090170e-01 -5.877853e-01 2.612215e-15
    outer loop
      vertex   3.420880e+01 -3.156058e+01 2.260000e+02
      vertex   3.392149e+01 -3.116513e+01 2.230000e+02
      vertex   3.420880e+01 -3.156058e+01 2.230000e+02
    endloop
  endfacet
  facet normal -9.297765e-01 -3.681246e-01 2.638100e-15
    outer loop
      vertex   3.420880e+01 -3.156058e+01 2.260000e+02
      vertex   3.420880e+01 -3.156058e+01 2.230000e+02
      vertex   3.438874e+01 -3.201505e+01 2.260000e+02
    endloop
  endfacet
  facet normal -9.297765e-01 -3.681246e-01 -2.202153e-15
    outer loop
      vertex   3.438874e+01 -3.201505e+01 2.260000e+02
      vertex   3.420880e+01 -3.156058e+01 2.230000e+02
      vertex   3.438874e+01 -3.201505e+01 2.230000e+02
    endloop
  endfacet
  facet normal -9.921147e-01 -1.253332e-01 -0.000000e+00
    outer loop
      vertex   -3.061126e+01 -3.201505e+01 2.260000e+02
      vertex   -3.061126e+01 -3.201505e+01 2.230000e+02
      vertex   -3.055000e+01 -3.250000e+01 2.260000e+02
    endloop
  endfacet
  facet normal -9.921147e-01 -1.253332e-01 -0.000000e+00
    outer loop
      vertex   -3.055000e+01 -3.250000e+01 2.260000e+02
      vertex   -3.061126e+01 -3.201505e+01 2.230000e+02
      vertex   -3.055000e+01 -3.250000e+01 2.230000e+02
    endloop
  endfacet
  facet normal -9.921147e-01 1.253332e-01 0.000000e+00
    outer loop
      vertex   -3.055000e+01 -3.250000e+01 2.260000e+02
      vertex   -3.055000e+01 -3.250000e+01 2.230000e+02
      vertex   -3.061126e+01 -3.298495e+01 2.260000e+02
    endloop
  endfacet
  facet normal -9.921147e-01 1.253332e-01 0.000000e+00
    outer loop
      vertex   -3.061126e+01 -3.298495e+01 2.260000e+02
      vertex   -3.055000e+01 -3.250000e+01 2.230000e+02
      vertex   -3.061126e+01 -3.298495e+01 2.230000e+02
    endloop
  endfacet
  facet normal -9.297765e-01 3.681246e-01 0.000000e+00
    outer loop
      vertex   -3.061126e+01 -3.298495e+01 2.260000e+02
      vertex   -3.061126e+01 -3.298495e+01 2.230000e+02
      vertex   -3.079120e+01 -3.343942e+01 2.260000e+02
    endloop
  endfacet
  facet normal -9.297765e-01 3.681246e-01 0.000000e+00
    outer loop
      vertex   -3.079120e+01 -3.343942e+01 2.260000e+02
      vertex   -3.061126e+01 -3.298495e+01 2.230000e+02
      vertex   -3.079120e+01 -3.343942e+01 2.230000e+02
    endloop
  endfacet
  facet normal -8.090170e-01 5.877853e-01 0.000000e+00
    outer loop
      vertex   -3.079120e+01 -3.343942e+01 2.260000e+02
      vertex   -3.079120e+01 -3.343942e+01 2.230000e+02
      vertex   -3.107851e+01 -3.383487e+01 2.260000e+02
    endloop
  endfacet
  facet normal -8.090170e-01 5.877853e-01 9.580686e-16
    outer loop
      vertex   -3.107851e+01 -3.383487e+01 2.260000e+02
      vertex   -3.079120e+01 -3.343942e+01 2.230000e+02
      vertex   -3.107851e+01 -3.383487e+01 2.230000e+02
    endloop
  endfacet
  facet normal -6.374240e-01 7.705132e-01 7.548616e-16
    outer loop
      vertex   -3.107851e+01 -3.383487e+01 2.260000e+02
      vertex   -3.107851e+01 -3.383487e+01 2.230000e+02
      vertex   -3.145514e+01 -3.414644e+01 2.260000e+02
    endloop
  endfacet
  facet normal -6.374240e-01 7.705132e-01 1.824942e-15
    outer loop
      vertex   -3.145514e+01 -3.414644e+01 2.260000e+02
      vertex   -3.107851e+01 -3.383487e+01 2.230000e+02
      vertex   -3.145514e+01 -3.414644e+01 2.230000e+02
    endloop
  endfacet
  facet normal -4.257793e-01 9.048271e-01 2.143061e-15
    outer loop
      vertex   -3.145514e+01 -3.414644e+01 2.260000e+02
      vertex   -3.145514e+01 -3.414644e+01 2.230000e+02
      vertex   -3.189742e+01 -3.435456e+01 2.260000e+02
    endloop
  endfacet
  facet normal -4.257793e-01 9.048271e-01 0.000000e+00
    outer loop
      vertex   -3.189742e+01 -3.435456e+01 2.260000e+02
      vertex   -3.145514e+01 -3.414644e+01 2.230000e+02
      vertex   -3.189742e+01 -3.435456e+01 2.230000e+02
    endloop
  endfacet
  facet normal -1.873813e-01 9.822873e-01 0.000000e+00
    outer loop
      vertex   -3.189742e+01 -3.435456e+01 2.260000e+02
      vertex   -3.189742e+01 -3.435456e+01 2.230000e+02
      vertex   -3.237756e+01 -3.444615e+01 2.260000e+02
    endloop
  endfacet
  facet normal -1.873813e-01 9.822873e-01 0.000000e+00
    outer loop
      vertex   -3.237756e+01 -3.444615e+01 2.260000e+02
      vertex   -3.189742e+01 -3.435456e+01 2.230000e+02
      vertex   -3.237756e+01 -3.444615e+01 2.230000e+02
    endloop
  endfacet
  facet normal 6.279052e-02 9.980267e-01 0.000000e+00
    outer loop
      vertex   -3.237756e+01 -3.444615e+01 2.260000e+02
      vertex   -3.237756e+01 -3.444615e+01 2.230000e+02
      vertex   -3.286539e+01 -3.441546e+01 2.260000e+02
    endloop
  endfacet
  facet normal 6.279052e-02 9.980267e-01 0.000000e+00
    outer loop
      vertex   -3.286539e+01 -3.441546e+01 2.260000e+02
      vertex   -3.237756e+01 -3.444615e+01 2.230000e+02
      vertex   -3.286539e+01 -3.441546e+01 2.230000e+02
    endloop
  endfacet
  facet normal 3.090170e-01 9.510565e-01 0.000000e+00
    outer loop
      vertex   -3.286539e+01 -3.441546e+01 2.260000e+02
      vertex   -3.286539e+01 -3.441546e+01 2.230000e+02
      vertex   -3.333027e+01 -3.426441e+01 2.260000e+02
    endloop
  endfacet
  facet normal 3.090170e-01 9.510565e-01 -2.252554e-15
    outer loop
      vertex   -3.333027e+01 -3.426441e+01 2.260000e+02
      vertex   -3.286539e+01 -3.441546e+01 2.230000e+02
      vertex   -3.333027e+01 -3.426441e+01 2.230000e+02
    endloop
  endfacet
  facet normal 5.358268e-01 8.443279e-01 -1.999770e-15
    outer loop
      vertex   -3.333027e+01 -3.426441e+01 2.260000e+02
      vertex   -3.333027e+01 -3.426441e+01 2.230000e+02
      vertex   -3.374298e+01 -3.400250e+01 2.260000e+02
    endloop
  endfacet
  facet normal 5.358268e-01 8.443279e-01 0.000000e+00
    outer loop
      vertex   -3.374298e+01 -3.400250e+01 2.260000e+02
      vertex   -3.333027e+01 -3.426441e+01 2.230000e+02
      vertex   -3.374298e+01 -3.400250e+01 2.230000e+02
    endloop
  endfacet
  facet normal 7.289686e-01 6.845471e-01 0.000000e+00
    outer loop
      vertex   -3.374298e+01 -3.400250e+01 2.260000e+02
      vertex   -3.374298e+01 -3.400250e+01 2.230000e+02
      vertex   -3.407758e+01 -3.364618e+01 2.260000e+02
    endloop
  endfacet
  facet normal 7.289686e-01 6.845471e-01 0.000000e+00
    outer loop
      vertex   -3.407758e+01 -3.364618e+01 2.260000e+02
      vertex   -3.374298e+01 -3.400250e+01 2.230000e+02
      vertex   -3.407758e+01 -3.364618e+01 2.230000e+02
    endloop
  endfacet
  facet normal 8.763067e-01 4.817537e-01 0.000000e+00
    outer loop
      vertex   -3.407758e+01 -3.364618e+01 2.260000e+02
      vertex   -3.407758e+01 -3.364618e+01 2.230000e+02
      vertex   -3.431306e+01 -3.321784e+01 2.260000e+02
    endloop
  endfacet
  facet normal 8.763067e-01 4.817537e-01 -2.075511e-15
    outer loop
      vertex   -3.431306e+01 -3.321784e+01 2.260000e+02
      vertex   -3.407758e+01 -3.364618e+01 2.230000e+02
      vertex   -3.431306e+01 -3.321784e+01 2.230000e+02
    endloop
  endfacet
  facet normal 9.685832e-01 2.486899e-01 -2.294066e-15
    outer loop
      vertex   -3.431306e+01 -3.321784e+01 2.260000e+02
      vertex   -3.431306e+01 -3.321784e+01 2.230000e+02
      vertex   -3.443462e+01 -3.274440e+01 2.260000e+02
    endloop
  endfacet
  facet normal 9.685832e-01 2.486899e-01 0.000000e+00
    outer loop
      vertex   -3.443462e+01 -3.274440e+01 2.260000e+02
      vertex   -3.431306e+01 -3.321784e+01 2.230000e+02
      vertex   -3.443462e+01 -3.274440e+01 2.230000e+02
    endloop
  endfacet
  facet normal 1.000000e+00 -0.000000e+00 0.000000e+00
    outer loop
      vertex   -3.443462e+01 -3.274440e+01 2.260000e+02
      vertex   -3.443462e+01 -3.274440e+01 2.230000e+02
      vertex   -3.443462e+01 -3.225560e+01 2.260000e+02
    endloop
  endfacet
  facet normal 1.000000e+00 0.000000e+00 0.000000e+00
    outer loop
      vertex   -3.443462e+01 -3.225560e+01 2.260000e+02
      vertex   -3.443462e+01 -3.274440e+01 2.230000e+02
      vertex   -3.443462e+01 -3.225560e+01 2.230000e+02
    endloop
  endfacet
  facet normal 9.685832e-01 -2.486899e-01 0.000000e+00
    outer loop
      vertex   -3.443462e+01 -3.225560e+01 2.260000e+02
      vertex   -3.443462e+01 -3.225560e+01 2.230000e+02
      vertex   -3.431306e+01 -3.178216e+01 2.260000e+02
    endloop
  endfacet
  facet normal 9.685832e-01 -2.486899e-01 2.294066e-15
    outer loop
      vertex   -3.431306e+01 -3.178216e+01 2.260000e+02
      vertex   -3.443462e+01 -3.225560e+01 2.230000e+02
      vertex   -3.431306e+01 -3.178216e+01 2.230000e+02
    endloop
  endfacet
  facet normal 8.763067e-01 -4.817537e-01 2.075511e-15
    outer loop
      vertex   -3.431306e+01 -3.178216e+01 2.260000e+02
      vertex   -3.431306e+01 -3.178216e+01 2.230000e+02
      vertex   -3.407758e+01 -3.135382e+01 2.260000e+02
    endloop
  endfacet
  facet normal 8.763067e-01 -4.817537e-01 0.000000e+00
    outer loop
      vertex   -3.407758e+01 -3.135382e+01 2.260000e+02
      vertex   -3.431306e+01 -3.178216e+01 2.230000e+02
      vertex   -3.407758e+01 -3.135382e+01 2.230000e+02
    endloop
  endfacet
  facet normal 7.289686e-01 -6.845471e-01 0.000000e+00
    outer loop
      vertex   -3.407758e+01 -3.135382e+01 2.260000e+02
      vertex   -3.407758e+01 -3.135382e+01 2.230000e+02
      vertex   -3.374298e+01 -3.099750e+01 2.260000e+02
    endloop
  endfacet
  facet normal 7.289686e-01 -6.845471e-01 0.000000e+00
    outer loop
      vertex   -3.374298e+01 -3.099750e+01 2.260000e+02
      vertex   -3.407758e+01 -3.135382e+01 2.230000e+02
      vertex   -3.374298e+01 -3.099750e+01 2.230000e+02
    endloop
  endfacet
  facet normal 5.358268e-01 -8.443279e-01 0.000000e+00
    outer loop
      vertex   -3.374298e+01 -3.099750e+01 2.260000e+02
      vertex   -3.374298e+01 -3.099750e+01 2.230000e+02
      vertex   -3.333027e+01 -3.073559e+01 2.260000e+02
    endloop
  endfacet
  facet normal 5.358268e-01 -8.443279e-01 1.999770e-15
    outer loop
      vertex   -3.333027e+01 -3.073559e+01 2.260000e+02
      vertex   -3.374298e+01 -3.099750e+01 2.230000e+02
      vertex   -3.333027e+01 -3.073559e+01 2.230000e+02
    endloop
  endfacet
  facet normal 3.090170e-01 -9.510565e-01 2.252554e-15
    outer loop
      vertex   -3.333027e+01 -3.073559e+01 2.260000e+02
      vertex   -3.333027e+01 -3.073559e+01 2.230000e+02
      vertex   -3.286539e+01 -3.058454e+01 2.260000e+02
    endloop
  endfacet
  facet normal 3.090170e-01 -9.510565e-01 0.000000e+00
    outer loop
      vertex   -3.286539e+01 -3.058454e+01 2.260000e+02
      vertex   -3.333027e+01 -3.073559e+01 2.230000e+02
      vertex   -3.286539e+01 -3.058454e+01 2.230000e+02
    endloop
  endfacet
  facet normal 6.279052e-02 -9.980267e-01 0.000000e+00
    outer loop
      vertex   -3.286539e+01 -3.058454e+01 2.260000e+02
      vertex   -3.286539e+01 -3.058454e+01 2.230000e+02
      vertex   -3.237756e+01 -3.055385e+01 2.260000e+02
    endloop
  endfacet
  facet normal 6.279052e-02 -9.980267e-01 0.000000e+00
    outer loop
      vertex   -3.237756e+01 -3.055385e+01 2.260000e+02
      vertex   -3.286539e+01 -3.058454e+01 2.230000e+02
      vertex   -3.237756e+01 -3.055385e+01 2.230000e+02
    endloop
  endfacet
  facet normal -1.873813e-01 -9.822873e-01 -0.000000e+00
    outer loop
      vertex   -3.237756e+01 -3.055385e+01 2.260000e+02
      vertex   -3.237756e+01 -3.055385e+01 2.230000e+02
      vertex   -3.189742e+01 -3.064544e+01 2.260000e+02
    endloop
  endfacet
  facet normal -1.873813e-01 -9.822873e-01 -0.000000e+00
    outer loop
      vertex   -3.189742e+01 -3.064544e+01 2.260000e+02
      vertex   -3.237756e+01 -3.055385e+01 2.230000e+02
      vertex   -3.189742e+01 -3.064544e+01 2.230000e+02
    endloop
  endfacet
  facet normal -4.257793e-01 -9.048271e-01 -0.000000e+00
    outer loop
      vertex   -3.189742e+01 -3.064544e+01 2.260000e+02
      vertex   -3.189742e+01 -3.064544e+01 2.230000e+02
      vertex   -3.145514e+01 -3.085356e+01 2.260000e+02
    endloop
  endfacet
  facet normal -4.257793e-01 -9.048271e-01 -1.071530e-15
    outer loop
      vertex   -3.145514e+01 -3.085356e+01 2.260000e+02
      vertex   -3.189742e+01 -3.064544e+01 2.230000e+02
      vertex   -3.145514e+01 -3.085356e+01 2.230000e+02
    endloop
  endfacet
  facet normal -6.374240e-01 -7.705132e-01 -9.124710e-16
    outer loop
      vertex   -3.145514e+01 -3.085356e+01 2.260000e+02
      vertex   -3.145514e+01 -3.085356e+01 2.230000e+02
      vertex   -3.107851e+01 -3.116513e+01 2.260000e+02
    endloop
  endfacet
  facet normal -6.374240e-01 -7.705132e-01 -1.667333e-15
    outer loop
      vertex   -3.107851e+01 -3.116513e+01 2.260000e+02
      vertex   -3.145514e+01 -3.085356e+01 2.230000e+02
      vertex   -3.107851e+01 -3.116513e+01 2.230000e+02
    endloop
  endfacet
  facet normal -8.090170e-01 -5.877853e-01 -1.654146e-15
    outer loop
      vertex   -3.107851e+01 -3.116513e+01 2.260000e+02
      vertex   -3.107851e+01 -3.116513e+01 2.230000e+02
      vertex   -3.079120e+01 -3.156058e+01 2.260000e+02
    endloop
  endfacet
  facet normal -8.090170e-01 -5.877853e-01 -0.000000e+00
    outer loop
      vertex   -3.079120e+01 -3.156058e+01 2.260000e+02
      vertex   -3.107851e+01 -3.116513e+01 2.230000e+02
      vertex   -3.079120e+01 -3.156058e+01 2.230000e+02
    endloop
  endfacet
  facet normal -9.297765e-01 -3.681246e-01 -0.000000e+00
    outer loop
      vertex   -3.079120e+01 -3.156058e+01 2.260000e+02
      vertex   -3.079120e+01 -3.156058e+01 2.230000e+02
      vertex   -3.061126e+01 -3.201505e+01 2.260000e+02
    endloop
  endfacet
  facet normal -9.297765e-01 -3.681246e-01 -0.000000e+00
    outer loop
      vertex   -3.061126e+01 -3.201505e+01 2.260000e+02
      vertex   -3.079120e+01 -3.156058e+01 2.230000e+02
      vertex   -3.061126e+01 -3.201505e+01 2.230000e+02
    endloop
  endfacet
  facet normal -9.961947e-01 -8.715574e-02 -0.000000e+00
    outer loop
      vertex   -3.650000e+01 -3.250000e+01 2.260000e+02
      vertex   -3.650000e+01 -3.250000e+01 2.230000e+02
      vertex   -3.643923e+01 -3.319459e+01 2.260000e+02
    endloop
  endfacet
  facet normal -9.961947e-01 -8.715574e-02 2.565889e-15
    outer loop
      vertex   -3.643923e+01 -3.319459e+01 2.260000e+02
      vertex   -3.650000e+01 -3.250000e+01 2.230000e+02
      vertex   -3.643923e+01 -3.319459e+01 2.230000e+02
    endloop
  endfacet
  facet normal -9.659258e-01 -2.588190e-01 2.900779e-15
    outer loop
      vertex   -3.643923e+01 -3.319459e+01 2.260000e+02
      vertex   -3.643923e+01 -3.319459e+01 2.230000e+02
      vertex   -3.625877e+01 -3.386808e+01 2.260000e+02
    endloop
  endfacet
  facet normal -9.659258e-01 -2.588190e-01 5.188551e-15
    outer loop
      vertex   -3.625877e+01 -3.386808e+01 2.260000e+02
      vertex   -3.643923e+01 -3.319459e+01 2.230000e+02
      vertex   -3.625877e+01 -3.386808e+01 2.230000e+02
    endloop
  endfacet
  facet normal -9.063078e-01 -4.226183e-01 5.294097e-15
    outer loop
      vertex   -3.625877e+01 -3.386808e+01 2.260000e+02
      vertex   -3.625877e+01 -3.386808e+01 2.230000e+02
      vertex   -3.596410e+01 -3.450000e+01 2.260000e+02
    endloop
  endfacet
  facet normal -9.063078e-01 -4.226183e-01 3.147529e-15
    outer loop
      vertex   -3.596410e+01 -3.450000e+01 2.260000e+02
      vertex   -3.625877e+01 -3.386808e+01 2.230000e+02
      vertex   -3.596410e+01 -3.450000e+01 2.230000e+02
    endloop
  endfacet
  facet normal -8.191520e-01 -5.735764e-01 3.298644e-15
    outer loop
      vertex   -3.596410e+01 -3.450000e+01 2.260000e+02
      vertex   -3.596410e+01 -3.450000e+01 2.230000e+02
      vertex   -3.556418e+01 -3.507115e+01 2.260000e+02
    endloop
  endfacet
  facet normal -8.191520e-01 -5.735764e-01 3.298644e-15
    outer loop
      vertex   -3.556418e+01 -3.507115e+01 2.260000e+02
      vertex   -3.596410e+01 -3.450000e+01 2.230000e+02
      vertex   -3.556418e+01 -3.507115e+01 2.230000e+02
    endloop
  endfacet
  facet normal -7.071068e-01 -7.071068e-01 3.349531e-15
    outer loop
      vertex   -3.556418e+01 -3.507115e+01 2.260000e+02
      vertex   -3.556418e+01 -3.507115e+01 2.230000e+02
      vertex   -3.507115e+01 -3.556418e+01 2.260000e+02
    endloop
  endfacet
  facet normal -7.071068e-01 -7.071068e-01 6.699061e-15
    outer loop
      vertex   -3.507115e+01 -3.556418e+01 2.260000e+02
      vertex   -3.556418e+01 -3.507115e+01 2.230000e+02
      vertex   -3.507115e+01 -3.556418e+01 2.230000e+02
    endloop
  endfacet
  facet normal -5.735764e-01 -8.191520e-01 6.597287e-15
    outer loop
      vertex   -3.507115e+01 -3.556418e+01 2.260000e+02
      vertex   -3.507115e+01 -3.556418e+01 2.230000e+02
      vertex   -3.450000e+01 -3.596410e+01 2.260000e+02
    endloop
  endfacet
  facet normal -5.735764e-01 -8.191520e-01 4.657146e-15
    outer loop
      vertex   -3.450000e+01 -3.596410e+01 2.260000e+02
      vertex   -3.507115e+01 -3.556418e+01 2.230000e+02
      vertex   -3.450000e+01 -3.596410e+01 2.230000e+02
    endloop
  endfacet
  facet normal -4.226183e-01 -9.063078e-01 4.148490e-15
    outer loop
      vertex   -3.450000e+01 -3.596410e+01 2.260000e+02
      vertex   -3.450000e+01 -3.596410e+01 2.230000e+02
      vertex   -3.386808e+01 -3.625877e+01 2.260000e+02
    endloop
  endfacet
  facet normal -4.226183e-01 -9.063078e-01 3.147529e-15
    outer loop
      vertex   -3.386808e+01 -3.625877e+01 2.260000e+02
      vertex   -3.450000e+01 -3.596410e+01 2.230000e+02
      vertex   -3.386808e+01 -3.625877e+01 2.230000e+02
    endloop
  endfacet
  facet normal -2.588190e-01 -9.659258e-01 2.900779e-15
    outer loop
      vertex   -3.386808e+01 -3.625877e+01 2.260000e+02
      vertex   -3.386808e+01 -3.625877e+01 2.230000e+02
      vertex   -3.319459e+01 -3.643923e+01 2.260000e+02
    endloop
  endfacet
  facet normal -2.588190e-01 -9.659258e-01 2.900779e-15
    outer loop
      vertex   -3.319459e+01 -3.643923e+01 2.260000e+02
      vertex   -3.386808e+01 -3.625877e+01 2.230000e+02
      vertex   -3.319459e+01 -3.643923e+01 2.230000e+02
    endloop
  endfacet
  facet normal -8.715574e-02 -9.961947e-01 2.565889e-15
    outer loop
      vertex   -3.319459e+01 -3.643923e+01 2.260000e+02
      vertex   -3.319459e+01 -3.643923e+01 2.230000e+02
      vertex   -3.250000e+01 -3.650000e+01 2.260000e+02
    endloop
  endfacet
  facet normal -8.715574e-02 -9.961947e-01 -0.000000e+00
    outer loop
      vertex   -3.250000e+01 -3.650000e+01 2.260000e+02
      vertex   -3.319459e+01 -3.643923e+01 2.230000e+02
      vertex   -3.250000e+01 -3.650000e+01 2.230000e+02
    endloop
  endfacet
  facet normal 8.715574e-02 -9.961947e-01 0.000000e+00
    outer loop
      vertex   3.250000e+01 -3.650000e+01 2.260000e+02
      vertex   3.250000e+01 -3.650000e+01 2.230000e+02
      vertex   3.319459e+01 -3.643923e+01 2.260000e+02
    endloop
  endfacet
  facet normal 8.715574e-02 -9.961947e-01 0.000000e+00
    outer loop
      vertex   3.319459e+01 -3.643923e+01 2.260000e+02
      vertex   3.250000e+01 -3.650000e+01 2.230000e+02
      vertex   3.319459e+01 -3.643923e+01 2.230000e+02
    endloop
  endfacet
  facet normal 2.588191e-01 -9.659258e-01 0.000000e+00
    outer loop
      vertex   3.319459e+01 -3.643923e+01 2.260000e+02
      vertex   3.319459e+01 -3.643923e+01 2.230000e+02
      vertex   3.386808e+01 -3.625877e+01 2.260000e+02
    endloop
  endfacet
  facet normal 2.588191e-01 -9.659258e-01 0.000000e+00
    outer loop
      vertex   3.386808e+01 -3.625877e+01 2.260000e+02
      vertex   3.319459e+01 -3.643923e+01 2.230000e+02
      vertex   3.386808e+01 -3.625877e+01 2.230000e+02
    endloop
  endfacet
  facet normal 4.226183e-01 -9.063078e-01 0.000000e+00
    outer loop
      vertex   3.386808e+01 -3.625877e+01 2.260000e+02
      vertex   3.386808e+01 -3.625877e+01 2.230000e+02
      vertex   3.450000e+01 -3.596410e+01 2.260000e+02
    endloop
  endfacet
  facet normal 4.226183e-01 -9.063078e-01 0.000000e+00
    outer loop
      vertex   3.450000e+01 -3.596410e+01 2.260000e+02
      vertex   3.386808e+01 -3.625877e+01 2.230000e+02
      vertex   3.450000e+01 -3.596410e+01 2.230000e+02
    endloop
  endfacet
  facet normal 5.735764e-01 -8.191520e-01 0.000000e+00
    outer loop
      vertex   3.450000e+01 -3.596410e+01 2.260000e+02
      vertex   3.450000e+01 -3.596410e+01 2.230000e+02
      vertex   3.507115e+01 -3.556418e+01 2.260000e+02
    endloop
  endfacet
  facet normal 5.735764e-01 -8.191520e-01 1.358502e-15
    outer loop
      vertex   3.507115e+01 -3.556418e+01 2.260000e+02
      vertex   3.450000e+01 -3.596410e+01 2.230000e+02
      vertex   3.507115e+01 -3.556418e+01 2.230000e+02
    endloop
  endfacet
  facet normal 7.071068e-01 -7.071068e-01 1.674765e-15
    outer loop
      vertex   3.507115e+01 -3.556418e+01 2.260000e+02
      vertex   3.507115e+01 -3.556418e+01 2.230000e+02
      vertex   3.556418e+01 -3.507115e+01 2.260000e+02
    endloop
  endfacet
  facet normal 7.071068e-01 -7.071068e-01 -1.674765e-15
    outer loop
      vertex   3.556418e+01 -3.507115e+01 2.260000e+02
      vertex   3.507115e+01 -3.556418e+01 2.230000e+02
      vertex   3.556418e+01 -3.507115e+01 2.230000e+02
    endloop
  endfacet
  facet normal 8.191521e-01 -5.735764e-01 -1.358502e-15
    outer loop
      vertex   3.556418e+01 -3.507115e+01 2.260000e+02
      vertex   3.556418e+01 -3.507115e+01 2.230000e+02
      vertex   3.596410e+01 -3.450000e+01 2.260000e+02
    endloop
  endfacet
  facet normal 8.191521e-01 -5.735764e-01 0.000000e+00
    outer loop
      vertex   3.596410e+01 -3.450000e+01 2.260000e+02
      vertex   3.556418e+01 -3.507115e+01 2.230000e+02
      vertex   3.596410e+01 -3.450000e+01 2.230000e+02
    endloop
  endfacet
  facet normal 9.063078e-01 -4.226182e-01 0.000000e+00
    outer loop
      vertex   3.596410e+01 -3.450000e+01 2.260000e+02
      vertex   3.596410e+01 -3.450000e+01 2.230000e+02
      vertex   3.625877e+01 -3.386808e+01 2.260000e+02
    endloop
  endfacet
  facet normal 9.063078e-01 -4.226182e-01 0.000000e+00
    outer loop
      vertex   3.625877e+01 -3.386808e+01 2.260000e+02
      vertex   3.596410e+01 -3.450000e+01 2.230000e+02
      vertex   3.625877e+01 -3.386808e+01 2.230000e+02
    endloop
  endfacet
  facet normal 9.659258e-01 -2.588190e-01 0.000000e+00
    outer loop
      vertex   3.625877e+01 -3.386808e+01 2.260000e+02
      vertex   3.625877e+01 -3.386808e+01 2.230000e+02
      vertex   3.643923e+01 -3.319459e+01 2.260000e+02
    endloop
  endfacet
  facet normal 9.659258e-01 -2.588190e-01 -2.287772e-15
    outer loop
      vertex   3.643923e+01 -3.319459e+01 2.260000e+02
      vertex   3.625877e+01 -3.386808e+01 2.230000e+02
      vertex   3.643923e+01 -3.319459e+01 2.230000e+02
    endloop
  endfacet
  facet normal 9.961947e-01 -8.715571e-02 -2.359463e-15
    outer loop
      vertex   3.643923e+01 -3.319459e+01 2.260000e+02
      vertex   3.643923e+01 -3.319459e+01 2.230000e+02
      vertex   3.650000e+01 -3.250000e+01 2.260000e+02
    endloop
  endfacet
  facet normal 9.961947e-01 -8.715571e-02 0.000000e+00
    outer loop
      vertex   3.650000e+01 -3.250000e+01 2.260000e+02
      vertex   3.643923e+01 -3.319459e+01 2.230000e+02
      vertex   3.650000e+01 -3.250000e+01 2.230000e+02
    endloop
  endfacet
endsolid
